id,source,url,title,price,currency,listing_type,property_type,bedrooms,bathrooms,area_sqft,area,city,region,address,latitude,longitude,posted_date,description
pf-dubai-0,propertyfinder,https://www.propertyfinder.ae/en/plp/rent/apartment-for-rent-dubai-sheikh-zayed-road-city-towers-city-tower-1-116358206.html,Spacious unit | Prime Location | Nearby metro,170000,AED,rent,apartment,1,2,1173,Sheikh Zayed Road,dubai,Dubai,"Dubai, Sheikh Zayed Road, City Towers",25.219093322753906,55.27922439575195,2026-07-15T08:14:33Z,"betterhomes, in partnership with H&H, proudly presents this exclusive, unfurnished brand 1 bedroom in City Tower, a landmark residential address on Sheikh Zayed Road, directly opposite DIFC & the Museum of the Future.

Designed for modern urban living, this premium residence combines elegant interiors, breathtaking city views, & exceptional lifestyle amenities in one of Dubai’s most connected loca"
pf-dubai-1,propertyfinder,https://www.propertyfinder.ae/en/plp/rent/apartment-for-rent-dubai-sheikh-zayed-road-city-towers-city-tower-1-116355986.html,Skyline view | 2 months free | Luxury living,230000,AED,rent,apartment,2,4,1700,Sheikh Zayed Road,dubai,Dubai,"Dubai, Sheikh Zayed Road, City Towers",25.219093322753906,55.27922439575195,2026-07-15T07:34:10Z,"betterhomes, in partnership with H&H, proudly presents this exclusive, unfurnished brand-new 2-bedroom in City Tower, a landmark residential address on Sheikh Zayed Road, directly opposite DIFC and the Museum of the Future.

Designed for modern urban living, this premium residence combines elegant interiors, breathtaking city views, and exceptional lifestyle amenities.

Property Details:
• BUA: 1,"
pf-dubai-2,propertyfinder,https://www.propertyfinder.ae/en/plp/rent/apartment-for-rent-dubai-al-furjan-pg-one-117709762.html,Premium 2BR | Open Views | Modern Design,104999,AED,rent,apartment,2,3,984,Al Furjan,dubai,Dubai,"Dubai, Al Furjan",25.034671783447266,55.14276123046875,2026-07-18T11:40:05Z,"UNION SQUARE HOUSE REAL ESTATE BROKERS is proud to present this 2-bedroom apartment for rent in PG One, Al Furjan. Offering a spacious layout and modern finishes, this home is ideally located close to the metro and everyday conveniences.

Property Features:
2 Bedrooms
3 Bathrooms
Spacious living and dining area
Modern open-plan kitchen
Built-in wardrobes
Private balcony
High-quality finishes
Cover"
pf-dubai-3,propertyfinder,https://www.propertyfinder.ae/en/plp/rent/apartment-for-rent-dubai-motor-city-rabdan-building-116354374.html,SPACIOUS UNIT | OPEN VIEW | VACANT NOW,92000,AED,rent,apartment,2,3,1180,Motor City,dubai,Dubai,"Dubai, Motor City",25.044570922851562,55.2280158996582,2026-07-15T06:35:11Z,"Apartment for rent in Rabdan Building, Motor City

92,000 AED 1 CHEQUE
95,000 AED 2-3 CHEQUES

Mountain Gate Realty is proud to present this spacious 2-bedroom apartment in Rabdan, Motor City.

Located in one of Dubai’s most established and family-friendly communities, this beautifully maintained residence offers generous living spaces, abundant natural light, and a comfortable lifestyle in a peac"
pf-dubai-4,propertyfinder,https://www.propertyfinder.ae/en/plp/rent/apartment-for-rent-dubai-dubai-marina-continental-tower-115941152.html,FULL MARINA VIEW - FURNISHED -WITH MAID ROOM,120000,AED,rent,apartment,2,4,1227,Dubai Marina,dubai,Dubai,"Dubai, Dubai Marina",25.080215454101562,55.13917922973633,2026-07-14T15:16:00Z,"WE AL BISHRI REAL ESTATE THE PREMIUM AGENTS FOR CONTINENTAL TOWER
We Pleased to Present This Beautiful 2 Bedrooms for RENT


- VACANT 
- furnished
- maids room
- 2BR + 4 bathrooms
- kitchen upgraded with high-end finishing and tiles
- Building is in Front Row of Dubai Marina
- Full Marina VIEW
- Short Walk to The Beach and JBR Walk
- Fully Fitted Kitchen
- High Quality of Finishes and Fittings
- B"
pf-dubai-5,propertyfinder,https://www.propertyfinder.ae/en/plp/rent/apartment-for-rent-dubai-al-furjan-pg-one-112284071.html,Brand New Apartment | Near Metro | Prime Location,94999,AED,rent,apartment,2,3,922,Al Furjan,dubai,Dubai,"Dubai, Al Furjan",25.034671783447266,55.14276123046875,2026-07-06T08:23:55Z,"Enjoy comfortable modern living in this brand-new apartment at PG One, Al Furjan. Ideally located near the metro station, it offers stylish interiors, a functional layout, and excellent connectivity, making it an ideal home for professionals, couples, and small families.

Property Features:
Brand-New Apartment
Spacious & Bright Layout
Modern Fitted Kitchen
Built-in Wardrobes
High-Quality Finishes
"
pf-dubai-6,propertyfinder,https://www.propertyfinder.ae/en/plp/rent/apartment-for-rent-dubai-dubai-marina-continental-tower-114597625.html,THE PRERFECT LAYOUT - FULL MARINA VIEW - FURNISHED,140000,AED,rent,apartment,2,4,1292,Dubai Marina,dubai,Dubai,"Dubai, Dubai Marina",25.080215454101562,55.13917922973633,2026-07-11T08:02:16Z,"WE AL BISHRI REAL ESTATE THE PREMIUM AGENTS FOR CONTINENTAL TOWER
We Pleased to Present This Beautiful 2 Bedrooms for rent


RENT: AED 140,000/-
REFUNDABLE DEPOSIT: AED 5,900/-
REFUNDABLE DEWA DEPOSIT: 2,120/-
EJARI: AED 219/-

- VACANT
- furnished
- maids room
- 2BR + 4 bathrooms
- kitchen upgraded with high-end finishing and tiles
- Building is in Front Row of Dubai Marina
- Full Marina VIEW
- S"
pf-dubai-7,propertyfinder,https://www.propertyfinder.ae/en/plp/rent/apartment-for-rent-dubai-dubai-science-park-marriott-executive-apartments-118579341.html,2 Months Free | Burj View | ChillerFree,160000,AED,rent,apartment,2,3,1488,Dubai Science Park,dubai,Dubai,"Dubai, Dubai Science Park",25.08014678955078,55.24605178833008,2026-07-20T09:12:22Z,"The apartment features a spacious open plan living and dining area, ideal for everyday living and entertaining. Both bedrooms are well proportioned with en suite bathrooms, complemented by an additional guest powder room for added convenience. Finished to an ultra premium standard, the apartment showcases elegant materials, contemporary fittings, and a sleek modern aesthetic throughout ready for t"
pf-dubai-8,propertyfinder,https://www.propertyfinder.ae/en/plp/rent/apartment-for-rent-dubai-dubai-science-park-marriott-executive-apartments-118579242.html,"A refined space designed for calm, elegant living",160000,AED,rent,apartment,2,3,1491,Dubai Science Park,dubai,Dubai,"Dubai, Dubai Science Park",25.08014678955078,55.24605178833008,2026-07-20T09:10:33Z,"fam Properties present this spacious 2 Bedroom plus for Rent 
Property Details:
2 Bedroom Apartment
3 Bathrooms
1 Dedicated Parking Space
High quality Finishes
Built in wardrobes
Balcony
Fully equipped kitchen
Central A/C
Floor to ceiling windows
Close to Dubai Metro Station
Easy Access to Dubai International & Al Maktoum International Airports

Features & Amenities:

Shared Spa and Swimming Pool
"
pf-dubai-9,propertyfinder,https://www.propertyfinder.ae/en/plp/rent/apartment-for-rent-dubai-dubai-science-park-marriott-executive-apartments-118579114.html,City & Road Views | UltraPremium Living,120000,AED,rent,apartment,1,2,1151,Dubai Science Park,dubai,Dubai,"Dubai, Dubai Science Park",25.08014678955078,55.24605178833008,2026-07-20T09:09:41Z,"Elevated City Living | Ultra Premium 1 Bedroom

Discover refined urban living in this ultra premium 1 bedroom apartment, ideally located on a mid floor and offering impressive open city and skyline views. Designed for those who appreciate space, light, and quality finishes, this residence delivers a sophisticated lifestyle in a prime setting.

Spanning 1,151.85 sq. ft., the apartment features a br"
pf-dubai-10,propertyfinder,https://www.propertyfinder.ae/en/plp/rent/apartment-for-rent-dubai-dubai-science-park-marriott-executive-apartments-118579007.html,Elevated City Living | UltraPremium,120000,AED,rent,apartment,1,2,1151,Dubai Science Park,dubai,Dubai,"Dubai, Dubai Science Park",25.08014678955078,55.24605178833008,2026-07-20T09:07:57Z,"Discover refined urban living in this ultra premium 1 bedroom apartment, ideally located on a mid floor and offering impressive open city and skyline views. Designed for those who appreciate space, light, and quality finishes, this residence delivers a sophisticated lifestyle in a prime setting.

The spacious bedroom includes a stylish en suite bathroom, while an additional guest bathroom enhances"
pf-dubai-11,propertyfinder,https://www.propertyfinder.ae/en/plp/rent/apartment-for-rent-dubai-dubai-science-park-marriott-executive-apartments-118578951.html,Pool View | Fully Furnished | Stylish 1BR,125000,AED,rent,apartment,1,2,1151,Dubai Science Park,dubai,Dubai,"Dubai, Dubai Science Park",25.08014678955078,55.24605178833008,2026-07-20T09:06:57Z,"Discover a refined living space designed for those who value comfort, functionality, and modern style, perfectly positioned in a highly convenient and well connected location.

Property Details
Spacious 1 Bedroom Apartment
2 Elegant Bathrooms
1 Dedicated Parking Space
Premium Finishes Throughout
Built in Wardrobes for Smart Storage
Private Balcony for Relaxation
Fully Equipped Modern Kitchen
Centr"
pf-dubai-12,propertyfinder,https://www.propertyfinder.ae/en/plp/rent/apartment-for-rent-dubai-dubai-science-park-marriott-executive-apartments-118578895.html,Large Layout | Brand New | Furnished,125000,AED,rent,apartment,1,2,1152,Dubai Science Park,dubai,Dubai,"Dubai, Dubai Science Park",25.08014678955078,55.24605178833008,2026-07-20T09:05:49Z,"Experience contemporary branded living at Marriott Executive Apartments, Al Barsha South, a high quality residential development designed for comfort, space, and long term living. Built to Marriott s international standards, the apartments offer a refined lifestyle in one of Dubai s most accessible residential locations.

Residents enjoy access to premium on site amenities, including a swimming po"
pf-dubai-13,propertyfinder,https://www.propertyfinder.ae/en/plp/rent/apartment-for-rent-dubai-al-furjan-pg-one-107297744.html,Big Layout | Corner Unit | Marina View,79999,AED,rent,apartment,1,1,829,Al Furjan,dubai,Dubai,"Dubai, Al Furjan",25.034671783447266,55.14276123046875,2026-06-25T11:54:50Z,"Union Square House Real Estate Brokers is pleased to present this modern apartment in PG One. Featuring a spacious layout, contemporary finishes, and bright interiors, this home offers comfort and convenience, making it an excellent choice for professionals and families.

Property Features:
Bright and spacious living & dining area
Modern open-plan kitchen
Well-sized bedroom with built-in wardrobes"
pf-dubai-14,propertyfinder,https://www.propertyfinder.ae/en/plp/rent/apartment-for-rent-dubai-downtown-dubai-elite-downtown-residence-elite-downtown-residence-2-118578667.html,12 Cheques | Large Layout | Furnished,209990,AED,rent,apartment,3,3,1860,Downtown Dubai,dubai,Dubai,"Dubai, Downtown Dubai, Elite Downtown Residence",25.185972213745117,55.27748489379883,2026-07-20T09:04:00Z,"Key Features:

-3 Bedrooms
-3 Bathrooms
-1,860 sqft
-Fully furnished
-Modern furniture throughout
-Fully equipped kitchen
-All appliances included
-Well-maintained unit
-Bright layout with efficient use of space

Description:
This beautiful fully furnished 3 bedroom apartment in Elite Residences, Downtown Dubai, offers expansive living space, comfort, and convenience in a prime location. Spanning "
pf-dubai-15,propertyfinder,https://www.propertyfinder.ae/en/plp/rent/apartment-for-rent-dubai-jumeirah-golf-estates-al-andalus-al-andalus-tower-b-119042013.html,Upgraded | Fully Furnished | Available Now,130000,AED,rent,apartment,2,3,1371,Jumeirah Golf Estates,dubai,Dubai,"Dubai, Jumeirah Golf Estates, Al Andalus",25.030311584472656,55.20481491088867,2026-07-21T11:45:40Z,"Bright and Spacious 2 Bedroom Apartment in Tower B of Al Andalus Apartments in Jumeirah Golf Estates 

- 2 Bedrooms
- 3 Bathrooms
- Upgraded Flooring
- Upgraded Kitchen 
- Fully Furnished
- 1,371 Sq. Ft. BUA
- Ready To Move In
- Agent: Robert Jenkins 

The apartment is finished to a high standard, with a modern interior, stunning open plan kitchen, two double bedrooms both with en-suite bathrooms,"
pf-dubai-16,propertyfinder,https://www.propertyfinder.ae/en/plp/rent/apartment-for-rent-dubai-discovery-gardens-contemporary-cluster-building-113-88753740.html,Ready to Move In  | Walkable to Metro |  Furnished,135000,AED,rent,apartment,2,3,1397,Discovery Gardens,dubai,Dubai,"Dubai, Discovery Gardens, Contemporary Cluster",25.04147720336914,55.14529800415039,2026-05-13T11:17:30Z,"Arabian Acres Real Estate is proud to offer this 2 Bedroom Apartment for Rent in Discovery Garden, Jabal Ali First. 

Property Highlights:
-Size:  1397 sq ft
-Bedrooms: 2
-Bathrooms: 3

-Developed by Nakheel Properties
-Garden-themed residential clusters
-One of Dubai best places for walking
-A freehold community
-Offers apartments in studio, 1 and 2-bed layouts
-A family-friendly and affordable n"
pf-dubai-17,propertyfinder,https://www.propertyfinder.ae/en/plp/rent/apartment-for-rent-dubai-town-square-zahra-apartments-zahra-apartments-2-zahra-apartments-2a-118604264.html,Well Maintained | 3 Bedroom | Prime Location,125000,AED,rent,apartment,3,3,1419,Town Square,dubai,Dubai,"Dubai, Town Square, Zahra Apartments, Zahra Apartments 2",25.009151458740234,55.2903938293457,2026-07-20T16:40:33Z,"Experience modern community living in this well-maintained 3-bedroom apartment located in Zahra Apartments 2A, Town Square Dubai. Offering a spacious layout, quality finishes, and access to excellent amenities, this home is ideal for professionals and small families.

Property Features:

Multiple Cheques available
3 Bedroom
3 Bathroom
Bright living and dining area
Open-plan kitchen
Built-in wardro"
pf-dubai-18,propertyfinder,https://www.propertyfinder.ae/en/plp/rent/apartment-for-rent-dubai-dubai-creek-harbour-the-lagoons-creek-horizon-creek-horizon-tower-2-118143234.html,High Floor | Downtown Skyline | Prime Location,124990,AED,rent,apartment,2,2,1184,Dubai Creek Harbour (The Lagoons),dubai,Dubai,"Dubai, Dubai Creek Harbour (The Lagoons), Creek Horizon",25.207504272460938,55.344383239746094,2026-07-19T10:46:20Z,"Property Highlights:

- Built-Up Area: 1,184 sq. ft.
- 2 Bedrooms, 2 Bathrooms
- Unfurnished
- Water and Landmark View
- High Floor
- Downtown Skyline View
- 1 Cheque

Community and Lifestyle Amenities:

- Infinity-edge swimming pool
- Children's pool and play area
- Fully equipped gymnasium
- Landscaped podium gardens
- Barbecue area
- Multi-purpose and games room
- Relaxation lounge
- Harbour Lo"
pf-dubai-19,propertyfinder,https://www.propertyfinder.ae/en/plp/rent/apartment-for-rent-dubai-jumeirah-golf-estates-al-andalus-al-andalus-tower-c-117261028.html,Upgraded | Low Floor | Spacious,130000,AED,rent,apartment,2,3,1369,Jumeirah Golf Estates,dubai,Dubai,"Dubai, Jumeirah Golf Estates, Al Andalus",25.030498504638672,55.206485748291016,2026-07-17T10:25:15Z,"Bright and Spacious 2 Bedroom Plus Study Apartment in Tower C of Al Andalus Apartments in Jumeirah Golf Estates

- 2 Bedrooms
- 3 Bathrooms
- Large Balcony
- Great Condition
- Feature Media Walls
- 1,369 Sq. Ft. BUA
- Open View
- Available Now
- Agent: Robert Jenkins

Situated in the luxury development of Jumeirah Golf Estates, this two-bedroom apartment benefits from feature media walls throughou"
pf-dubai-20,propertyfinder,https://www.propertyfinder.ae/en/plp/rent/apartment-for-rent-dubai-dubai-science-park-marriott-executive-apartments-115462656.html,Prime Location | Spacious Home | Bright Layout,160000,AED,rent,apartment,2,3,1492,Dubai Science Park,dubai,Dubai,"Dubai, Dubai Science Park",25.08014678955078,55.24605178833008,2026-07-13T06:23:51Z,"ORLA Properties L.L.C. proudly presents Marriott Executive Residences, a premium branded residential development in Al Barsha South offering fully furnished, ready-to-move-in apartments under the world-renowned Marriott name. Designed for comfort and modern living, the project combines hotel-inspired services with a private residential lifestyle.

Property Features:

* Fully furnished 2-bedroom ap"
pf-dubai-21,propertyfinder,https://www.propertyfinder.ae/en/plp/rent/apartment-for-rent-dubai-town-square-rawda-apartments-rawda-apartments-1-119023978.html,Fully Furnished | Pool View | High Floor | Vacant,110000,AED,rent,apartment,2,2,912,Town Square,dubai,Dubai,"Dubai, Town Square, Rawda Apartments",25.003292083740234,55.29147720336914,2026-07-21T07:31:31Z,"Beautifully furnished 2-bedroom apartment available for rent in Rawda 1, ideally located on the park and offering a serene pool view from a high-floor unit. This spacious apartment features a stylish interiors, and a functional layout, making it an excellent choice for comfortable family living.

Property Features:

• 2 Fully Furnished Bedrooms
• Prime Park Location
• High Floor Unit
• Pool View
•"
pf-dubai-22,propertyfinder,https://www.propertyfinder.ae/en/plp/rent/apartment-for-rent-dubai-al-jaddaf-al-nokhadha-building-117260412.html,Canal Facing•1BR Nearby Metro•Gym-Pool-Parking,69999,AED,rent,apartment,1,2,745,Al Jaddaf,dubai,Dubai,"Dubai, Al Jaddaf",25.227163314819336,55.33799743652344,2026-07-17T10:16:14Z,"Nestled within the culturally rich tapestry of Al Jaddaf, this apartment captures an uncommon tranquility amid urban vibrancy. Perched elegantly, it presents a captivating canal-facing perspective that unfolds beyond your window, marrying everyday life with scenic serenity. The open layout gracefully accommodates daily living, offering 745sqft of unfurnished space primed for personal expression. A"
pf-dubai-23,propertyfinder,https://www.propertyfinder.ae/en/plp/rent/apartment-for-rent-dubai-al-jaddaf-affini-tribute-portfolio-residences-117259907.html,Brand New•Premium Quality with Classic Amenties,81990,AED,rent,apartment,1,2,1036,Al Jaddaf,dubai,Dubai,"Dubai, Al Jaddaf",25.2109432220459,55.31459426879883,2026-07-17T10:09:37Z,"Al Jaddaf whispers secrets of heritage through its winding lanes and cultural tapestry. Here, a brand-new 1-BHK apartment unfurls with quiet confidence, offering1036 sqft of polished living space. The walls breathe with natural light, framing views of Dubai Creek's gentle curves while built-in wardrobes and kitchen appliances stand ready for daily life. This space flows effortlessly from the walk-"
pf-dubai-24,propertyfinder,https://www.propertyfinder.ae/en/plp/rent/apartment-for-rent-dubai-business-bay-al-habtoor-city-noura-tower-115464317.html,Canal Facing | Spacious | Vacant | Best Deal,82500,AED,rent,apartment,1,2,803,Business Bay,dubai,Dubai,"Dubai, Business Bay, Al Habtoor City",25.18313217163086,55.2565803527832,2026-07-13T07:30:20Z,"Golden Wave Properties Proudly Presents this amazing apartment for rent in Business Bay.

- One-bedroom apartment with one and a half bathrooms
- Stylishly designed
- Ultra-modern fittings and fixtures.
- Dubai skyline
- Huge floor-to-ceiling windows
- Homes afford panoramic views
- Natural light
- Access to Pools, gyms, spas.
- Close to a supermarket, a crèche, and a clinic

Mr. Amar Rupaney 8515"
pf-dubai-25,propertyfinder,https://www.propertyfinder.ae/en/plp/rent/apartment-for-rent-dubai-dubai-marina-al-majara-towers-al-majara-3-115463882.html,Full Marina View|Chiller Free|Great Price|Vacant,84999,AED,rent,apartment,1,1,868,Dubai Marina,dubai,Dubai,"Dubai, Dubai Marina, Al Majara Towers",25.073593139648438,55.137516021728516,2026-07-13T07:19:20Z,"Golden Wave Properties Broker L.L.C Offers:

- Beautiful One bedroom Hall Apartment for rent in Al Majara Towers in Dubai Marina
- Bright and Spacious Apartment
- Build in Wardrobes in the Master Bedroom
- Balcony over looking the water feature and the Dubai Marina
- Shared Gym and Pool
- Besides Marina Walk 
- Equipped kitchen

For More information and viewing PLEASE call 

Mr. Amar Rupaney 

Gol"
pf-dubai-26,propertyfinder,https://www.propertyfinder.ae/en/plp/rent/apartment-for-rent-dubai-dubai-creek-harbour-the-lagoons-harbour-gate-harbour-gate-tower-1-115913970.html,Central Park View | Vacant | Modern Style,130000,AED,rent,apartment,2,2,1149,Dubai Creek Harbour (The Lagoons),dubai,Dubai,"Dubai, Dubai Creek Harbour (The Lagoons), Harbour Gate",25.208471298217773,55.347206115722656,2026-07-14T08:15:45Z,"Property Highlights:

- Built-Up Area: 1,149 sq. ft.
- 2 Bedrooms, 2 Bathrooms
- Unfurnished
- Modern Style, Vacant
- Ready to Move In
- Emaar - Harbour Gate Tower 1
- 2 Cheques

Community and Lifestyle Amenities:

- Infinity-edge swimming pool with Creek views
- Poolside deck with sun loungers
- Fully equipped gym
- Children's pool and play area
- Landscaped leisure deck
- Concierge service
- Cov"
pf-dubai-27,propertyfinder,https://www.propertyfinder.ae/en/plp/rent/apartment-for-rent-dubai-downtown-dubai-claren-towers-claren-tower-1-116363282.html,Boulevard View | Large Terrace | Fully Furnished,115000,AED,rent,apartment,1,1,975,Downtown Dubai,dubai,Dubai,"Dubai, Downtown Dubai, Claren Towers",25.19045066833496,55.272403717041016,2026-07-15T09:28:01Z,"Evoke Property proudly present this fully furnished 1-bedroom apartment in Claren Tower 1, located in the heart of Downtown Dubai. Offering a spacious layout and an exceptionally large private terrace, this apartment provides a unique indoor-outdoor living experience rarely available in Downtown Dubai. 

Positioned on the podium level, the property benefits from direct access to the building's ame"
pf-dubai-28,propertyfinder,https://www.propertyfinder.ae/en/plp/rent/apartment-for-rent-dubai-dubai-hills-estate-park-heights-park-heights-2-park-heights-2-tower-2-115486862.html,Prime Location | Unfurnished | Book A Viewing Now,115000,AED,rent,apartment,2,2,956,Dubai Hills Estate,dubai,Dubai,"Dubai, Dubai Hills Estate, Park Heights, Park Heights 2",25.1135196685791,55.24772262573242,2026-07-13T12:32:58Z,"EVOKE is pleased to present to you this 2-bedroom apartment for rent in Park Heights 2, Dubai Hills Estate. Features a bright layout with modern interiors and a balcony overlooking the pool. Ideally located close to Dubai Hills Park and Dubai Hills Mall, offering a comfortable and convenient lifestyle.

Key Features:
- 2 Bedrooms
- 2 Bathrooms
- 1 Parking
- Open Kitchen
- Built-in Wardrobe
- Balco"
pf-dubai-29,propertyfinder,https://www.propertyfinder.ae/en/plp/rent/apartment-for-rent-dubai-downtown-dubai-south-ridge-south-ridge-1-112752045.html,Best Deal | Furnished | Park Facing | One Bath,94999,AED,rent,apartment,1,1,915,Downtown Dubai,dubai,Dubai,"Dubai, Downtown Dubai, South Ridge",25.18683624267578,55.27695083618164,2026-07-07T11:46:47Z,"Golden Wave Properties Broker LLC  Proudly Presents

- Spacious 1 bedroom apartment for Rent in South Ridge Towers
- Balcony overlooking the pool and community and park
- Fully Furnished
- Balcony is accessible from the master bedroom AND the living room
- One Bath in the apartment not attached to the master bedroom
- Nice open views
- Large Living and Separate dining Area
- Equipped kitchen
- All"
pf-dubai-30,propertyfinder,https://www.propertyfinder.ae/en/plp/rent/apartment-for-rent-dubai-meydan-meydan-one-azizi-riviera-azizi-riviera-42-118574907.html,Pool View | Fully Furnished | High Floor Spacious,79999,AED,rent,apartment,1,1,710,Meydan,dubai,Dubai,"Dubai, Meydan, Meydan One, Azizi Riviera",25.17335319519043,55.310420989990234,2026-07-20T08:19:31Z,"Mahmoud & Mare Properties is proud to present this spacious and elegant 1-bedroom apartment in Azizi Riviera 42, located in the vibrant Meydan One community. Offering a blend of French Mediterranean charm and modern urban living, this apartment is ideal for end-users or investors seeking style, comfort, and convenience.

Spacious 1 bedroom apartment ready to move in at the best price available in "
pf-dubai-31,propertyfinder,https://www.propertyfinder.ae/en/plp/rent/apartment-for-rent-dubai-downtown-dubai-boulevard-central-towers-boulevard-central-tower-1-100415665.html,Fully Furnished | Vacant | Upgraded,105000,AED,rent,apartment,1,2,875,Downtown Dubai,dubai,Dubai,"Dubai, Downtown Dubai, Boulevard Central Towers",25.191404342651367,55.273895263671875,2026-06-09T12:51:11Z,"Available for rent in Boulevard Central, this beautifully furnished 1-bedroom apartment offers exceptional value in the heart of Downtown Dubai.

Reference number: EPS-R-10991  

Featuring a bright and spacious layout, the residence has been thoughtfully furnished with brand-new furniture and stylish contemporary interiors, creating a welcoming and comfortable living environment. Large windows flo"
pf-dubai-32,propertyfinder,https://www.propertyfinder.ae/en/plp/rent/apartment-for-rent-dubai-sheikh-zayed-road-burj-al-salam-118579038.html,Chiller Free | 1 Month Rent Free | 12 Cheque,155000,AED,rent,apartment,2,3,1285,Sheikh Zayed Road,dubai,Dubai,"Dubai, Sheikh Zayed Road",25.2294921875,55.28659439086914,2026-07-20T09:08:20Z,"*STOCK PHOTOS, NOT THE ACTUAL UNIT.


■ Size: 1415 Sq ft.

■ H Hotel View

■ Closed Kitchen 

■ Maids Room


Others:

■ With Utility Room, Powder Room

■ Premium Quality White Goods (washing machine, refrigerator, cooking range, dishwasher)

■ Chiller and Gas Free


Payments


■ Rent 155,000 AED/ 4 - 6 Cheques

■ Security Deposit 5% 

■  Agency Fees 5% 


Features


■ 1 Parking Spaces

■ Chiller a"
pf-dubai-33,propertyfinder,https://www.propertyfinder.ae/en/plp/rent/apartment-for-rent-dubai-arjan-al-barsha-south-building-118577993.html,Available 1BHK for Staffs | One Month Rent Free,80000,AED,rent,apartment,1,1,775,Arjan,dubai,Dubai,"Dubai, Arjan",25.066110610961914,55.244712829589844,2026-07-20T08:55:19Z,"NOT THE ACTUAL UNIT, ONLY STOCK PHOTOS.

■ 1 bedroom up to 6 staffs
■ With living room or can be a partition
■ With 2 baths (En-Suite)
■ Unit Size: 775 Sqft. in Total

Property Pricing:
■ AED 80,000/-year
■ Max up to 6 Cheques/-only
■ 5% Security deposit or AED 5,000/- whichever is higher
■ 5% Lease guarantee undated cheque or AED 5,000/- whichever is higher
■ or 5% Agency fee (We managed the buil"
pf-dubai-34,propertyfinder,https://www.propertyfinder.ae/en/plp/rent/apartment-for-rent-dubai-damac-hills-golf-town-golf-vista-golf-vista-1-118580768.html,9% Price Drop | Golf Course View | Spacious,127500,AED,rent,apartment,2,3,1458,Damac Hills,dubai,Dubai,"Dubai, Damac Hills, Golf Town, Golf Vista",25.02104949951172,55.25544357299805,2026-07-20T09:31:48Z,"Property Highlights:

- Built-Up Area: 1,458 sq. ft.
- 2 Bedrooms, 3 Bathrooms
- Unfurnished
- Golf Course View
- Spacious Layout
- Ready to Move In
- 2 Cheques
- Pets Allowed

Community and Lifestyle Amenities:

- Shared pool and children's pool
- Shared gym
- Sauna and steam room
- Barbecue area
- Landscaped gardens
- Tennis and basketball courts
- 24/7 security and concierge
- Covered parking
-"
pf-dubai-35,propertyfinder,https://www.propertyfinder.ae/en/plp/rent/apartment-for-rent-dubai-arjan-al-barsha-south-building-118569354.html,Staff Accommodation | One-Month Free Rent,120000,AED,rent,apartment,3,4,1208,Arjan,dubai,Dubai,"Dubai, Arjan",25.066110610961914,55.244712829589844,2026-07-20T05:04:55Z,"NOT THE ACTUAL UNIT, ONLY STOCK PHOTOS.

■ 3 bedrooms up to 12 staffs
■ With living room or can be a partition
■ With 3 baths (En-Suite)
■ Unit Size: 1,531 Sqft. in Total

Property Pricing:
■ AED 120,000/-year
■ Max up to 6 Cheques/-only
■ 5% Security deposit
■ 5% Lease guarantee undated cheque
■ or 5% Agency fee (We managed the building)

Features:
■ Chiller included
■ Gas included
■ 1 parking sp"
pf-dubai-36,propertyfinder,https://www.propertyfinder.ae/en/plp/rent/apartment-for-rent-dubai-jumeirah-golf-estates-al-andalus-al-andalus-tower-b-118571957.html,Fully Furnished | Vacant | Large Layout,89990,AED,rent,apartment,1,2,820,Jumeirah Golf Estates,dubai,Dubai,"Dubai, Jumeirah Golf Estates, Al Andalus",25.030311584472656,55.20481491088867,2026-07-20T07:31:12Z,"Property Highlights:

- Built-Up Area: 820 sq. ft.
- 1 Bedroom, 2 Bathrooms
- Fully Furnished
- Vacant
- Large Layout
- Ready to Move In
- 2 Cheques

Community and Lifestyle Amenities:

- Shared swimming pool
- Fully equipped gymnasium
- Children's play areas
- State-of-the-art Alandalus Clubhouse
- Community retail centre on-site
- Jogging and cycling tracks
- Landscaped gardens and lakes
- 24/7 "
pf-dubai-37,propertyfinder,https://www.propertyfinder.ae/en/plp/rent/apartment-for-rent-dubai-jumeirah-beach-residence-bahar-bahar-1-119045065.html,Spacious 1BR | Prime JBR Location | Vacant,130000,AED,rent,apartment,1,1,1198,Jumeirah Beach Residence,dubai,Dubai,"Dubai, Jumeirah Beach Residence, Bahar",25.077150344848633,55.13551330566406,2026-07-21T12:34:26Z,"The Luxury Real Estate are pleased to present this  spacious 1-bedroom apartment in Bahar 1, Jumeirah Beach Residence (JBR). Offering a generous layout, bright interiors, and an unbeatable location, this apartment is perfect for those seeking a vibrant lifestyle just moments from the beach.

Property Features:
- 1 Spacious Bedroom
- 1 Bathroom
- Bright Living & Dining Area
- Modern Kitchen
- Built"
pf-dubai-38,propertyfinder,https://www.propertyfinder.ae/en/plp/rent/apartment-for-rent-dubai-arjan-bloom-living-118590411.html,"UNIT | WIFI, GAS, DEWA+CHILLER-FREE |NO COMMISSION",106400,AED,rent,apartment,2,2,931,Arjan,dubai,Dubai,"Dubai, Arjan",25.064157485961914,55.24891662597656,2026-07-20T11:37:27Z,"Savills offers this 2-bedroom apartment at Bloom Living, situated in the Arjan neighborhood. With 931 sq. ft. of thoughtfully laid-out space, it’s a great fit for singles, couples, or small families looking for comfort and convenience. 

Bloom Living is a 12-storey residential building located in Arjan, Dubai, developed by Avantime Limited and completed in November 2019. Designed by HAO Architectu"
pf-dubai-39,propertyfinder,https://www.propertyfinder.ae/en/plp/rent/apartment-for-rent-dubai-arjan-bloom-living-118590184.html,INTERNET+DEWA+GAS+INTERNET-FREE | NO COMMISSION,106400,AED,rent,apartment,2,2,931,Arjan,dubai,Dubai,"Dubai, Arjan",25.064157485961914,55.24891662597656,2026-07-20T11:34:40Z,"Savills is excited to offer this 2-bedroom apartment at Bloom Living, situated in the lively Arjan neighborhood. With 931 sq. ft. of thoughtfully laid-out space, it’s a great fit for singles, couples, or small families looking for comfort and convenience. 

Cool=Furnished unit incl. Wi-Fi, chiller: 95,950 @ 1 chq / 105,450 @ 6 chqs / 114,000 @ 12 chqs
Cozy=Furnished unit incl. all bills (Wi-Fi, ch"
pf-dubai-40,propertyfinder,https://www.propertyfinder.ae/en/plp/rent/apartment-for-rent-dubai-arjan-bloom-living-118590099.html,NO COMMISSION|CHILLER+INTERNET FREE|1/6/12 CHEQUES,96000,AED,rent,apartment,2,2,931,Arjan,dubai,Dubai,"Dubai, Arjan",25.064157485961914,55.24891662597656,2026-07-20T11:34:12Z,"Savills is excited to offer this 2-bedroom apartment at Bloom Living, situated in the lively Arjan neighborhood. With 931 sq. ft. of thoughtfully laid-out space, it’s a great fit for singles, couples, or small families looking for comfort and convenience. 

Bloom Living is a 12-storey residential building located in Arjan, Dubai, developed by Avantime Limited and completed in November 2019. Design"
pf-dubai-41,propertyfinder,https://www.propertyfinder.ae/en/plp/rent/apartment-for-rent-dubai-nadd-al-hammar-al-firdaus-1-building-118571420.html,1-Bedroom| Flexible Payment | Family Building,65000,AED,rent,apartment,1,2,880,Nadd Al Hammar,dubai,Dubai,"Dubai, Nadd Al Hammar",25.195064544677734,55.395668029785156,2026-07-20T07:16:38Z,"Savills introduces this well-maintained 1-bedroom apartment located in the Nadd Al Hammar community. This well designed residence boasts an impressive built-up area of 880 sq. ft., offering modern living with comfort.

Key Highlights:

- Family building only
- 1 bedroom
- 2 bathrooms
- Generous built-up area of 880 sq. ft.
- Ample parking available 
- Investment-friendly opportunity

Nadd Al Hamma"
pf-dubai-42,propertyfinder,https://www.propertyfinder.ae/en/plp/rent/apartment-for-rent-dubai-downtown-dubai-boulevard-central-towers-boulevard-central-tower-2-111429599.html,High Floor | Burj Khalifa View | Downtown,145000,AED,rent,apartment,2,3,1265,Downtown Dubai,dubai,Dubai,"Dubai, Downtown Dubai, Boulevard Central Towers",25.191543579101562,55.27333450317383,2026-07-04T17:30:53Z,"Property Highlights:

- Built-Up Area: 1,265 sq. ft.
- Fully Furnished
- High Floor
- 4 Cheques
- Emaar - Boulevard Central Tower 2

Community and Lifestyle Amenities:

- Outdoor swimming pool and kids pool
- Fully equipped gym and fitness centre
- Spa, sauna and steam room
- BBQ area
- Kids play area and indoor-outdoor kid zone
- 24-hour security and CCTV
- Covered parking
- Grand lobby and conci"
pf-dubai-43,propertyfinder,https://www.propertyfinder.ae/en/plp/rent/apartment-for-rent-dubai-al-jaddaf-dubai-healthcare-city-2-farhad-azizi-residence-113699243.html,Furnished 1-BR With Skyline View^High Floor^,79990,AED,rent,apartment,1,2,689,Al Jaddaf,dubai,Dubai,"Dubai, Al Jaddaf, Dubai Healthcare City 2",25.209074020385742,55.31494140625,2026-07-09T07:48:33Z,"Al Jaddaf’s rich history and vibrant culture create an unusual backdrop for modern living, and this apartment captures that spirit perfectly. Tucked into a well-designed building, the space unfolds across 689 sqft with a single bedroom and bathroom. The semi-furnished layout provides a practical foundation, allowing you to layer in your personal style while enjoying immediate comfort. The open-pla"
pf-dubai-44,propertyfinder,https://www.propertyfinder.ae/en/plp/rent/apartment-for-rent-dubai-mohammed-bin-rashid-city-sobha-hartland-crest-grande-101694064.html,Full Corner Lagoon View | Vacant | Hot Deal,280000,AED,rent,apartment,4,5,2353,Mohammed Bin Rashid City,dubai,Dubai,"Dubai, Mohammed Bin Rashid City, Sobha Hartland",25.176559448242188,55.31206512451172,2026-06-12T07:15:37Z,"Experience elevated waterfront living in this exceptional 4-bedroom corner apartment at Crest Grande, one of the newest and most prestigious towers in Sobha Hartland.
Spanning an impressive 2,049 sqft, this beautifully designed residence offers expansive interiors, floor-to-ceiling windows, and breathtaking full lagoon views from multiple areas of the home.

Property Features:
• 4 Spacious Bedroom"
pf-dubai-45,propertyfinder,https://www.propertyfinder.ae/en/plp/rent/apartment-for-rent-dubai-mohammed-bin-rashid-city-sobha-hartland-crest-grande-112753431.html,Exclusive 2BR+ Study | Ready to Move | Brand New,140000,AED,rent,apartment,2,3,1278,Mohammed Bin Rashid City,dubai,Dubai,"Dubai, Mohammed Bin Rashid City, Sobha Hartland",25.176559448242188,55.31206512451172,2026-07-07T12:10:52Z,"Aeon & Trisl Real Estate proudly presents this spacious 2-bedroom + maid’s apartment in Crest Grande, located within the prestigious Sobha Hartland community.

Property Details

•	2 Bedrooms + Maid’s Room 
•	3 Bathroom
•	Unfurnished 
•	Size: 1,277.60 sq. ft. 
•	Spacious, functional layout 
•	Floor-to-ceiling windows 
•	Premium Sobha-quality finishing 

Key Features

•	Located in a premium Sobha de"
pf-dubai-46,propertyfinder,https://www.propertyfinder.ae/en/plp/rent/apartment-for-rent-dubai-arjan-marquis-galleria-117702219.html,Brand New | Appliances Included | Spacious,119500,AED,rent,apartment,2,3,1182,Arjan,dubai,Dubai,"Dubai, Arjan",25.0650691986084,55.23286437988281,2026-07-18T09:16:24Z,"Property Highlights:

- Built-Up Area: 1,182 sq. ft.
- 2 Bedrooms, 3 Bathrooms
- Unfurnished
- Brand New, Ready to Move In
- Appliances Included

Community and Lifestyle Amenities:

- Temperature-controlled swimming pool
- Fully equipped gym and fitness centre
- Steam and sauna facilities
- Kids' pool and play area
- Rooftop BBQ area with skyline views
- Private cinema
- Business lounge
- Landscap"
pf-dubai-47,propertyfinder,https://www.propertyfinder.ae/en/plp/rent/apartment-for-rent-dubai-jumeirah-village-circle-district-10-bloom-towers-bloom-towers-b-119024006.html,Higher Floor | Ready to Move | Community View,60000,AED,rent,apartment,1,1,760,Jumeirah Village Circle,dubai,Dubai,"Dubai, Jumeirah Village Circle, District 10, Bloom Towers",25.067068099975586,55.20346450805664,2026-07-21T07:32:23Z,"HOMIFY REAL ESTATE is pleased to present a 1 bedroom apartment for rent in Bloom Towers B located in Jumeirah Village Circle, a modern apartments with lots of amenities and strong location in JVC.

* Property Features *
1 bedroom
1 Bathroom
760 sq. ft
Balcony
Built-in wardrobes
Central A/C
High Floor
1 parking space
Pets Allowed

* Amenities *
Modern gymnasium / Swimming pool / 24/7 security
Child"
pf-dubai-48,propertyfinder,https://www.propertyfinder.ae/en/plp/rent/apartment-for-rent-dubai-business-bay-damac-towers-by-paramount-tower-a-111425411.html,Fully Furnished | High Floor | Burj Al Arab View,95000,AED,rent,apartment,1,2,929,Business Bay,dubai,Dubai,"Dubai, Business Bay, Damac Towers by Paramount",25.18619728088379,55.29159164428711,2026-07-04T14:22:07Z,"Apartment for Rent in Tower A, DAMAC Towers by Paramount, Business Bay

Evoke Luxury Real Estate is proud to present this beautifully furnished 1-bedroom apartment in the iconic DAMAC Towers by Paramount, one of Business Bay's most prestigious residential addresses.

Situated on a high floor and offering stunning Burj Al Arab views, this spacious apartment spans 928.93 sqft and combines luxury hot"
pf-dubai-49,propertyfinder,https://www.propertyfinder.ae/en/plp/rent/apartment-for-rent-dubai-dubai-production-city-impz-midtown-noor-noor-3-78999457.html,Vacant | Spacious | Fully Furnished | 12 Cheques,74990,AED,rent,apartment,1,2,620,Dubai Production City (IMPZ),dubai,Dubai,"Dubai, Dubai Production City (IMPZ), Midtown, Noor",25.025663375854492,55.182952880859375,2026-04-20T13:52:08Z,"**1 Bedroom Furnished Apartment for Rent in Noor 3, IMPZ, Dubai** 
**Price:** AED 74,990 | **Size:** 620 sqft 

Presented by fam Properties, Dubai s largest and most trusted real estate agency, this exceptional 1 bedroom apartment in Noor 3, IMPZ offers a sophisticated living experience with stunning Dubai skyline and landmark views.

This brand new, fully furnished residence spans 620 square feet"
pf-dubai-50,propertyfinder,https://www.propertyfinder.ae/en/plp/rent/apartment-for-rent-dubai-dubai-marina-studio-one-16256924.html,Fully Furnished | Marina View |  Pool View,99990,AED,rent,apartment,2,2,829,Dubai Marina,dubai,Dubai,"Dubai, Dubai Marina",25.068933486938477,55.128814697265625,2026-02-06T11:29:58Z,"**2 Bedroom Apartment for Rent in Studio One, Dubai Marina**

**Price:** AED 99,990 
**Size:** 829.79 sqft 
**Furnishing:** Fully Furnished 
**Bathrooms:** 2 
**View:** Community View 

Presented by fam Properties, Dubai s largest and most trusted real estate agency, this beautifully furnished 2 bedroom apartment in Studio One, Dubai Marina, offers an exceptional living experience in one of Dubai "
pf-dubai-51,propertyfinder,https://www.propertyfinder.ae/en/plp/rent/apartment-for-rent-dubai-jumeirah-village-circle-district-15-bloom-heights-bloom-heights-b-112756726.html,Furnished | High floor | Ready to move | Pool View,70000,AED,rent,apartment,1,2,750,Jumeirah Village Circle,dubai,Dubai,"Dubai, Jumeirah Village Circle, District 15, Bloom Heights",25.05616569519043,55.20376968383789,2026-07-07T12:59:30Z,"One Bedroom
Two Bathrooms
Fully Furnished
Pool View
Balcony
High Floor 
Large Layout
Vacant
Easy Access
Next to Park
Prime Location
haus & haus is proud to bring to the market this stunning exclusively listed, fully furnished one-bed apartment in Bloom Heights Pool view, Jumeirah Village Circle. The property is exceptionally furnished on a high floor. This accommodation comes with all appliances a"
pf-dubai-52,propertyfinder,https://www.propertyfinder.ae/en/plp/rent/apartment-for-rent-dubai-the-views-mosela-mosela-waterside-residences-110032490.html,Top Floor |Pool and Lake View| Vacant in September,185000,AED,rent,apartment,2,2,1970,The Views,dubai,Dubai,"Dubai, The Views, Mosela",25.088727951049805,55.173309326171875,2026-07-01T07:58:43Z,"Experience spacious living in this exceptional 2-bedroom apartment in Mosela, The Views. Situated on a high floor, this rare unit features a unique and generously sized layout, highlighted by an expansive open terrace with stunning pool and lake views perfect for relaxing or entertaining.

Property Features:
•	2 Spacious Bedrooms
•	High-Floor Unit
•	Unique, Spacious Layout
•	Exceptionally Large Op"
pf-dubai-53,propertyfinder,https://www.propertyfinder.ae/en/plp/rent/apartment-for-rent-dubai-arjan-48-parkside-115471049.html,Brand New 1BR | Smart Home | Prime Location Arjan,70000,AED,rent,apartment,1,2,757,Arjan,dubai,Dubai,"Dubai, Arjan",25.056230545043945,55.239715576171875,2026-07-13T09:02:59Z,"Discover elevated urban living in this stylish 1-bedroom apartment in 48 Parkside by Tabeer Developments

Brand New, Available for rent 

Property Features:
• Spacious 1 Bedroom
• Contemporary Open Layout
• Semi-Furnished with Premium Finishes
• Fully Fitted Kitchen with European Appliances
• Smart Home Features
• Private Balcony with Community Views
• Covered Parking

Building Amenities:
• Infini"
pf-dubai-54,propertyfinder,https://www.propertyfinder.ae/en/plp/rent/apartment-for-rent-dubai-dubai-marina-orra-marina-117636579.html,Chiller Free | UnFurnished | Partially Marina View,130000,AED,rent,apartment,2,2,1325,Dubai Marina,dubai,Dubai,"Dubai, Dubai Marina",25.07060432434082,55.13322830200195,2026-07-18T02:32:10Z,"Apartment for rent in Orra Marina, Dubai Marina
*** This Unit is UNFURNISHED
Property Details:
- Actual furniture and layout may vary from the photos
- 2 Bedrooms | 2 Bathrooms
- Bright and Spacious Living & Dining Area
- Floor-to-Ceiling Windows
- Built-in Wardrobes
- Balcony with Full Marina View
- Central Air Conditioning
- Chiller Free

Building Amenities:
- Rooftop Infinity Swimming Pool
- Sa"
pf-dubai-55,propertyfinder,https://www.propertyfinder.ae/en/plp/rent/apartment-for-rent-dubai-dubai-hills-estate-gardenia-residence-gardenia-block-b-118143668.html,Spacious Layout with Maid's Room | Low Floor,220000,AED,rent,apartment,2,3,2150,Dubai Hills Estate,dubai,Dubai,"Dubai, Dubai Hills Estate, Gardenia Residence",25.11636734008789,55.24412536621094,2026-07-19T11:03:32Z,"Brought to you by Driven Properties, this 2 Bedroom plus Maid's Room Apartment is located in Gardenia Residence, Dubai Hills Estate.

Gardenia Residence is one of the most sought-after buildings in Dubai Hills Estate, making this apartment an excellent choice for those looking for a spacious home in a prime community. With a bright open-plan layout, a fully fitted kitchen, and a desirable boulevar"
pf-dubai-56,propertyfinder,https://www.propertyfinder.ae/en/plp/rent/apartment-for-rent-dubai-remraam-al-thamam-al-thamam-20-118582720.html,Exclusive 1 Bed I Pool View I Vacant I Balcony,60000,AED,rent,apartment,1,1,675,Remraam,dubai,Dubai,"Dubai, Remraam, Al Thamam",25.006107330322266,55.248329162597656,2026-07-20T09:53:45Z,"Acacia Properties is proud to present this 1 Bedroom Apartment for Rent in Remraam.   

PROPERTY OVERVIEW:

•1 Bedroom
•1 Bathroom
•Vacant 
•Pool View 
•Balcony
•Open Kitchen 
•Inner Circle 
•Gym / pool
•Build In Wardrobes
•Covered Parking
•Central A/C
•24/H Security

RENT PRICE : AED 60,000/- 
                      
COMMUNITY DETAILS:

* Park and playground
* Geant and Carrefour Supermarkets
* Mo"
pf-dubai-57,propertyfinder,https://www.propertyfinder.ae/en/plp/rent/apartment-for-rent-dubai-palm-jumeirah-shoreline-apartments-al-khushkar-112313034.html,Spacious 2BR with maid  | Unfurnished | Al Khushka,180000,AED,rent,apartment,2,3,1551,Palm Jumeirah,dubai,Dubai,"Dubai, Palm Jumeirah, Shoreline Apartments",25.10599708557129,55.150142669677734,2026-07-06T14:41:10Z,"Propertyshoma is delighted to present this amazing 2-bedroom plus Maid's room in Al Khushkar, nestled within the Shoreline Apartments.

Property details:
- 2 Bed + Maid's
- 3 Bathrooms
- 1,551 sq. ft.
- Unfurnished
- Built-In Wardrobes
- 1 Covered Parking Space

Amenities:
- Beach club access
- Infinity Swimming pool
- Fitness Gym access
- Private beach access
- Supermarkets and restaurants
- Kids"
pf-dubai-58,propertyfinder,https://www.propertyfinder.ae/en/plp/rent/apartment-for-rent-dubai-dubai-silicon-oasis-dhp-residency-2-117248931.html,UnitNew Building | 1 Month Rent Free | 1 Bedroom,75000,AED,rent,apartment,1,1,703,Dubai Silicon Oasis,dubai,Dubai,"Dubai, Dubai Silicon Oasis",25.115680694580078,55.38909149169922,2026-07-17T06:30:00Z,"Savills proudly presents a 1-bedroom apartment in the new DHP Residency 2,  located in the sought-after community of Silicon Oasis. This contemporary living space boasts a generous built-up area of 703.17 sq. ft. with two balconies payable in flexible payment options:


Key Highlights:
- 1 bedroom and 1 bathroom
- Two large balconies
- Thoughtfully laid out open-plan living and dining area
- Expan"
pf-dubai-59,propertyfinder,https://www.propertyfinder.ae/en/plp/rent/apartment-for-rent-dubai-arjan-arbor-view-116360546.html,Brand New | Built-in Appliances | Open Plan,90000,AED,rent,apartment,1,2,916,Arjan,dubai,Dubai,"Dubai, Arjan",25.064176559448242,55.23025894165039,2026-07-15T08:45:39Z,"Property Highlights:

- Built-Up Area: 916 sq. ft.
- 1 Bedroom, 2 Bathrooms
- Unfurnished
- Brand New
- Built-in Appliances
- Open Plan Layout
- Ready to Move In

Community and Lifestyle Amenities:

- Infinity pool with deck
- Spa, steam and sauna facilities
- Fully equipped indoor gym
- Yoga studio with meditation pods
- Outdoor silent cinema
- Picnic and BBQ area
- Kids' pool and themed playgrou"
pf-dubai-60,propertyfinder,https://www.propertyfinder.ae/en/plp/rent/apartment-for-rent-dubai-jumeirah-village-circle-district-11-concept-7-residences-111403953.html,Fully Furnished | Low Floor | Vacant,68000,AED,rent,apartment,1,2,731,Jumeirah Village Circle,dubai,Dubai,"Dubai, Jumeirah Village Circle, District 11",25.067832946777344,55.214447021484375,2026-07-04T06:46:57Z,"Fully Furnished
One Bedroom
Two Bathroom
Co-Working Space
Pool View
Covered Parking
Spacious Wardrobe
Balcony
Walking distance to Circle Mall and JVC exit

haus & haus is proud to present this lovely, cozy fully furnished one bedroom with an ensuite bathroom and a powder room. This is potentially once of the biggest one bedroom layout in the building with some extra customization by the landlord i"
pf-dubai-61,propertyfinder,https://www.propertyfinder.ae/en/plp/rent/apartment-for-rent-dubai-dubai-hills-estate-park-heights-park-heights-2-park-heights-2-tower-2-97385439.html,Boulevard View | Unfurnished Unit | Vacant in July,115000,AED,rent,apartment,2,2,956,Dubai Hills Estate,dubai,Dubai,"Dubai, Dubai Hills Estate, Park Heights, Park Heights 2",25.1135196685791,55.24772262573242,2026-06-02T10:57:12Z,"- 2 Bedrooms
- 2 Bathrooms
- Unfurnished
- Vacant in July

Rosenheim Luxury Properties is pleased to present this spacious 2-bedroom apartment in Park Heights 2, Dubai Hills Estate, available for rent and vacant in July. Offered unfurnished, this well-designed apartment provides tenants with the perfect opportunity to create a home tailored to their own style and preferences.

The property feature"
pf-dubai-62,propertyfinder,https://www.propertyfinder.ae/en/plp/rent/apartment-for-rent-dubai-mohammed-bin-rashid-city-sobha-hartland-crest-grande-118155609.html,Spacious Layout | Brand  New | Prime Location,180000,AED,rent,apartment,3,5,1694,Mohammed Bin Rashid City,dubai,Dubai,"Dubai, Mohammed Bin Rashid City, Sobha Hartland",25.176559448242188,55.31206512451172,2026-07-19T19:02:48Z,"Property Highlights:

- Built-Up Area: 1,695 sq. ft.
- 3 Bedrooms, 5 Bathrooms
- Unfurnished
- Spacious Layout
- Brand New
- Ready to Move In
- 1 Cheque

Community and Lifestyle Amenities:

- Shared swimming pools
- State-of-the-art fitness centre
- Landscaped gardens and walkways
- Children's play areas
- Tennis courts
- Jogging and cycling tracks
- Community cafes and restaurants
- Supermarkets "
pf-dubai-63,propertyfinder,https://www.propertyfinder.ae/en/plp/rent/apartment-for-rent-dubai-arjan-vincitore-benessere-107298525.html,Semi- Furnished | Vacant | Multiple Options,75000,AED,rent,apartment,1,1,628,Arjan,dubai,Dubai,"Dubai, Arjan",25.062082290649414,55.24355697631836,2026-06-25T12:02:27Z,"Evoke Luxury living is pleased to offer this beautiful 1 BR apartment for rent in Vincitore Benessere 2, Arjan.

Vincitore Benessere wants to change people's daily life, employment, and retirement communities. With its stunning vacation home, this lovely boutique apartment aims to bring back ancient Roman architectural forms. With the highly anticipated resort community lifestyle and premium healt"
pf-dubai-64,propertyfinder,https://www.propertyfinder.ae/en/plp/rent/apartment-for-rent-dubai-arjan-genesis-by-meraki-118151564.html,Best Priced | Vacant | Spacious Layout,84999,AED,rent,apartment,2,2,1017,Arjan,dubai,Dubai,"Dubai, Arjan",25.0672550201416,55.2457160949707,2026-07-19T15:15:17Z,"Property Highlights:

- Built-Up Area: 1,017 sq. ft.
- 2 Bedrooms, 2 Bathrooms
- Unfurnished
- Spacious Layout
- Vacant
- Ready to Move In
- Upto 4 Cheques

Community and Lifestyle Amenities:

- Temperature-controlled rooftop pool
- Fully equipped gym with sauna
- Dedicated children's play area
- Secure basement parking
- Grand entrance lobby with high-speed elevators
- 24-hour security
- Steps fr"
pf-dubai-65,propertyfinder,https://www.propertyfinder.ae/en/plp/rent/apartment-for-rent-dubai-sheikh-zayed-road-burj-al-salam-118578888.html,Upcoming Unit | 2 Months Rent Free | 12 Cheque,115000,AED,rent,apartment,2,3,987,Sheikh Zayed Road,dubai,Dubai,"Dubai, Sheikh Zayed Road",25.2294921875,55.28659439086914,2026-07-20T09:05:42Z,"*STOCK PHOTOS, NOT THE ACTUAL UNIT.


■ Size: 986 Sq ft.

■ H Hotel View

■ Open Kitchen 




Others:

■ With Utility Room, Powder Room

■ Premium Quality White Goods (washing machine, refrigerator, cooking range, dishwasher)

■ Chiller and Gas Free


Payments


■ Rent 115,000 AED/ 4 - 12 Cheques

■ Security Deposit 5% 



Features


■ 1 Parking Spaces

■ Chiller and Gas Included (average saving o"
pf-dubai-66,propertyfinder,https://www.propertyfinder.ae/en/plp/rent/apartment-for-rent-dubai-mina-rashid-seagate-seagate-building-3-118152658.html,Sea View | High Floor | Brand New,124990,AED,rent,apartment,2,2,1156,Mina Rashid,dubai,Dubai,"Dubai, Mina Rashid, Seagate",25.258384704589844,55.277381896972656,2026-07-19T16:01:15Z,"Apartment Features:

- Brand new 2-bedroom apartment
- High floor with beautiful sea views
- Unfurnished, ideal for customization
- 2 well-appointed bathrooms
- Modern open-plan kitchen with built-in appliances
- Bright living area with large windows
- Contemporary finishes throughout

Building & Community Amenities:

- Chiller free
- Swimming pool
- Fully equipped gym
- Landscaped outdoor areas
-"
pf-dubai-67,propertyfinder,https://www.propertyfinder.ae/en/plp/rent/apartment-for-rent-dubai-town-square-rawda-apartments-rawda-apartments-1-113718377.html,Pool View | High Floor | Ready to Move In,85000,AED,rent,apartment,2,2,975,Town Square,dubai,Dubai,"Dubai, Town Square, Rawda Apartments",25.003292083740234,55.29147720336914,2026-07-09T11:06:11Z,"Discover comfortable community living in this spacious 2-bedroom apartment in Rawda 1, Town Square. Situated on a high floor with relaxing pool views, this bright and well-maintained home offers modern interiors, generous living spaces, and a vibrant lifestyle, making it an excellent choice for families and professionals.

Property Features:

2 Bedrooms
2 Bathrooms
High floor
Beautiful pool view
S"
pf-dubai-68,propertyfinder,https://www.propertyfinder.ae/en/plp/rent/apartment-for-rent-dubai-dubai-creek-harbour-the-lagoons-the-cove-the-cove-building-1-118143610.html,Fully Furnished | Best Price | Spacious,144999,AED,rent,apartment,2,2,1343,Dubai Creek Harbour (The Lagoons),dubai,Dubai,"Dubai, Dubai Creek Harbour (The Lagoons), The Cove",25.201732635498047,55.34554672241211,2026-07-19T11:00:27Z,"Property Highlights:

- Built-Up Area: 1,343 sq. ft.
- 2 Bedrooms, 2 Bathrooms
- Fully Furnished
- Creek and Skyline Views
- Ready to Move In
- Emaar - The Cove Building 1
- 1 Cheque
- Best Price, Spacious Layout

Community and Lifestyle Amenities:

- State-of-the-art gymnasium
- Swimming pool
- Children's play areas
- Family spaces
- Waterfront boardwalk access
- Yacht club and marina nearby
- Lu"
pf-dubai-69,propertyfinder,https://www.propertyfinder.ae/en/plp/rent/apartment-for-rent-dubai-jumeirah-golf-estates-al-andalus-al-andalus-tower-b-100866489.html,Upgraded Bathroom | Large Balcony | Available Sept,95000,AED,rent,apartment,1,2,820,Jumeirah Golf Estates,dubai,Dubai,"Dubai, Jumeirah Golf Estates, Al Andalus",25.030311584472656,55.20481491088867,2026-06-10T18:02:07Z,"Bright and Spacious 1 Bedroom Apartment in Tower B of Al Andalus Apartments in Jumeirah Golf Estates

- Upgraded Bathroom
- 1 Bedrooms
- 2 Bathrooms
- 820.43 Sq ft. BUA
- Large Balcony
- Agent: Robert Jenkins

Situated in the luxury development of Jumeirah Golf Estates, this one bedroom apartment benefits from a corner position within the tower and views over the plaza.

The apartment is finished "
pf-dubai-70,propertyfinder,https://www.propertyfinder.ae/en/plp/rent/apartment-for-rent-dubai-downtown-dubai-bellevue-towers-bellevue-tower-2-109487840.html,Large 1-BR | Burj Khalifa View | Move-In Ready,115000,AED,rent,apartment,1,2,1417,Downtown Dubai,dubai,Dubai,"Dubai, Downtown Dubai, Bellevue Towers",25.18755531311035,55.27516555786133,2026-06-30T09:09:43Z,"Hamra Properties is delighted to present this beautifully furnished 1-bedroom apartment in Bellevue Towers, Downtown Dubai. Offering spectacular views of the iconic Burj Khalifa, this spacious residence features contemporary interiors, premium finishes, and an exceptional location in the heart of the city.

Designed for modern urban living, this vacant apartment is ready for immediate occupancy an"
pf-dubai-71,propertyfinder,https://www.propertyfinder.ae/en/plp/rent/apartment-for-rent-dubai-mohammed-bin-rashid-city-sobha-hartland-crest-grande-110088609.html,2+MAIDS+STORAGE | CHEAPEST PRICE | MULTIPLE UNITS,139999,AED,rent,apartment,2,4,1469,Mohammed Bin Rashid City,dubai,Dubai,"Dubai, Mohammed Bin Rashid City, Sobha Hartland",25.176559448242188,55.31206512451172,2026-07-01T21:30:23Z,"Living in this exquisite two-bedroom apartment at Crest Grande allows you to embrace everyday luxury without compromise. Tucked within the dynamic embrace of Mohammed Bin Rashid City, you’ll find yourself surrounded by thoughtful design, generous space, and remarkable connectivity to all that Dubai inspires. Step inside to discover an expansive layout that masterfully balances comfort and style. T"
pf-dubai-72,propertyfinder,https://www.propertyfinder.ae/en/plp/rent/apartment-for-rent-dubai-business-bay-peninsula-peninsula-three-118143088.html,Canal View | Hot Deal | Multiple Units Available,79990,AED,rent,apartment,1,1,678,Business Bay,dubai,Dubai,"Dubai, Business Bay, Peninsula",25.184284210205078,55.26752471923828,2026-07-19T10:45:28Z,"Property Highlights:

- Brand new, never lived in

- Unfurnished one-bedroom apartment

- Size: 678 sq. ft.

- Full amenities view

- Open-plan living and dining area

- Modern kitchen with premium finishes

- Built-in wardrobes

- Floor-to-ceiling windows

- Contemporary bathroom design

Discover contemporary waterfront living in this brand new, unfurnished one-bedroom apartment located in the hi"
pf-dubai-73,propertyfinder,https://www.propertyfinder.ae/en/plp/rent/apartment-for-rent-dubai-dubai-marina-west-avenue-tower-118153018.html,Chiller Free | Next to Metro | Vacant Now,79989,AED,rent,apartment,1,2,721,Dubai Marina,dubai,Dubai,"Dubai, Dubai Marina",25.07428550720215,55.13895034790039,2026-07-19T16:31:19Z,"Property Highlights:

- Built-Up Area: 721 sq. ft.
- 1 Bedroom, 2 Bathrooms
- Unfurnished
- Marina Views
- Ready to Move In
- Select Group - West Avenue Tower

Community and Lifestyle Amenities:

- Temperature-controlled swimming pool
- Children's pool area
- State-of-the-art gymnasium
- Sauna, steam room, and jacuzzi
- Children's playroom
- Landscaped gardens
- 24-hour security
- Concierge servic"
pf-dubai-74,propertyfinder,https://www.propertyfinder.ae/en/plp/rent/apartment-for-rent-dubai-greens-al-dhafra-al-dhafra-1-118152669.html,Unique Unit | Upgraded | Vacant | Multiple Cheques,89700,AED,rent,apartment,1,1,740,Greens,dubai,Dubai,"Dubai, Greens, Al Dhafra",25.092050552368164,55.17141342163086,2026-07-19T16:02:01Z,"Property Highlights:

- Built-Up Area: 740 sq. ft.
- 1 Bedroom, 1 Bathroom
- Furnished
- Upgraded Unit
- Balcony
- 1 Cheque
- Multiple Cheques Available

Community and Lifestyle Amenities:

- Shared Pool and Children's Pool
- Shared Gym
- Sauna, Steam Room, and Jacuzzi
- Barbecue Area
- Children's Play Area
- Landscaped Courtyard Gardens
- Covered Parking
- Central A/C
- Building Lobby
- Built-in "
pf-dubai-75,propertyfinder,https://www.propertyfinder.ae/en/plp/rent/apartment-for-rent-dubai-business-bay-future-tower-116821197.html,Brand New Apartment | Storage Room | 2 bedrooms,125000,AED,rent,apartment,2,3,1182,Business Bay,dubai,Dubai,"Dubai, Business Bay",25.17994499206543,55.26631546020508,2026-07-16T12:42:27Z,"Apartment for rent in Future Tower, Business Bay

Betterhomes welcome to Future Tower, an exquisite 2-bedroom apartment nestled in the heart of Business Bay. This stunning property features a spacious layout with two and a half modern bathrooms and a generous built-up area of 1,182 sq.ft, perfect for both relaxation and entertainment. Enjoy breathtaking skyline views from your stylish abode, compl"
pf-dubai-76,propertyfinder,https://www.propertyfinder.ae/en/plp/rent/apartment-for-rent-dubai-business-bay-future-tower-116821148.html,Brand New Apartment |  | Storage | 2 bedrooms,125000,AED,rent,apartment,2,3,1162,Business Bay,dubai,Dubai,"Dubai, Business Bay",25.17994499206543,55.26631546020508,2026-07-16T12:41:35Z,"Apartment for rent in Future Tower, Business Bay

Betterhomes welcome to Future Tower, an exquisite 2-bedroom apartment nestled in the heart of Business Bay. This stunning property features a spacious layout with two and a half modern bathrooms and a generous built-up area of 1,163 Sq.ft, perfect for both relaxation and entertainment. Enjoy breathtaking skyline views from your stylish abode, compl"
pf-dubai-77,propertyfinder,https://www.propertyfinder.ae/en/plp/rent/villa-for-rent-dubai-mudon-arabella-townhouses-arabella-townhouses-1-119034895.html,3BR + Maid | Type A | Mid Unit | Vastu Compliant,180000,AED,rent,apartment,3,4,2310,Mudon,dubai,Dubai,"Dubai, Mudon, Arabella Townhouses",25.016923904418945,55.27108383178711,2026-07-21T10:13:54Z,"NO AGENT PLEASE !!!

Ray Wood Properties is delighted to present this beautifully maintained 3-bedroom townhouse in Arabella 1, Mudon.
This fully furnished family home is set on a generous 2,310.58 sq. ft. plot and offers a rare direct access to the rear communal pool, making it ideal for families seeking comfort, privacy, and a vibrant community lifestyle.

Property Details:
•	3 Bedrooms + Maid’s"
pf-dubai-78,propertyfinder,https://www.propertyfinder.ae/en/plp/rent/villa-for-rent-dubai-arabian-ranches-3-bliss-2-112303498.html,Single Row | End Unit | Ready to Move in,160000,AED,rent,apartment,3,4,1421,Arabian Ranches 3,dubai,Dubai,"Dubai, Arabian Ranches 3",25.065324783325195,55.32275390625,2026-07-06T12:02:52Z,"Eminence Real Estate is proud to present this exclusive 3-bedroom townhouse with a maid's room in the highly sought-after Bliss 2 at Arabian Ranches 3.

Inspired by Mediterranean architecture, Bliss 2 combines elegant contemporary design with landscaped streets, pedestrian-friendly walkways, and a vibrant community atmosphere. Spacious interiors, modern finishes, and bright open-plan living areas "
pf-dubai-79,propertyfinder,https://www.propertyfinder.ae/en/plp/rent/villa-for-rent-dubai-tilal-al-ghaf-elan-112755947.html,Vacant | Prime Location | Ready to Move In,179999,AED,rent,apartment,3,4,1512,Tilal Al Ghaf,dubai,Dubai,"Dubai, Tilal Al Ghaf",25.026487350463867,55.234195709228516,2026-07-07T12:50:37Z,"Discover the perfect family home in Elan, offering an ideal combination of comfort, space, and convenience. This well-maintained 3-bedroom + maid's villa is vacant and ready for immediate occupancy, making it an excellent opportunity for tenants looking to move without delay.

Situated in a quiet, family-friendly location, the property enjoys easy access to the community's parks, swimming pool, an"
pf-dubai-80,propertyfinder,https://www.propertyfinder.ae/en/plp/rent/villa-for-rent-dubai-arabian-ranches-3-bliss-107747949.html,Premium Corner Unit | Available Now | 3Bed+Maid,165000,AED,rent,apartment,3,4,1388,Arabian Ranches 3,dubai,Dubai,"Dubai, Arabian Ranches 3",25.06486701965332,55.32307434082031,2026-06-26T12:20:40Z,"Townhouse for Rent in Bliss, Arabian Ranches 3

Evoke Luxury Living is proud to present this exceptional three-bedroom townhouse with maid's room, ideally positioned within the highly sought-after Bliss community at Arabian Ranches 3.

Designed to offer an unrivalled lifestyle, this stunning corner unit enjoys a premium location surrounded by beautifully landscaped greenery and just moments from t"
pf-dubai-81,propertyfinder,https://www.propertyfinder.ae/en/plp/rent/villa-for-rent-dubai-dubai-hills-estate-maple-at-dubai-hills-estate-maple-at-dubai-hills-estate-1-100846907.html,Single Row | Keys In Hand  | Community Specialist,210000,AED,rent,apartment,3,4,2072,Dubai Hills Estate,dubai,Dubai,"Dubai, Dubai Hills Estate, Maple at Dubai Hills Estate",25.093000411987305,55.25438690185547,2026-06-10T11:43:12Z,"IZKA Real Estate Presenting an exquisite 3-bedroom villa in the prestigious Maple at Dubai Hills Estate, a stunning sub-community that epitomizes elegance and comfort. this property is tailored for a luxurious family lifestyle. 

Key Highlights:

-3 Bedrooms
-4 Bathroom
- Modern kitchen
- Ample covered parking
- Family-friendly children's play area and community swimming pool

This villa's thought"
pf-dubai-82,propertyfinder,https://www.propertyfinder.ae/en/plp/rent/villa-for-rent-dubai-arabian-ranches-3-joy-118572638.html,Corner Unit | AMC In Place | Landscaped,190000,AED,rent,apartment,4,5,2440,Arabian Ranches 3,dubai,Dubai,"Dubai, Arabian Ranches 3",25.066749572753906,55.32008361816406,2026-07-20T07:44:22Z,"The Property welcomes you to your dream home in the vibrant community of Joy in Arabian Ranches 3 by Emaar! This beautifully designed four-bedroom villa offers the perfect blend of elegance, comfort, and modern living in one of Dubai's most prestigious neighborhoods.

Property Details:
- Tenanted until the third week of September 2026
- 2,440 sq. ft.
- Four Bedrooms
- Five Bathrooms
- Spacious Ope"
pf-dubai-83,propertyfinder,https://www.propertyfinder.ae/en/plp/rent/villa-for-rent-dubai-arabian-ranches-3-sun-117260388.html,4 Beds + Maid's | Landscaped | High Demand,200000,AED,rent,apartment,4,5,2406,Arabian Ranches 3,dubai,Dubai,"Dubai, Arabian Ranches 3",25.063093185424805,55.31923294067383,2026-07-17T10:15:36Z,"Presenting this modern 4 Bedroom Villa with Maid's Room in SUN, Arabian Ranches III by Emaar, offering contemporary family living in one of Dubai's most sought-after gated communities.

Property Highlights:
• 4 Bedroom Villa – 2,406 Sq. Ft.
• Maid's Room
• 5 Bathrooms
• Unfurnished
• Vacant and Ready to Move In
• Bright Living and Dining Area
• Modern Open Kitchen
• Built-in Wardrobes
• Private Ga"
pf-dubai-84,propertyfinder,https://www.propertyfinder.ae/en/plp/rent/villa-for-rent-dubai-arabian-ranches-3-raya-119043323.html,Brand New | Ready To Move | Single Row,150000,AED,rent,apartment,3,4,1559,Arabian Ranches 3,dubai,Dubai,"Dubai, Arabian Ranches 3",25.067821502685547,55.33818435668945,2026-07-21T12:06:54Z,"This 3 bedroom + maid’s room villa is designed for modern family living, featuring a modern kitchen with quality finishes, well-sized bedrooms, and thoughtfully designed interiors that balance comfort and style. Ideally positioned within the community, the villa is just close the pool and key amenities. Located in Wadi Al Safa 5, the community is known for its greenery, family-friendly vibe, and e"
pf-dubai-85,propertyfinder,https://www.propertyfinder.ae/en/plp/rent/villa-for-rent-dubai-liwan-180-degrees-villas-117255627.html,New Villa | Unfurnished | Middle Villa,210000,AED,rent,apartment,5,5,1960,Liwan,dubai,Dubai,"Dubai, Liwan",25.110759735107422,55.368221282958984,2026-07-17T09:05:17Z,"Betterhomes is proud to introduce this stunning new villa that offers the perfect blend of privacy, luxury, and potential. With an open layout, this villa offers a blank canvas for you to design and personalize every corner to reflect your style and taste. It offers easy access to the two main roads, Al Ain Dubai and Sheikh Mohammed bin Zayed.

Villa Features:
-Unfurnished
-5 bedrooms
-1 maid's ro"
pf-dubai-86,propertyfinder,https://www.propertyfinder.ae/en/plp/rent/villa-for-rent-dubai-the-springs-springs-3-113712981.html,Fully Upgraded | Near to Lake | Negotiable,195000,AED,rent,apartment,2,3,2250,The Springs,dubai,Dubai,"Dubai, The Springs",25.05617332458496,55.17316818237305,2026-07-09T10:06:13Z,"Paragon Properties is proud to present its newest listing in the lovely community of Springs 3. This fully upgraded type 4M includes but is not limited to the following:

- 2 Ensuite Bedrooms
- Study Room on ground floor
- Full bathroom with shower on ground floor
- 30 second walk to the nearby lake
- Close to Meadows Souk
- Close to Schools
- Fully upgraded interior
- New AC and Flooring
- Beauti"
pf-dubai-87,propertyfinder,https://www.propertyfinder.ae/en/plp/rent/villa-for-rent-dubai-arabian-ranches-2-reem-community-115469451.html,Extended Living |Appliances Included |Full Privacy,215000,AED,rent,apartment,3,4,1952,Arabian Ranches 2,dubai,Dubai,"Dubai, Arabian Ranches 2",25.03144073486328,55.275733947753906,2026-07-13T08:45:00Z,"Gold Mark Real Estate is proud to present this beautifully maintained 3-bedroom + maids townhouse for rent in the highly sought-after Reem community, Arabian Ranches 2.

Thoughtfully upgraded for modern family living, this bright and spacious home features an enclosed patio that significantly enhances the living and dining area, creating a versatile open-plan layout perfect for everyday living and"
pf-dubai-88,propertyfinder,https://www.propertyfinder.ae/en/plp/rent/villa-for-rent-dubai-serena-bella-casa-115461985.html,Back to Back | Vacant Soon | Prime Location,140000,AED,rent,apartment,2,2,1857,Serena,dubai,Dubai,"Dubai, Serena",25.036882400512695,55.28679656982422,2026-07-13T05:35:48Z,"Gold Mark Real Estate, were proud to present this exceptional property that combines comfort, style, and unbeatable value. With a reputation built on trust, expertise, and client satisfaction, Gold Mark Real Estate ensures every listing receives the attention it deserves.
Whether youre looking to invest, upgrade, or find your perfect home, this opportunity is one you dont want to miss. Experience "
pf-dubai-89,propertyfinder,https://www.propertyfinder.ae/en/plp/rent/villa-for-rent-dubai-dubai-hills-estate-maple-at-dubai-hills-estate-maple-at-dubai-hills-estate-3-113715663.html,Spacious | Landscaped Garden | Well Maintained,215000,AED,rent,apartment,3,4,2093,Dubai Hills Estate,dubai,Dubai,"Dubai, Dubai Hills Estate, Maple at Dubai Hills Estate",25.104257583618164,55.25556182861328,2026-07-09T10:33:33Z,"Three bedroom (2M)
Maple 3
Open Plan Living/Kitchen
Great Condition
Maid's Room
Available Now

haus & haus is excited to offer this beautiful villa in the heart of the sought-after Dubai Hills community. Set amidst lush greenery, the villa provides easy access to a communal pool and gym, offering the perfect balance of relaxation and convenience. Experience the best of Dubai living in this excepti"
pf-dubai-90,propertyfinder,https://www.propertyfinder.ae/en/plp/rent/villa-for-rent-dubai-arabian-ranches-3-bliss-115479784.html,Corner Unit | Brand New | Near Amenities,209990,AED,rent,apartment,4,4,1833,Arabian Ranches 3,dubai,Dubai,"Dubai, Arabian Ranches 3",25.06486701965332,55.32307434082031,2026-07-13T11:02:21Z,"Key Features:

- Corner Unit ensuring extra privacy and natural light
- 4 Spacious Bedrooms.
- Backs onto the play area – perfect for families with children
- Open-plan living and dining area with modern finishes
- Contemporary kitchen with ample storage
- Secure covered parking

Community Highlights:

- Walking distance to swimming pool, gym, and clubhouse
- Beautifully landscaped, gated communit"
pf-dubai-91,propertyfinder,https://www.propertyfinder.ae/en/plp/rent/villa-for-rent-dubai-villanova-la-violeta-la-violeta-1-110518871.html,Ready to move in | Community & Park Views,175000,AED,rent,apartment,3,4,1741,Villanova,dubai,Dubai,"Dubai, Villanova, La Violeta",25.074779510498047,55.34758377075195,2026-07-02T11:17:08Z,"This 3-bedroom villa for rent in La Violeta 1 at Villanova, Dubailand, offers a practical layout with bright interiors and modern finishes. The home features open-plan living and dining spaces, an integrated kitchen with island, multiple bedrooms with large windows, and several contemporary bathrooms. Sliding doors connect the living area to a private outdoor space that opens towards landscaped co"
pf-dubai-92,propertyfinder,https://www.propertyfinder.ae/en/plp/rent/villa-for-rent-dubai-tilal-al-ghaf-elan-113706525.html,Vacant | Single Row | Landscaped,170000,AED,rent,apartment,3,4,1512,Tilal Al Ghaf,dubai,Dubai,"Dubai, Tilal Al Ghaf",25.026487350463867,55.234195709228516,2026-07-09T09:00:07Z,"Espace Real Estate is pleased to present this spacious three bedroom townhouse located in the sought-after Elan community within Tilal Al Ghaf. Offered unfurnished in a desirable single-row layout, this well-presented home combines comfort and practicality, making it an excellent choice for families seeking a quality property in a prime community location.

The townhouse features bright and well-s"
pf-dubai-93,propertyfinder,https://www.propertyfinder.ae/en/plp/rent/villa-for-rent-dubai-the-springs-springs-8-115462087.html,Upgraded Kitchen | Good Shape | Back To Back,160000,AED,rent,apartment,2,2,1650,The Springs,dubai,Dubai,"Dubai, The Springs",25.060590744018555,55.18796920776367,2026-07-13T05:44:54Z,"Twinzcity Real Estate is pleased to offer this 2 Bedroom Plus Study Villa for Rent in The Springs 8.

Property Details:

- Springs Souk Walking Distance
- Type 4E
- 2 Bedrooms Plus 2 Bathrooms
- Built In Wardrobes
- 2 Parking Space
- 2 Community Pools
- Gated Community
- Available Now


The Springs 8 is an established gated community that has redefined modern living in Dubai. Comprises clusters of"
pf-dubai-94,propertyfinder,https://www.propertyfinder.ae/en/plp/rent/villa-for-rent-dubai-arabian-ranches-3-bliss-2-116381388.html,Single row | Big Terrace |  Large layout,149999,AED,rent,apartment,3,4,1500,Arabian Ranches 3,dubai,Dubai,"Dubai, Arabian Ranches 3",25.065324783325195,55.32275390625,2026-07-15T13:53:14Z,"Discover contemporary family living in this beautifully designed **3-bedroom + maid's room townhouse** located in the sought-after **Bliss 2 at Arabian Ranches 3**. Positioned on a **single row**, this home offers enhanced privacy and an open outlook, creating a peaceful setting for everyday living. The property features a bright and spacious open-plan layout, generously sized bedrooms, a modern k"
pf-dubai-95,propertyfinder,https://www.propertyfinder.ae/en/plp/rent/villa-for-rent-dubai-jumeirah-village-triangle-district-6-pomona-residence-118576907.html,Vacant Now | Charming | Spacious,220000,AED,rent,apartment,4,4,1890,Jumeirah Village Triangle,dubai,Dubai,"Dubai, Jumeirah Village Triangle, District 6",25.051189422607422,55.19139099121094,2026-07-20T08:44:43Z,"Property Highlights:

- Built-Up Area: 1,890 sq. ft.
- 4 Bedrooms
- Unfurnished
- Vacant Now
- Ready to Move In

Community and Lifestyle Amenities:

- Landscaped parks and green spaces
- Tennis and basketball courts
- Football pitches and cricket grounds
- Children's play areas
- Jogging and cycling tracks
- Community barbeque spots
- Supermarkets and pharmacies within community
- Pet-friendly env"
pf-dubai-96,propertyfinder,https://www.propertyfinder.ae/en/plp/rent/villa-for-rent-dubai-the-springs-springs-9-114150806.html,Back To Back | Type 4E | Lake And Park Opposite,155000,AED,rent,apartment,2,2,1650,The Springs,dubai,Dubai,"Dubai, The Springs",25.059730529785156,55.184669494628906,2026-07-10T06:37:31Z,"Twinzcity Real Estate is pleased to offer this 2 Bedroom Plus Study Villa for Rent in The Springs 9.

Property Details:

- Springs Souk Walking Distance
- Type 4E
- 2 Bedrooms Plus 2 Bathrooms
- Built In Wardrobes
- 2 Parking Space
- 2 Community Pools
- Gated Community
- Available Now


The Springs 9 is an established gated community that has redefined modern living in Dubai. Comprises clusters of"
pf-dubai-97,propertyfinder,https://www.propertyfinder.ae/en/plp/rent/villa-for-rent-dubai-the-springs-springs-10-107305598.html,Internal Location | Semi Upgraded | Type 4M,170000,AED,rent,apartment,2,3,2227,The Springs,dubai,Dubai,"Dubai, The Springs",25.0573787689209,55.18102264404297,2026-06-25T13:18:57Z,"Engel & Völkers proudly presents this well-maintained Type 4M villa, ideally located in the highly sought-after Springs 10 community. Offering a practical family-friendly layout and an upgraded open-plan kitchen, this charming home presents an excellent opportunity for families seeking comfort, space, and potential within one of Dubai’s most established residential communities.

The villa features"
pf-dubai-98,propertyfinder,https://www.propertyfinder.ae/en/plp/rent/villa-for-rent-dubai-the-springs-springs-3-110498298.html,Upgraded | Near Pool and Park | Fully Furnished,185000,AED,rent,apartment,2,3,1857,The Springs,dubai,Dubai,"Dubai, The Springs",25.05617332458496,55.17316818237305,2026-07-02T06:15:59Z,"Discover modern family living with this beautifully fully upgraded Type 4M villa in the highly sought-after Springs 3 community. Ideally positioned single row and opposite the pool and park, this home offers both privacy and convenience within Dubai's most established family neighbourhood. The villa spans 1,690 sq.ft BUA on a 1,857 sq.ft plot, featuring bright open-plan interiors, stylish finishes"
pf-dubai-99,propertyfinder,https://www.propertyfinder.ae/en/plp/rent/villa-for-rent-dubai-the-springs-springs-3-118580786.html,Partially Upgraded | Extended | Negotiable,240000,AED,rent,apartment,3,3,2307,The Springs,dubai,Dubai,"Dubai, The Springs",25.05617332458496,55.17316818237305,2026-07-20T09:31:39Z,"SY Capital is delighted to present this immaculately upgraded and extended Type 3M townhouse in the heart of Springs 3. Featuring three generous bedrooms plus a study, this middle unit has been thoughtfully extended to enhance the living space, seamlessly connecting to a lush, landscaped garden—ideal for relaxing or entertaining.

Property Details:
VOT | Upgraded & Extended | Prime Type 3M in Spri"
pf-dubai-100,propertyfinder,https://www.propertyfinder.ae/en/plp/rent/villa-for-rent-dubai-dubai-hills-estate-maple-at-dubai-hills-estate-maple-at-dubai-hills-estate-1-115929320.html,Vacant | Green Belt | Near Amenities,199990,AED,rent,apartment,3,3,2069,Dubai Hills Estate,dubai,Dubai,"Dubai, Dubai Hills Estate, Maple at Dubai Hills Estate",25.093000411987305,55.25438690185547,2026-07-14T11:47:12Z,"Property Highlights:

- Built-Up Area: 2,228 sq. ft.
- Size : 2,067 sq. ft.
- 3 Bedrooms, 3 Bathrooms
- Unfurnished
- Green Belt Views
- Ready to Move In
- Vacant

Community and Lifestyle Amenities:

- Community swimming pools
- Basketball and tennis courts
- Shaded walking and jogging paths
- Green corridors and cycling tracks
- Children's play areas
- Barbecue areas
- Landscaped parks and open s"
pf-dubai-101,propertyfinder,https://www.propertyfinder.ae/en/plp/rent/villa-for-rent-dubai-arabian-ranches-alma-alma-2-116355099.html,2 BR Spacious | Community Living | Private Garden,200000,AED,rent,apartment,2,3,2227,Arabian Ranches,dubai,Dubai,"Dubai, Arabian Ranches, Alma",25.05457878112793,55.27241134643555,2026-07-15T07:03:54Z,"Designed to elevate everyday living, this home combines contemporary architecture, spacious interiors, and premium community features for a refined lifestyle.

Rental Price: AED 200,000/ - 2 to 3 Cheques

Key Features:
• 2 Bedrooms
• 3 Bathrooms
• Bright and spacious living and dining area
• Built-in wardrobes
• Covered Parking
• Access to shared swimming pool, gym, and children’s play area
• Secu"
pf-dubai-102,propertyfinder,https://www.propertyfinder.ae/en/plp/rent/villa-for-rent-dubai-mudon-arabella-townhouses-arabella-townhouses-3-108168934.html,Fully Furnished | Available from September End,200000,AED,rent,apartment,3,4,1938,Mudon,dubai,Dubai,"Dubai, Mudon, Arabella Townhouses",25.010587692260742,55.264259338378906,2026-06-27T07:45:12Z,"Presenting this beautifully designed 3 Bedroom Villa in the highly sought-after Arabella 3, Mudon, offering modern family living in a peaceful and vibrant community.

Property Highlights:
• 3 Bedroom Villa
• Size: 1,937 Sq. Ft.
• 4 Bathrooms
• Fully Furnished
• Open-Plan Living & Dining Areas
• Fresh White Paint & Modern Interiors
• Built-in Wardrobes and Walk-in Closet
• Gazebo with Barbecue Gril"
pf-dubai-103,propertyfinder,https://www.propertyfinder.ae/en/plp/rent/villa-for-rent-dubai-tilal-al-ghaf-elan-115924993.html,PRIME LOCATION | Multiple Units | Landscaped,180000,AED,rent,apartment,3,4,1512,Tilal Al Ghaf,dubai,Dubai,"Dubai, Tilal Al Ghaf",25.026487350463867,55.234195709228516,2026-07-14T10:42:47Z,"Move in Today
3 Bedroom +Maid
Great Location in Tilal Al Ghaf 
Close to the Park
Elan
Landscaped
Peaceful community
Fantastic Quality
4 Bathrooms
BUA (Built Up Area) - 2153sqft
Plot - 1512sqft
Multiple Parking Spaces
Close walk to local amenities
Dacha Real Estate welcomes you to Elan which is a beautiful Residential Community filled with everything you need in Tilal Al Ghaf.

Ideally positioned, "
pf-dubai-104,propertyfinder,https://www.propertyfinder.ae/en/plp/rent/villa-for-rent-dubai-tilal-al-ghaf-elan-115915349.html,Single Row | Balcony | Family Villa,175000,AED,rent,apartment,3,4,1528,Tilal Al Ghaf,dubai,Dubai,"Dubai, Tilal Al Ghaf",25.026487350463867,55.234195709228516,2026-07-14T08:30:54Z,"Vacant
3 Bedroom +Maid
Great Location in Tilal Al Ghaf 
Close to the Park
Landscaped to a Great Standard
Fantastic Quality 
4 Bathrooms 
BUA (Built Up Area) - 2152sqft
Plot - 1528 sqft
2 Parking Spaces
Close walk to local amenities
Dacha Real Estate welcomes you to Elan which is a beautiful Residential Community filled with everything you need in Tilal Al Ghaf.

Ideally positioned, the residence i"
pf-dubai-105,propertyfinder,https://www.propertyfinder.ae/en/plp/rent/villa-for-rent-dubai-the-springs-springs-15-109482284.html,Exclusive | Back To Back | 3E | Pool Opposite,205000,AED,rent,apartment,3,2,2450,The Springs,dubai,Dubai,"Dubai, The Springs",25.051973342895508,55.178489685058594,2026-06-30T08:12:11Z,"Twinzcity Real Estate is pleased to offer this 3 bedroom plus study villa for rent in The Springs 15.

Property Details:

- Type 3E 
- 3 Bedrooms Plus Study 
- Built In Wardrobes
- 2 Parking Space
- Quiet Location
- Gated Community
- Plot 3,600
- Vacant Now


The Springs 15 is an established gated community that has redefined modern living in Dubai. Comprises clusters of townhouses set as distinct"
pf-dubai-106,propertyfinder,https://www.propertyfinder.ae/en/plp/rent/villa-for-rent-dubai-villanova-amaranta-amaranta-1-112310184.html,Family Villa | 3BR + M | Prime Location | Amaranta,160000,AED,rent,apartment,3,4,2063,Villanova,dubai,Dubai,"Dubai, Villanova, Amaranta",25.072528839111328,55.36298751831055,2026-07-06T13:40:04Z,"This beautifully designed 3-bedroom + maid’s room villa in Amaranta 1, Villanova offers the perfect blend of comfort, privacy, and community living. Ideal for families seeking a serene lifestyle in a vibrant gated community.

Property Details:
3 Bedrooms + Maid’s Room
4 Bathrooms
Plot Size: 2,063 sq. ft
Unfurnished
Bright & Airy Living Space
Modern Closed Kitchen
Private Garden Area
2 Covered Park"
pf-dubai-107,propertyfinder,https://www.propertyfinder.ae/en/plp/rent/villa-for-rent-dubai-arabian-ranches-3-sun-106409291.html,SINGLE ROW| NEGOTIABLE | VACANT ON 10 JULY,150000,AED,rent,apartment,3,4,1384,Arabian Ranches 3,dubai,Dubai,"Dubai, Arabian Ranches 3",25.063093185424805,55.31923294067383,2026-06-23T10:26:08Z,"This 3-bedroom villa spans 1384 square feet and offers a Vastu-compliant layout within the sought-after Arabian Ranches 3 community. The residence includes 4 bathrooms and provides a practical, unfurnished environment that allows for personal customization of the living space. Its design focuses on functional flow, ensuring that each room serves its purpose effectively while maintaining a comforta"
pf-dubai-108,propertyfinder,https://www.propertyfinder.ae/en/plp/rent/villa-for-rent-dubai-the-springs-springs-12-109032877.html,Backing Pool and Park | Vacant | Type 4M,150000,AED,rent,apartment,2,3,1857,The Springs,dubai,Dubai,"Dubai, The Springs",25.055492401123047,55.18327331542969,2026-06-29T08:28:25Z,"The Network is delighted to offer this 2 Bedroom Villa for rent in Springs 12 located in The Springs, Dubai. 

Key Features:
- 2 Bedrooms
- 3 Bathrooms
- BUA: 1,857 sqft
- Plot: 1,631 sqft
- Spacious garden
- Proximity to community parks and recreational areas
- 24/7 security services 
- Access to walking and cycling trails
- Close to retail shops and dining options

Springs 12, part of the highly"
pf-dubai-109,propertyfinder,https://www.propertyfinder.ae/en/plp/rent/villa-for-rent-dubai-serena-bella-casa-117257197.html,Vacant Soon | Well Maintained | Spacious,160000,AED,rent,apartment,3,4,2116,Serena,dubai,Dubai,"Dubai, Serena",25.036882400512695,55.28679656982422,2026-07-17T09:28:57Z,"Treo Homes is very pleased to be bringing to the market our latest listing in BELLA CASA, Serena.Features
 - 3 bedroom
 - 4 bathroom
 - Built in wardrobes
 - Open plan kitchen and living room
 - Maids room
 - walk in wardrobe
 - Landscaped Private Garden
 - 2,267 sq ft of built-up area
 - En-suite bathroom
 - Double shaded parking

A well-designed 3-bedroom villa offers spacious family living in a"
pf-dubai-110,propertyfinder,https://www.propertyfinder.ae/en/plp/rent/villa-for-rent-dubai-the-springs-springs-4-103263028.html,Best Price | Type 4M | Must See,140000,AED,rent,apartment,2,3,1884,The Springs,dubai,Dubai,"Dubai, The Springs",25.060333251953125,55.179264068603516,2026-06-16T11:45:59Z,"Espace Real Estate is pleased to offer this unfurnished, well maintained townhouse located in the popular Springs community. It is a well-presented, type 4M villa with upgraded kitchen and downstairs bathroom. Also comes with a maintenance contract, Upstairs there are 2 double bedrooms, en-suite bathroom, each with fitted wardrobe, private balcony and a great landscaped garden. The Villa has cover"
pf-dubai-111,propertyfinder,https://www.propertyfinder.ae/en/plp/rent/villa-for-rent-dubai-dubai-south-dubai-world-central-emaar-south-parkside-2-113719726.html,SINGLE ROW | EXCLUSIVE | UNFURNISHED | LANDSCAPED,110000,AED,rent,apartment,3,3,1483,Dubai South (Dubai World Central),dubai,Dubai,"Dubai, Dubai South (Dubai World Central), Emaar South",24.85886573791504,55.154571533203125,2026-07-09T11:25:55Z,"- Plot: 1,483
- Single Row
- Fully Landscaped Garden
- Open Kitchen 
- Excellent Central Location, Close to Shops

Dacha is proud to present you this elegant 3-bedroom house in Emaar South, located in the sought-after Parkside 2.

Property highlights:
- 3 spacious bedrooms
- Maid’s room
- 3 bathrooms + maid’s bathroom
- Expansive open-plan living area
- Ample natural light throughout
- Private gar"
pf-dubai-112,propertyfinder,https://www.propertyfinder.ae/en/plp/rent/villa-for-rent-dubai-arabian-ranches-2-camelia-camelia-1-96934207.html,Single Row I Vacant I Close to Amenities,210000,AED,rent,apartment,4,4,2378,Arabian Ranches 2,dubai,Dubai,"Dubai, Arabian Ranches 2, Camelia",25.03394317626953,55.277889251708984,2026-06-01T07:35:38Z,"Gold Mark Real Estate Broker LLC proudly presents this well-maintained four-bedroom, single-row townhouse available for rent in Camelia, Arabian Ranches 2.
Spanning 2,143 sq. ft., this home offers a bright open-plan living and dining area, a contemporary kitchen with generous storage space, and four well-proportioned bedrooms complemented by four bathrooms. The property also features a private lan"
pf-dubai-113,propertyfinder,https://www.propertyfinder.ae/en/plp/rent/villa-for-rent-dubai-serena-casa-dora-116815975.html,Spacious | Back To Back | Well Maintained,155000,AED,rent,apartment,3,4,2005,Serena,dubai,Dubai,"Dubai, Serena",25.033870697021484,55.28620529174805,2026-07-16T11:41:32Z,"Treo Homes is very pleased to be bringing to the market our latest listing in Casa Dora, Serena.Features
 - 3 bedrooms
 - 4 bathrooms
 - Maids room with private bathroom
 - Built-in wardrobes
 - Walk in wardrobe
 - Private landscaped garden
 - Balcony off Master Bedroom
 - Covered parking for 2 cars
 - En-suite bathroom
 - Laundry room

Discover this well-maintained 3-bedroom villa in Casa Dora, S"
pf-dubai-114,propertyfinder,https://www.propertyfinder.ae/en/plp/rent/villa-for-rent-dubai-arabian-ranches-3-bliss-2-118579862.html,Large 3BR | Modern Layout | Amazing Community,145000,AED,rent,apartment,3,4,1364,Arabian Ranches 3,dubai,Dubai,"Dubai, Arabian Ranches 3",25.065324783325195,55.32275390625,2026-07-20T09:19:17Z,"Caspian Properties Presents: Discover contemporary family living in Bliss 2, Arabian Ranches 3, a charming gated community inspired by whitewashed architecture, pedestrian-friendly streets, and vibrant outdoor spaces. This beautifully designed 3-bedroom townhouse with a maid's room offers spacious interiors, modern finishes, and a welcoming environment ideal for families seeking comfort and conven"
pf-dubai-115,propertyfinder,https://www.propertyfinder.ae/en/plp/rent/villa-for-rent-dubai-damac-lagoons-santorini-102836194.html,Single Row | Brand New | Modern Luxury Villa,180000,AED,rent,apartment,3,3,1550,Damac Lagoons,dubai,Dubai,"Dubai, Damac Lagoons",25.01461410522461,55.24009323120117,2026-06-15T13:15:13Z,"Trinity Real Estate Brokers LLC is proud to present this stunning 3-Bedroom + Maid's Room villa for rent in Santorini, DAMAC Lagoons, Dubai.

Property Details:
• 3 Bedrooms + Maid's Room
• 3 Bathrooms
• Built-in Wardrobes
• Spacious Kitchen
• Balcony
• 2 Covered Parking Spaces

Community Features & Amenities:
• Swimming Pool
• Kids' Play Area
• Barbecue Area
• Balcony or Terrace
• Centrally Air-Co"
pf-dubai-116,propertyfinder,https://www.propertyfinder.ae/en/plp/rent/villa-for-rent-dubai-the-springs-springs-2-106431860.html,Springs 2 | Back To Back | 4M | Vacant,165000,AED,rent,apartment,2,2,1650,The Springs,dubai,Dubai,"Dubai, The Springs",25.056095123291016,55.16767501831055,2026-06-23T18:36:37Z,"Twinzcity Real Estate is pleased to offer this 2 bedroom plus study villa for rent in The Springs 2.

Property Details:

- Type 4M
- 2 Bedrooms Plus Study 
- Built In Wardrobes
- 2 Parking Space
- Gated Community
- Vacant Now


The Springs 2 is an established gated community that has redefined modern living in Dubai. Comprises clusters of townhouses set as distinct precincts, each with dedicated e"
pf-dubai-117,propertyfinder,https://www.propertyfinder.ae/en/plp/rent/villa-for-rent-dubai-arabian-ranches-3-raya-117262725.html,SINGLE ROW|MULTIPLE OPTIONS IN CLUSTER|BRAND NEW,160000,AED,rent,apartment,3,4,1559,Arabian Ranches 3,dubai,Dubai,"Dubai, Arabian Ranches 3",25.067821502685547,55.33818435668945,2026-07-17T10:53:43Z,"Experience modern family living in this brand new 3-bedroom townhouse in the highly sought-after Raya at Arabian Ranches 3. Situated on a single-row plot, this home offers enhanced privacy, a peaceful environment, and contemporary finishes throughout. 

As the first tenant, you'll enjoy a home that has never been occupied, with pristine interiors, and the peace of mind that comes with a freshly ha"
pf-dubai-118,propertyfinder,https://www.propertyfinder.ae/en/plp/rent/villa-for-rent-dubai-the-springs-springs-3-105949813.html,Upgraded Unit | Huge Plot | Across Park and Lake,250000,AED,rent,apartment,3,3,2204,The Springs,dubai,Dubai,"Dubai, The Springs",25.05617332458496,55.17316818237305,2026-06-22T04:02:40Z,"The Network Real Estate is pleased to present this upgraded 3-bedroom villa with study, ideally positioned in Springs 3, one of Dubai's most sought-after villa communities.

Set on a huge 2,204 sq. ft. plot, this internal home enjoys a premium location directly across from the community park and lake, offering peaceful views and immediate access to green open spaces -- perfect for families.

The p"
pf-dubai-119,propertyfinder,https://www.propertyfinder.ae/en/plp/rent/villa-for-rent-dubai-arabian-ranches-3-bliss-113242290.html,Brand New | Vacant | Premium Location,160000,AED,rent,apartment,3,4,1347,Arabian Ranches 3,dubai,Dubai,"Dubai, Arabian Ranches 3",25.06486701965332,55.32307434082031,2026-07-08T05:35:43Z,"This 3-bedroom + maid’s room villa is designed for modern family living, featuring a modern kitchen with quality finishes, well-sized bedrooms, and thoughtfully designed interiors that balance comfort and style. Ideally positioned within the community, the villa is just a short walk from the pool and key amenities. Located in Wadi Al Safa 5, the community is known for its greenery, family-friendly"
pf-dubai-120,propertyfinder,https://www.propertyfinder.ae/en/plp/rent/villa-for-rent-dubai-villanova-la-violeta-la-violeta-1-117697457.html,Next to the park and pool | 3 bedrooms+ maid's,150000,AED,rent,apartment,3,4,1771,Villanova,dubai,Dubai,"Dubai, Villanova, La Violeta",25.074779510498047,55.34758377075195,2026-07-18T07:48:27Z,"La Violeta 1, Villanova
This 3‑bedroom villa with maid’s room in La Violeta 1, Villanova, Wadi Al Safa 5 offers a perfect blend of modern design, family‑friendly living, and community convenience. With a built‑up area of 1,940 sq ft., the home is thoughtfully designed to maximize space, natural light, and comfort. Vacant and ready to move in, it provides an immediate opportunity for families or in"
pf-dubai-121,propertyfinder,https://www.propertyfinder.ae/en/plp/rent/villa-for-rent-dubai-arabian-ranches-2-camelia-camelia-2-113732319.html,Vacant Soon | Spacious 3BR | Single Row,170000,AED,rent,apartment,3,4,1586,Arabian Ranches 2,dubai,Dubai,"Dubai, Arabian Ranches 2, Camelia",25.037109375,55.27568435668945,2026-07-09T14:28:08Z,"New Town Real Estate LLC proudly presents this elegant 3-bedroom villa for rent in Camelia, Arabian Ranches 2, one of Emaar's most sought-after family communities. Combining contemporary design, premium finishes, and spacious interiors, this villa offers an exceptional lifestyle in a secure, family-friendly neighborhood.

Property Details:
• 3 Bedrooms
• 4 Bathrooms
• Plot Area: 1,586.17 Sq. Ft.
•"
pf-dubai-122,propertyfinder,https://www.propertyfinder.ae/en/plp/rent/villa-for-rent-dubai-damac-lagoons-santorini-117270729.html,4 Bed|Back to Back|Near Pool & Park|Ready,145000,AED,rent,apartment,4,3,1550,Damac Lagoons,dubai,Dubai,"Dubai, Damac Lagoons",25.01461410522461,55.24009323120117,2026-07-17T12:54:55Z,"M & T Realty is proud to present this brand new 4-bedroom townhouse in Santorini, Damac Lagoons.

Property Details:
• 4 Bedrooms
• 3 Bathrooms
• BUA: 2,228 sq. ft.
• Plot Area: 1,550 sq. ft.
• Back to Back 
•Centrally Air-Conditioned
• 2 Parking
• Modern Open Layout
• Brand New

Community & Building Features:
• 24/7 Security with CCTV
• Landscaped Community Areas
• Walking & Cycling Paths
• Childr"
pf-dubai-123,propertyfinder,https://www.propertyfinder.ae/en/plp/rent/villa-for-rent-dubai-akoya-primrose-105972194.html,4 Bedrooms | Maid Room | Closed Kitchen | August,149999,AED,rent,apartment,4,5,1832,Damac Hills 2,dubai,Dubai,"Dubai, Damac Hills 2",24.992755889892578,55.392154693603516,2026-06-22T10:55:42Z,"BITS-RR-1556
-Primerose

""Unfortunately, we are not working with other AGENTS""

Discover your dream home with BITS Real Estate Brokers L.L.C in one of Dubai's most renowned communities. Unveil a haven designed with thoughtful amenities and communal spaces, crafted with the comfort and joy of you, your family, friends, and loved ones in mind.

Property Highlights:

- 4 Bedrooms  
- Plus Maidsroom
-"
pf-dubai-124,propertyfinder,https://www.propertyfinder.ae/en/plp/rent/villa-for-rent-dubai-dubai-hills-estate-maple-at-dubai-hills-estate-maple-at-dubai-hills-estate-3-112757174.html,Vacant Soon | Near Park | Negotiable,220000,AED,rent,apartment,3,4,2178,Dubai Hills Estate,dubai,Dubai,"Dubai, Dubai Hills Estate, Maple at Dubai Hills Estate",25.104257583618164,55.25556182861328,2026-07-07T13:04:48Z,"Maple 3, Dubai Hills Estate 
3 Bedrooms
4 Bathrooms 
2 Covered Parking spaces

Property Details:
• Plot : 2,178 Sq. ft.
• BUA: 2,300 Sq. ft.
• Maid's room
• Near community park 
• Negotiable 
• Landscaped
• Back to Back 
• Vacant Soon 
• Unfurnished but arrangements can be made for furnishings  

Proximity:
10 minutes to Dubai Hills Mall
12 minutes to Mall of the Emirates
15 minutes to Burj Khalif"
pf-dubai-125,propertyfinder,https://www.propertyfinder.ae/en/plp/rent/villa-for-rent-dubai-the-springs-springs-3-116353248.html,Springs 3 | Opposite Lake | Negotiable,210000,AED,rent,apartment,3,3,2288,The Springs,dubai,Dubai,"Dubai, The Springs",25.05617332458496,55.17316818237305,2026-07-15T05:00:12Z,"- 3 Bedrooms + Study
- Bright Open Living Area
- Landscaped Garden 
- Springs 3
- Type 3M
- BUA: 2,456 Sq. Ft

Allsopp and Allsopp are delighted to present this well maintained Type 3M villa in the popular community of The Springs 3, ideally located close to parks, pools, and local amenities.

The ground floor comprises a spacious open plan living and dining area with large windows allowing for pl"
pf-dubai-126,propertyfinder,https://www.propertyfinder.ae/en/plp/rent/villa-for-rent-dubai-damac-hills-2-albizia-84883105.html,Spacious Layout | Ready to Move-in | Unfurnished,90000,AED,rent,apartment,3,3,1208,Damac Hills 2,dubai,Dubai,"Dubai, Damac Hills 2",24.98950958251953,55.3775634765625,2026-05-04T08:13:16Z,"Presented by Elan Real Estate – Your trusted partner for premium homes in Dubai

Villa for Rent in Albizia, DAMAC Hills 2
Discover comfortable community living in this well-designed 3-bedroom villa located in Albizia, a family-friendly sub-community within DAMAC Hills 2. 

The villa features three spacious bedrooms, three modern bathrooms, and bright living spaces designed for everyday comfort. Re"
pf-dubai-127,propertyfinder,https://www.propertyfinder.ae/en/plp/rent/villa-for-rent-dubai-the-springs-springs-11-115925588.html,Price Reduced | Beautifully Upgraded | Vacant,150000,AED,rent,apartment,2,3,1856,The Springs,dubai,Dubai,"Dubai, The Springs",25.055278778076172,55.176944732666016,2026-07-14T10:52:12Z,"Unique Properties  is delighted to present this spacious 2 bedroom townhouse for rent in Springs 11, Emirates Hills, offering a serene family lifestyle within one of Dubai’s most sought-after gated communities. Featuring a large private garden, bright interiors, and generous outdoor spaces including a balcony and terrace, this home is ideal for families seeking comfort, privacy, and peaceful commu"
pf-dubai-128,propertyfinder,https://www.propertyfinder.ae/en/plp/rent/villa-for-rent-dubai-villanova-la-rosa-la-rosa-1-83650670.html,Modern Villa | Family-Friendly Community,170000,AED,rent,apartment,3,4,1736,Villanova,dubai,Dubai,"Dubai, Villanova, La Rosa",25.069263458251953,55.35065841674805,2026-05-01T08:53:03Z,"Welcome to La Rosa 1 – Where Comfort Meets Contemporary Living

Discover this beautifully designed 3-bedroom villa nestled in the highly sought-after Villanova community in Dubai Land. Offering a perfect blend of modern elegance and practical living, this home is ideal for families looking for space, comfort, and a vibrant community lifestyle.

Property Features:

3 generously sized bedrooms with "
pf-dubai-129,propertyfinder,https://www.propertyfinder.ae/en/plp/rent/villa-for-rent-dubai-the-springs-springs-6-115917778.html,Partial Renovated | Lake View | Type 3M,250000,AED,rent,apartment,3,3,2064,The Springs,dubai,Dubai,"Dubai, The Springs",25.068767547607422,55.1888313293457,2026-07-14T08:59:25Z,"Unique Properties is pleased to present this beautiful well-maintained villa in front of the big lake with a scenic beauty. This Villa is partially renovated Type 3M villa, ideally located in the highly sought-after Springs 6 community. The property enjoys good natural light, a full lake view, offering exceptional privacy, tranquility, and a peaceful family-friendly setting. 

- 3 Bedrooms 3 Bathr"
pf-dubai-130,propertyfinder,https://www.propertyfinder.ae/en/plp/rent/villa-for-rent-dubai-the-springs-springs-7-97366960.html,Springs 7 | Corner | Back To Back | Souk Walking,155000,AED,rent,apartment,2,2,1650,The Springs,dubai,Dubai,"Dubai, The Springs",25.063928604125977,55.1904411315918,2026-06-02T07:07:40Z,"Twinzcity Real Estate is pleased to offer this 2 Bedroom Plus Study Villa for Rent in The Springs 7.

Property Details:

- Springs Souk Walking Distance
- Type 4E
- 2 Bedrooms Plus 2 Bathrooms
- Built In Wardrobes
- 2 Parking Space
- 2 Community Pools
- Gated Community
- Available Now


The Springs 7 is an established gated community that has redefined modern living in Dubai. Comprises clusters of"
pf-dubai-131,propertyfinder,https://www.propertyfinder.ae/en/plp/rent/villa-for-rent-dubai-arabian-ranches-3-raya-114186486.html,BRIGHT AND SPACIOUS | BRAND NEW | GATED COMMUNITY,165000,AED,rent,apartment,3,4,1559,Arabian Ranches 3,dubai,Dubai,"Dubai, Arabian Ranches 3",25.067821502685547,55.33818435668945,2026-07-10T22:52:06Z,"RERA PERMIT NO: 65442560958

A&B Realty is pleased to offer you this spacious, 3-bedroom villa for rent in Raya, Arabian Ranches 3, Dubai.

Property Features:
● Bedrooms: 3
● Bathrooms: 4
● Size: 1559 sqft
● Open and Fully Fitted Kitchen
● Laundry Room
● Spacious and Bright Unit
● High-End Fittings
● Expensive Outdoor Terrace
● Built-in wardrobes
● Covered Car Parking
● Ready to move in

Rent: AED"
pf-dubai-132,propertyfinder,https://www.propertyfinder.ae/en/plp/rent/villa-for-rent-dubai-the-springs-springs-3-110519463.html,Fully Upgraded | 4M  | Springs 3,195000,AED,rent,apartment,2,2,2205,The Springs,dubai,Dubai,"Dubai, The Springs",25.05617332458496,55.17316818237305,2026-07-02T11:25:20Z,"Espace Real Estate is pleased to present this fully upgraded two bedroom Type 4M villa located in the highly desirable Springs 3 community. Renovated throughout to a high standard, this well-presented home is ideally positioned close to the communal park, swimming pool, and newly added padel court, offering an excellent lifestyle for families in a peaceful, gated setting.

The villa features a gen"
pf-dubai-133,propertyfinder,https://www.propertyfinder.ae/en/plp/rent/villa-for-rent-dubai-arabian-ranches-3-raya-115919908.html,Brand New | Vacant | New Community | Family Haven,160000,AED,rent,apartment,3,4,1601,Arabian Ranches 3,dubai,Dubai,"Dubai, Arabian Ranches 3",25.067821502685547,55.33818435668945,2026-07-14T09:30:23Z,"Visionary Real Estate proudly presents this beautifully designed 3-Bedroom + Maid's Villa in Raya at Arabian Ranches III, one of Emaar's newest master-planned communities where every detail has been designed around modern family living.
Wake up to peaceful streets, morning walks through landscaped parks, children playing safely outdoors, and evenings spent at the clubhouse or pool. This is the lif"
pf-dubai-134,propertyfinder,https://www.propertyfinder.ae/en/plp/rent/villa-for-rent-dubai-arabian-ranches-3-raya-115917692.html,Brand New | Single Row | 3 Bed + Maid | Best Value,160000,AED,rent,apartment,3,4,1574,Arabian Ranches 3,dubai,Dubai,"Dubai, Arabian Ranches 3",25.067821502685547,55.33818435668945,2026-07-14T08:58:10Z,"Be the first to call this exceptional Townhouse home.

Visionary Real Estate proudly presents this brand-new, just handed-over 3-Bedroom + Maid's Villa in Raya, Arabian Ranches III—offering a rare opportunity to become the very first resident of a home built by Emaar in one of Dubai's most sought-after family communities.

Positioned on a single-row location, this villa offers enhanced privacy, pe"
pf-dubai-135,propertyfinder,https://www.propertyfinder.ae/en/plp/rent/villa-for-rent-dubai-serena-casa-viva-118594158.html,Fully Furnished | Single Row | Close to Park,220000,AED,rent,apartment,3,4,2005,Serena,dubai,Dubai,"Dubai, Serena",25.036428451538086,55.28071212768555,2026-07-20T12:27:40Z,"Lily and Huspy are pleased to present this 3-bedroom townhouse situated in a sought-after Casa Viva, Serena.

Property Features:

- 3 Bedrooms 
- 4 Bathrooms
- 2 Covered Parking Spaces
- Private Garden
- With Maid's Room
- Built-in Wardrobes
- With Balcony
- Smart AC System
- Cable Ready
- Laundry Room
- Fully Furnished

This villa is move-in ready offering the perfect blend of comfort, style, and"
pf-dubai-136,propertyfinder,https://www.propertyfinder.ae/en/plp/rent/villa-for-rent-dubai-villanova-amaranta-amaranta-b-112756604.html,Well Maintained | Landscaped | Exclusive,150000,AED,rent,apartment,3,4,1732,Villanova,dubai,Dubai,"Dubai, Villanova, Amaranta",25.079425811767578,55.363189697265625,2026-07-07T12:58:04Z,"This beautifully designed 3-bedroom villa in Amaranta B , Wadi Al Safa 5, offers a perfect blend of comfort, space, and modern family living. Nestled in a peaceful and well-planned community, the villa features a generous layout with bright living and dining areas, large windows, and quality finishes throughout. The property includes a contemporary kitchen, well-sized bedrooms with built-in wardro"
pf-dubai-137,propertyfinder,https://www.propertyfinder.ae/en/plp/rent/villa-for-rent-dubai-villanova-la-rosa-la-rosa-5-109038312.html,FAMILY COMMNUNITY | SPACIOUS 3 BR | VACANT,149999,AED,rent,apartment,3,4,1733,Villanova,dubai,Dubai,"Dubai, Villanova, La Rosa",25.071901321411133,55.35408020019531,2026-06-29T09:35:06Z,"Emerald Estates Properties LLC offers you a lovely 3 bedroom villa in nice community of Villanova - Dubailand for rent

Townhouse for rent in La Rosa 5, Villanova


Features:

• Bedroom: 3
• Maid room: Yes
• Bathroom: 4
• Parking: 2
• Balcony: Yes
• Unfurnished.



Landmarks:

• Near pool, basketball and tennis courts, kids playground.
• Nearest shopping mall 5 min driving
• Nearest restaurant 5 m"
pf-dubai-138,propertyfinder,https://www.propertyfinder.ae/en/plp/rent/villa-for-rent-dubai-tilal-al-ghaf-elan-107275302.html,Single Row | Green Belt | Vacant,180000,AED,rent,apartment,3,4,1512,Tilal Al Ghaf,dubai,Dubai,"Dubai, Tilal Al Ghaf",25.026487350463867,55.234195709228516,2026-06-25T06:36:19Z,"House And Hedges Real Estate is pleased to offer this 3 Bedroom Villa in Elan, Tilal Al Ghaf, Dubai, UAE.

Designed as an exclusive gated enclave within Tilal Al Ghaf, Elan provides the perfect getaway from busy city life. When you come home to Elan, you leave the world far behind.
Elan offers the perfect lifestyle for the modern family. With high-quality three- and four-bedroom duplex townhouses,"
pf-dubai-139,propertyfinder,https://www.propertyfinder.ae/en/plp/rent/villa-for-rent-dubai-reem-mira-mira-4-113242723.html,Spacious | Amazing layout | Multiple cheques,160000,AED,rent,apartment,3,4,2170,Reem,dubai,Dubai,"Dubai, Reem, Mira",25.010250091552734,55.303611755371094,2026-07-08T06:09:25Z,"Linda's Real Estate is pleased to offer this Mira 4 townhouse type 3m.

Property Details:
 
-3 bedrooms upstairs 
-4bathrooms
-En-suite maid's room
-Spacious living
-Balcony
-Spacious landscaped garden


An exclusive gated community, Mira townhouses enjoy the unique position of being away from the pace of city life and yet superbly centrally located is an excellent choice for those seeking a safe "
pf-dubai-140,propertyfinder,https://www.propertyfinder.ae/en/plp/rent/villa-for-rent-dubai-serena-casa-dora-113274950.html,NEAR POOL AND PARK | LANDSCAPED | VACANT,155000,AED,rent,apartment,3,4,2005,Serena,dubai,Dubai,"Dubai, Serena",25.033870697021484,55.28620529174805,2026-07-08T13:14:55Z,"AQUA Properties is proud to present this lovely Type C (Middle unit) 3-bedroom plus maid’s room as a new brand within the third phase of Serena Community, Casa Dora.

Property Details:
* 3 Bedrooms
* 4 Bathrooms
* Vacant
* Maid’s room with attached bathroom
* Dark wood Kitchen
* Unfurnished
* BUA: 2159 sq. ft.
* Plot Size: 2005 sq. ft.
* Vacant and ready to move in
* Close to the community entranc"
pf-dubai-141,propertyfinder,https://www.propertyfinder.ae/en/plp/rent/villa-for-rent-dubai-tilal-al-ghaf-elan-116800166.html,Single Row | large 4BHK Plus Maid | Available Soon,240000,AED,rent,apartment,4,5,2440,Tilal Al Ghaf,dubai,Dubai,"Dubai, Tilal Al Ghaf",25.026487350463867,55.234195709228516,2026-07-16T07:11:38Z,"Single Row | Spacious 4BR + Maid Villa | Available Soon | Premium Family Community | Tilal Al Ghaf

AED 240,000 | 4 Bedrooms | 5 Bathrooms | Maid's Room | 2,440 Sq. Ft.

Discover the perfect family home in the prestigious Tilal Al Ghaf, one of Dubai's most sought-after master communities. This beautifully designed single-row 4-bedroom villa with a maid's room offers exceptional privacy, spacious i"
pf-dubai-142,propertyfinder,https://www.propertyfinder.ae/en/plp/rent/villa-for-rent-dubai-dubai-south-dubai-world-central-emaar-south-parkside-2-106835188.html,Community Expert | Single Row | Vacant July,110000,AED,rent,apartment,3,4,1483,Dubai South (Dubai World Central),dubai,Dubai,"Dubai, Dubai South (Dubai World Central), Emaar South",24.85886573791504,55.154571533203125,2026-06-24T06:53:23Z,"Jade & Co Real Estate is pleased to offer this 3 bedroom townhouse for rent in Parkside 2, Emaar South.

- Vacant in July
- 3 bedroom 
- Single Row
- Built Up Area –  1,483 Sq. Ft.
- Landscaped
- Close to amenities
- Unfurnished
- Shared pool
- Shared Gym
- For viewing schedules/queries Contact Sean (B.R.N. 90013)

Discover this beautifully maintained 3-bedroom townhouse for rent in Parkside 2, Em"
pf-dubai-143,propertyfinder,https://www.propertyfinder.ae/en/plp/rent/villa-for-rent-dubai-damac-lagoons-santorini-115932640.html,Single Row | Big Layout | Mediterranean Villa,175000,AED,rent,apartment,3,3,1550,Damac Lagoons,dubai,Dubai,"Dubai, Damac Lagoons",25.01461410522461,55.24009323120117,2026-07-14T12:40:09Z,"Savvy Homes Real Estate LLC is proud to present this elegant 3-bedroom villa for rent in the highly sought-after DAMAC Lagoons, one of Dubai's most vibrant waterfront communities. Inspired by Mediterranean living, this stunning home offers contemporary interiors, spacious living areas, and a peaceful lifestyle surrounded by crystal lagoons, lush landscapes, and world-class amenities.

Perfect for "
pf-dubai-144,propertyfinder,https://www.propertyfinder.ae/en/plp/rent/villa-for-rent-dubai-the-springs-springs-2-117247912.html,Upgraded 2BR + Study | Close to Schools,170000,AED,rent,apartment,2,3,1856,The Springs,dubai,Dubai,"Dubai, The Springs",25.056095123291016,55.16767501831055,2026-07-17T05:12:10Z,"Squadra Real Estate is delighted to offer this fully upgraded 2-bedroom plus study villa in The Springs

- Rental price: AED 170,000
- 2 Bedrooms plus Study Room
- 3 Bathrooms
- Area: 1856 sqft
- Living area
- Fully Upgraded 
- Covered Parking
- Very close to Dubai British School, Emirates International School, and Spinneys Shopping Center

The primary attraction of Springs is its central location"
pf-dubai-145,propertyfinder,https://www.propertyfinder.ae/en/plp/rent/villa-for-rent-dubai-damac-hills-2-albizia-101269170.html,Single Row | Park View I Ready To Move,95000,AED,rent,apartment,3,3,1208,Damac Hills 2,dubai,Dubai,"Dubai, Damac Hills 2",24.98950958251953,55.3775634765625,2026-06-11T09:08:21Z,"The Royal Nest Real Estate is proud to present this Fully Furnished 3-Bedroom Villa in Albizia, Damac Hills 2

Enjoy comfortable family living in this beautifully furnished villa located in the vibrant community of Albizia, Damac Hills 2. Situated on a single-row plot with a park view, this home offers privacy, tranquility, and a family-friendly environment. 

Property Features:
• 3 Bedrooms
• 3 B"
pf-dubai-146,propertyfinder,https://www.propertyfinder.ae/en/plp/rent/villa-for-rent-dubai-the-springs-springs-8-114149037.html,4M | Vacant Now | Prime Location,155000,AED,rent,apartment,2,3,1856,The Springs,dubai,Dubai,"Dubai, The Springs",25.060590744018555,55.18796920776367,2026-07-10T04:59:01Z,"XO property presents this 2 bed + study villa in the Springs 8 community, offering contemporary interiors, generous living space and a flexible study ideal for a home office or guest room. The property features a bright and airy layout with plenty of natural light throughout, creating a warm and welcoming atmosphere perfect for modern family living.

Key features;

2 bedrooms + study
Spacious open"
pf-dubai-147,propertyfinder,https://www.propertyfinder.ae/en/plp/rent/villa-for-rent-dubai-arabian-ranches-palmera-palmera-2-113696446.html,Single Row | Private Garden | Well Maintained,180000,AED,rent,apartment,2,3,2321,Arabian Ranches,dubai,Dubai,"Dubai, Arabian Ranches, Palmera",25.040096282958984,55.26174545288086,2026-07-09T06:33:35Z,"2 Bedroom | 1,889 Sq. Ft. | Single Row

- 2 Bedroom
- 3 Bathroom
- Landscaped Garden
- Single Row
- Walk To Community Pool
- 1,889 Sq. Ft.
- Covered Parking for 2 Vehicles
- Agent: Chris Greenwell 


A well-presented two-bedroom Spanish-style villa, located on a single row and close to the pool and park.

The villa is located in the most sought-after location and is easily accessible to main commu"
pf-dubai-148,propertyfinder,https://www.propertyfinder.ae/en/plp/rent/villa-for-rent-dubai-damac-lagoons-costa-brava-costa-brava-1-109051179.html,Handed Over | Close to Lagoon | Brand New,160000,AED,rent,apartment,4,3,1550,Damac Lagoons,dubai,Dubai,"Dubai, Damac Lagoons, Costa Brava",25.01749610900879,55.24064636230469,2026-06-29T12:35:25Z,"Experience refined waterfront living in this exceptional 4-bedroom single row villa in Costa Brava at DAMAC Lagoons, one of Dubai’s most sought-after Mediterranean-inspired communities. Designed for families who value space, privacy, and a resort-style lifestyle, this beautifully crafted home offers a rare combination of elegant interiors, tranquil surroundings, and premium community amenities. Po"
pf-dubai-149,propertyfinder,https://www.propertyfinder.ae/en/plp/rent/villa-for-rent-dubai-arabian-ranches-3-bliss-116367655.html,Single Row | Spacious and Bright | Near Wadi Park,150000,AED,rent,apartment,3,4,1445,Arabian Ranches 3,dubai,Dubai,"Dubai, Arabian Ranches 3",25.06486701965332,55.32307434082031,2026-07-15T10:33:58Z,"For Details & Viewings,
Contact: Kunal Kaushal


Property Highlights:
• 3 Bedrooms
• Built-up Area: 2312.51 sq. ft.
• Plot Area: 1444.73 sq. ft.
• Modern open-plan living and dining area
• Stylish kitchen with premium finishes
• Built-in wardrobes
• Private outdoor space
• Family-oriented community


Discover peaceful suburban living in this beautiful 3-bedroom villa located in the highly sought-a"
pf-dubai-150,propertyfinder,https://www.propertyfinder.ae/en/plp/rent/villa-for-rent-dubai-mudon-mudon-al-ranim-1-105960975.html,Green Belt I Close to Gate I Ready to Move,190000,AED,rent,apartment,3,4,1812,Mudon,dubai,Dubai,"Dubai, Mudon",25.015941619873047,55.264915466308594,2026-06-22T08:53:00Z,"At Gold Mark Real Estate, were proud to present this exceptional property that combines comfort, style, and unbeatable value. With a reputation built on trust, expertise, and client satisfaction, we ensures every listing receives the attention it deserves.

Whether youre looking to invest, upgrade, or find your perfect home, this opportunity is one you dont want to miss. Experience the Gold Mark d"
pf-dubai-151,propertyfinder,https://www.propertyfinder.ae/en/plp/rent/villa-for-rent-dubai-mudon-mudon-al-ranim-1-105960084.html,Single Row I Near Park I Ready to Move In,220000,AED,rent,apartment,3,4,1928,Mudon,dubai,Dubai,"Dubai, Mudon",25.015941619873047,55.264915466308594,2026-06-22T08:43:57Z,"At Gold Mark Real Estate, were proud to present this exceptional property that combines comfort, style, and unbeatable value. With a reputation built on trust, expertise, and client satisfaction, we ensures every listing receives the attention it deserves.

KEY FEATURES:

- 3 bedrooms 
- 4 bathrooms
- Private garden
- Built-in wardrobes
- Central A/C
- Modern kitchen with ample storage
- Well-main"
pf-dubai-152,propertyfinder,https://www.propertyfinder.ae/en/plp/buy/apartment-for-sale-dubai-business-bay-churchill-towers-churchill-residency-tower-116373732.html,Bright & Spacious | Prime Location | Stables View,2280000,AED,sale,apartment,2,3,1471,Business Bay,dubai,Dubai,"Dubai, Business Bay, Churchill Towers",25.181310653686523,55.262508392333984,2026-07-15T11:58:36Z,"Betterhomes Presenting this well-maintained unit in the iconic Churchill Tower, Business Bay — one of the most established towers in the heart of Dubai’s business district.

This property offers a functional  layout with generous living spaces, large windows allowing plenty of natural light, and stunning views of the canal and city skyline. Ideal for both end-users and investors seeking strong ren"
pf-dubai-153,propertyfinder,https://www.propertyfinder.ae/en/plp/buy/apartment-for-sale-dubai-business-bay-damac-towers-by-paramount-tower-b-116370580.html,3 BR |  Vacant | Burj Khalifa | High Floor,2625000,AED,sale,apartment,3,3,1743,Business Bay,dubai,Dubai,"Dubai, Business Bay, Damac Towers by Paramount",25.185945510864258,55.29115295410156,2026-07-15T11:14:13Z,"Betterhomes is pleased to offer this stunning fully furnished three-bedroom apartment, located at DAMAC Towers by Paramount ( B ), Business Bay, Dubai with breathtaking views over Burj Khalifa, Canal and Meydan View.

• 3 BR
• High Floor
• 1,743.86 sq.ft.
• Vacant
• Fully Furnished
• Spacious living room
• Dinning area
• Semi-closed kitchen with breakfast bar
• Fully fitted kitchen with utensils
•"
pf-dubai-154,propertyfinder,https://www.propertyfinder.ae/en/plp/buy/apartment-for-sale-dubai-jumeirah-village-triangle-district-1-maya-5-117274509.html,Spacious Family Home | Vacant | Great Community,2725000,AED,sale,apartment,3,4,1813,Jumeirah Village Triangle,dubai,Dubai,"Dubai, Jumeirah Village Triangle, District 1",25.03611183166504,55.175872802734375,2026-07-17T13:57:38Z,"Brought to you by Xestate Properties LLC, this vacant and upgraded 3-bedroom duplex apartment is located in Maya Residences 5, Jumeirah Village Triangle (JVT). The property features a spacious layout, modern finishes, and access to excellent community amenities, making it ideal for family living.

Property Details

- Type: 3 Bedroom Duplex
- Built-up Area: 1,814 Sq. Ft
- Bedrooms: 3
- Bathrooms: 4"
pf-dubai-155,propertyfinder,https://www.propertyfinder.ae/en/plp/buy/apartment-for-sale-dubai-town-square-hayat-boulevard-hayat-boulevard-1-hayat-boulevard-1b-114602875.html,Fully Furnished | Pool View| Sleek Modern Upgrades,1450000,AED,sale,apartment,2,2,1103,Town Square,dubai,Dubai,"Dubai, Town Square, Hayat Boulevard, Hayat Boulevard 1",25.004589080810547,55.29588317871094,2026-07-11T09:37:32Z,"Property Features:

•	Type: Apartment
•	Size: 1,103.30 SQFT
•	Bedrooms: 2
•	Bathrooms: 2
•	Parking Space: 1
•	Stunning Pool View
•	Elegant & Beautiful Furnishings
•	Fully Furnished Unit
•	Upgraded Floors
•	Great Investment
•	High ROI 

Community Amenities:

•	Swimming Pools
•	Fitness Centers / Gym
•	Children’s Play Areas
•	Retail & Dining Options
•	Landscaped Parks & Walking Tracks
•	24/7 Security"
pf-dubai-156,propertyfinder,https://www.propertyfinder.ae/en/plp/buy/apartment-for-sale-dubai-jumeirah-village-circle-district-12-belgravia-heights-belgravia-heights-1-113721143.html,Vacant | Ellington | Park View,1325000,AED,sale,apartment,1,2,832,Jumeirah Village Circle,dubai,Dubai,"Dubai, Jumeirah Village Circle, District 12, Belgravia Heights",25.053102493286133,55.21824645996094,2026-07-09T11:41:39Z,"Arabian Acres Real Estate is delighted to present this well-designed 1-bedroom apartment for Sale in Belgravia Heights I, ideally situated in the vibrant community of Jumeirah Village Circle (JVC).

The apartment offers a smart layout with modern finishes, creating a comfortable and contemporary living space. With ample natural light throughout, it is perfect for individuals or couples looking for"
pf-dubai-157,propertyfinder,https://www.propertyfinder.ae/en/plp/buy/apartment-for-sale-dubai-dubai-internet-city-dubai-jewel-tower-114163592.html,AREA SPECIALIST I MULTIPLE OPTION I CALL NOW,3762642,AED,sale,apartment,3,4,2261,Dubai Internet City,dubai,Dubai,"Dubai, Dubai Internet City",25.102121353149414,55.171539306640625,2026-07-10T10:33:27Z,"**Dubai Jewel Tower: A Luxurious Oasis Awaits**

Discover unparalleled luxury and breathtaking views in this stunning 3-bedroom apartment at Dubai Jewel Tower. Spanning 2260.42 sqft, this residence offers a harmonious blend of space, style, and sophistication, perfect for families or individuals seeking an elevated living experience in the heart of Dubai.

Step inside and be captivated by the seam"
pf-dubai-158,propertyfinder,https://www.propertyfinder.ae/en/plp/buy/apartment-for-sale-dubai-jumeirah-village-circle-district-10-binghatti-apex-118137429.html,Modern Unit | Spacious | High Floor,1250000,AED,sale,apartment,1,1,911,Jumeirah Village Circle,dubai,Dubai,"Dubai, Jumeirah Village Circle, District 10",25.065427780151367,55.20225143432617,2026-07-19T07:16:59Z,"Property Highlights:

- Built-Up Area: 911 sq. ft.
- 1 Bedroom, 1 Bathroom
- Unfurnished
- Landmark View
- High Floor
- Ready to Move In
- Binghatti - Binghatti Apex

Community and Lifestyle Amenities:

- Shared adults and children's pools
- Jogging track
- Padel court
- Outdoor yoga area
- Indoor gym
- Children's play area
- 24/7 security
- Grand lobby
- Covered parking
- Central A/C
- Built-in w"
pf-dubai-159,propertyfinder,https://www.propertyfinder.ae/en/plp/buy/apartment-for-sale-dubai-business-bay-bay-square-bay-square-building-9-113734048.html,Large Rented Studio | Huge Balcony | Investor Deal,1150000,AED,sale,apartment,0,1,851,Business Bay,dubai,Dubai,"Dubai, Business Bay, Bay Square",25.184917449951172,55.280479431152344,2026-07-09T15:13:00Z,"Brought to you by Xestate Properties LLC, this spacious studio apartment is located in Bay Square Building 9, Business Bay.

This well-maintained apartment offers a generous layout, modern finishes, and a prime location within one of Business Bay's most sought-after mixed-use communities. Currently rented, it presents an excellent opportunity for investors seeking immediate rental income.

Propert"
pf-dubai-160,propertyfinder,https://www.propertyfinder.ae/en/plp/buy/apartment-for-sale-dubai-dubai-internet-city-dubai-jewel-tower-110504788.html,LARGE LAYOUT I SPACIOUS I READY TO MOVE,2847905,AED,sale,apartment,2,3,1693,Dubai Internet City,dubai,Dubai,"Dubai, Dubai Internet City",25.102121353149414,55.171539306640625,2026-07-02T08:38:23Z,"Discover unparalleled luxury living in this exquisite 2-bedroom apartment located in the prestigious Dubai Jewel Tower. Boasting of beautifully designed space, this property offers a sophisticated urban lifestyle with breathtaking views.
 Amenities:


*   24 hours Maintenance
*   Balcony
*   Bank/ATM Facility
*   Basketball Court
*   Built in wardrobes
*   Children's play area
*   Community View
*"
pf-dubai-161,propertyfinder,https://www.propertyfinder.ae/en/plp/buy/apartment-for-sale-dubai-jumeirah-village-circle-district-10-binghatti-apex-116385813.html,Spacious Layout | High Floor | Multiple Options,1100000,AED,sale,apartment,1,1,908,Jumeirah Village Circle,dubai,Dubai,"Dubai, Jumeirah Village Circle, District 10",25.065427780151367,55.20225143432617,2026-07-15T15:47:08Z,"Property Highlights:

- Built-Up Area: 910 sq. ft.
- 1 Bedroom, 1 Bathroom
- Unfurnished
- High Floor
- Binghatti - Jumeirah Village Circle

Community and Lifestyle Amenities:

- Adults and kids swimming pools
- Indoor gymnasium
- Outdoor yoga area
- Paddle court
- Jogging track
- Landscaped communal areas
- Children's playground
- Basement parking
- On-site retail and office units

Location and C"
pf-dubai-162,propertyfinder,https://www.propertyfinder.ae/en/plp/buy/apartment-for-sale-dubai-dubai-science-park-marriott-executive-apartments-116378155.html,Last Units Available|Premium Style|Ready Handover,1700000,AED,sale,apartment,1,2,1152,Dubai Science Park,dubai,Dubai,"Dubai, Dubai Science Park",25.08014678955078,55.24605178833008,2026-07-15T13:05:01Z,"Marriott Residences – Luxury Living Redefined

Welcome to Marriott Residences, an exclusive residential development branded by Marriott, offering ready-to-move-in fully furnished 1 bedroom apartments.

This one-of-a-kind project combines luxury, comfort, and world-class hospitality in a purely residential environment – with no hotel component. Each apartment features spacious layouts, elegant inte"
pf-dubai-163,propertyfinder,https://www.propertyfinder.ae/en/plp/buy/apartment-for-sale-dubai-difc-park-towers-park-tower-b-101268660.html,Spacious 1BR with Balcony | 2 Parking Spaces,1800000,AED,sale,apartment,1,2,1056,DIFC,dubai,Dubai,"Dubai, DIFC, Park Towers",25.209806442260742,55.27897262573242,2026-06-11T09:01:44Z,"Area: 1,056 sq. ft.
1 Bedroom
2 Bathrooms
Furnished
Balcony
2 Parking Spaces
Access to Shared Pool & Gym
24/7 Concierge & Security Services
Directly connected to Gate Avenue
Status: Rented until November 2026

Discover contemporary elegance in this beautifully designed 1-bedroom apartment, perfectly situated in the prestigious Dubai International Financial Centre (DIFC). This stylish residence com"
pf-dubai-164,propertyfinder,https://www.propertyfinder.ae/en/plp/buy/apartment-for-sale-dubai-dubai-marina-continental-tower-83643060.html,HOT DEAL - MARINA VIEW - VACANT,1400000,AED,sale,apartment,1,2,788,Dubai Marina,dubai,Dubai,"Dubai, Dubai Marina",25.080215454101562,55.13917922973633,2026-05-01T07:10:06Z,"WE AL BISHRI REAL ESTATE THE PREMIUM AGENTS FOR CONTINENTAL TOWER
We Pleased to Present One Bedroom Apartment for sale



- VACANT
- Unfurnished
- Full Marina View
- 1 BEDROOM Continental Tower
- fully upgraded with high-end finishing and tiles
- Building is in Front Row of Dubai Marina
- Full Marina VIEW
- Short Walk to The Beach and JBR Walk
- Fully Fitted Kitchen
- High Quality of Finishes and "
pf-dubai-165,propertyfinder,https://www.propertyfinder.ae/en/plp/buy/apartment-for-sale-dubai-downtown-dubai-rp-heights-118569730.html,Huge Layout | Close to Dubai Mall | Vacant Soon,2000000,AED,sale,apartment,1,2,1116,Downtown Dubai,dubai,Dubai,"Dubai, Downtown Dubai",25.19486427307129,55.28451156616211,2026-07-20T05:42:55Z,"RP Heights – Spacious 1-Bedroom Corner Unit | Lowest Priced in the Market | High ROI | Available March

  * Size: Approx. 1,116 sq ft
  * Layout: 1 Bedroom, 2 Bathroom
  * Unit Type: Corner unit with abundant natural light
  * Availability: Vacant in March

This generously sized 1-bedroom corner unit at RP Heights features a bright, open layout with multiple exposures and excellent privacy. The ex"
pf-dubai-166,propertyfinder,https://www.propertyfinder.ae/en/plp/buy/apartment-for-sale-dubai-dubai-marina-skyview-tower-104695182.html,20% Below Market | Upgraded 2BR+Office Room View,2399000,AED,sale,apartment,2,3,1606,Dubai Marina,dubai,Dubai,"Dubai, Dubai Marina",25.083942413330078,55.142555236816406,2026-06-19T13:03:38Z,"Experience luxury waterfront living in this spacious 2-bedroom apartment at Skyview Tower, Dubai Marina. Offering 1,606 sq. ft. of well-designed living space, this exceptional residence features stunning water and landmark views, premium finishes, and a sought-after Marina location, making it ideal for both end-users and investors.

Property Features:
• 2 Bedrooms
• 3 Bathrooms
• Built-up Area: 1,"
pf-dubai-167,propertyfinder,https://www.propertyfinder.ae/en/plp/buy/apartment-for-sale-dubai-jumeirah-beach-residence-murjan-murjan-5-114174850.html,Iconic Murjan Tower | Beach Access and Dining,3000000,AED,sale,apartment,3,3,1882,Jumeirah Beach Residence,dubai,Dubai,"Dubai, Jumeirah Beach Residence, Murjan",25.0823974609375,55.14065933227539,2026-07-10T13:20:01Z,"Brought to you by Driven Properties, this 3 Bedroom Apartment is located in Murjan 5, Murjan, Jumeirah Beach Residence.

Unit Details:

  * 3 Bedroom plus Maids room 
  * View: Sea and Community
  * Kitchen: Open and Fully Fitted
  * Bathrooms: 3
  * Built up Area: 1882  square feet
  * No. of Parking: 2
  * Furnished: No

Features:

  * Lobby in Building
  * Shared Gym
  * Shared swimming pool
  "
pf-dubai-168,propertyfinder,https://www.propertyfinder.ae/en/plp/buy/apartment-for-sale-dubai-jumeirah-village-triangle-district-2-cloud-tower-cloud-tower-a-119029792.html,Best Deal | Marina Skyline View | Furnished,1390000,AED,sale,apartment,2,3,945,Jumeirah Village Triangle,dubai,Dubai,"Dubai, Jumeirah Village Triangle, District 2, Cloud Tower",25.038484573364258,55.1804084777832,2026-07-21T08:55:56Z,"Top Class Real Estate proudly presents this stylish 2-bedroom apartment in Cloud Tower A, Jumeirah Village Triangle. Offering modern interiors, a spacious layout, and excellent connectivity, this property is an ideal choice for both end users and investors.


Property Details:
- 2 Bedrooms
- 3 Bathrooms
- Fully Furnished
- Spacious Living & Dining Area
- Modern Kitchen
- Built-in Wardrobes
- Balco"
pf-dubai-169,propertyfinder,https://www.propertyfinder.ae/en/plp/buy/apartment-for-sale-dubai-al-furjan-azizi-star-110039909.html,Below OP | 8.1% ROI | Serious Seller | Tenanted,1200000,AED,sale,apartment,2,3,950,Al Furjan,dubai,Dubai,"Dubai, Al Furjan",25.0252628326416,55.13874816894531,2026-07-01T09:10:01Z,"Luxven Real Estate proudly presents this exceptional 2-bedroom apartment in Azizi Star, Al Furjan, offered below the original purchase price, a rare opportunity for investors seeking immediate rental income and long-term capital appreciation.

The apartment features a spacious open-plan living and dining area, a modern fitted kitchen, two generously sized bedrooms with built-in wardrobes, contempo"
pf-dubai-170,propertyfinder,https://www.propertyfinder.ae/en/plp/buy/apartment-for-sale-dubai-dubai-investment-park-dip-dubai-investment-park-1-dip-1-green-community-green-community-west-southwest-apartments-southwest-apartments-1-109028921.html,Exclusive | Rented | 2 Beds | Southwest,1795000,AED,sale,apartment,2,3,1548,Dubai Investment Park (DIP),dubai,Dubai,"Dubai, Dubai Investment Park (DIP), Dubai Investment Park 1 (DIP 1), Green Community, Green Community West, Southwest Apartments",24.99701499938965,55.170875549316406,2026-06-29T07:40:07Z,"Beautifully Upgraded Two Bedroom Apartment Overlooking Gardens & Pool in Green Community

- 2 Bedrooms
- 1,548 Sq.Ft.
- Sought-After Southwest Apartments
- Peaceful Garden & Pool Views
- Communal Pool, Gym & Green Spaces
- Car Parking 
- External Storage Room
- Tenanted at 130K
- Covered Parking 
- Walking Distance to Carrefour
- Agent: Catherine McHugh

This spacious apartment features a bright e"
pf-dubai-171,propertyfinder,https://www.propertyfinder.ae/en/plp/buy/apartment-for-sale-dubai-jumeirah-village-circle-district-18-binghatti-royale-113243854.html,Vacant | Marina Skyline View | Brand New,1170000,AED,sale,apartment,1,2,807,Jumeirah Village Circle,dubai,Dubai,"Dubai, Jumeirah Village Circle, District 18",25.053926467895508,55.19969177246094,2026-07-08T07:09:10Z,"Welcome to Binghatti Royale, Jumeirah Village Circle, Dubai, presented by Hefin. Experience contemporary living in a premium residential development, offering stylish interiors, quality finishes, and exceptional amenities in one of Dubai's most sought-after communities.

Property Features:
1 Bedroom | 2 Bathrooms | 807 Sqft
Open Kitchen | Kitchen Appliances
Built-in Wardrobes | Balcony
Marina Skyl"
pf-dubai-172,propertyfinder,https://www.propertyfinder.ae/en/plp/buy/apartment-for-sale-dubai-dubai-south-dubai-world-central-emaar-south-urbana-urbana-1-114152977.html,Luxury Living | Vacant on Transfer | Large layout,1600000,AED,sale,apartment,2,2,1302,Dubai South (Dubai World Central),dubai,Dubai,"Dubai, Dubai South (Dubai World Central), Emaar South, Urbana",24.861204147338867,55.15019989013672,2026-07-10T07:49:11Z,"Evoke Luxury Living is proud to present this beautifully maintained two-bedroom apartment in the highly desirable Urbana 1, Emaar South. Offering an exceptional blend of comfort, space and lifestyle, this vacant-on-transfer home presents an outstanding opportunity for both homeowners and investors looking to secure a property within one of Dubai's fastest-growing master communities.

Positioned wi"
pf-dubai-173,propertyfinder,https://www.propertyfinder.ae/en/plp/buy/apartment-for-sale-dubai-dubai-marina-west-avenue-tower-112742938.html,Dubai Marina | Fully Furnished | Easy for Air BNB,1450000,AED,sale,apartment,1,2,1079,Dubai Marina,dubai,Dubai,"Dubai, Dubai Marina",25.07428550720215,55.13895034790039,2026-07-07T09:49:22Z,"Stylish 1-bedroom apartment in West Avenue, Dubai Marina, offering the perfect blend of comfort, location, and investment value. Fully furnished and well maintained, this bright unit features an open-plan living space, fitted kitchen, built-in wardrobes, and a private balcony.


Key Features:

• Fully furnished 1-bedroom
• Low floor unit
• Bright, functional layout
• Balcony
• 1 parking space

Bui"
pf-dubai-174,propertyfinder,https://www.propertyfinder.ae/en/plp/buy/apartment-for-sale-dubai-al-furjan-zazen-ivy-116353784.html,Brand New | Recently Handed Over | Vastu,2800000,AED,sale,apartment,3,4,1559,Al Furjan,dubai,Dubai,"Dubai, Al Furjan",25.039417266845703,55.13639831542969,2026-07-15T05:55:17Z,"Brought to you by Banke International  Properties , this 3 Bedroom Apartment is located in Zazen Ivy, Al Furjan.

Unit Details:

* Mid Floor
* Unit Type: 3 bedroom plus maid
* View: Park
* Kitchen: Semi-Closed and Fully Fitted
* Bathrooms: 4
* Built up Area: 1559 square feet
* No. of Parking: 2
* Furnished: No

Features:

* Balcony
* BBQ area
* Built in wardrobes
* Central air conditioning
* Maids"
pf-dubai-175,propertyfinder,https://www.propertyfinder.ae/en/plp/buy/apartment-for-sale-dubai-arjan-48-parkside-118597863.html,Multiple Units | Maids | Brand New | Ready To Move,1569999,AED,sale,apartment,2,3,1256,Arjan,dubai,Dubai,"Dubai, Arjan",25.056230545043945,55.239715576171875,2026-07-20T13:28:39Z,"Move in with ease to this semi-furnished 2-bedroom apartment, which offers a practical layout across 1,256 sqft. The space is ready for your personal touch, providing a comfortable foundation for daily living. From the balcony, you can enjoy a clear view of the landmark, adding a unique perspective to your home environment.

The interior includes two bedrooms and three bathrooms, ensuring enough s"
pf-dubai-176,propertyfinder,https://www.propertyfinder.ae/en/plp/buy/apartment-for-sale-dubai-jumeirah-village-circle-district-17-binghatti-phantom-119025033.html,Elegant Unit | Private Pool | Best Value,1130000,AED,sale,apartment,1,2,797,Jumeirah Village Circle,dubai,Dubai,"Dubai, Jumeirah Village Circle, District 17",25.05936050415039,55.21699142456055,2026-07-21T07:53:05Z,"Brought to you by Driven Properties, this 1 Bedroom Apartment is located in Binghatti Phantom, District 17, Jumeirah Village Circle.

Unit Details:

  * Vacant
  * Flow floor
  * View: Pool and Community
  * Kitchen: Open and Fully Fitted
  * Bathrooms: 2
  * Built up Area: 797 square feet
  * No. of Parking: 1
  * Unfurnished

Features:

  * Balcony
  * Private Pool
  * Barbeque Area
  * Built in"
pf-dubai-177,propertyfinder,https://www.propertyfinder.ae/en/plp/buy/apartment-for-sale-dubai-jumeirah-village-triangle-district-1-maya-5-110032331.html,Ground Floor | Biggest 1-Bedroom | Large Terrace,1200000,AED,sale,apartment,1,2,858,Jumeirah Village Triangle,dubai,Dubai,"Dubai, Jumeirah Village Triangle, District 1",25.03611183166504,55.175872802734375,2026-07-01T07:56:08Z,"We are pleased to offer for sale this 1-bedroom apartment located at Maya 5 in Jumeirah Village Triangle (JVT).

Reference number: EPS-S-11310

Property Details:

• 1 Bedroom 
• 2 Bathroom
• BUA 858 sqft
• 1 Parking
• Balcony

Amenities:

• Swimming pool deck
• Indoor fitness gym
• Children play area
• BBQ social zone
• Landscaped green areas
• Residents lounge space
• Co-working business lounge
•"
pf-dubai-178,propertyfinder,https://www.propertyfinder.ae/en/plp/buy/apartment-for-sale-dubai-jumeirah-lake-towers-jlt-cluster-o-o2-residence-115481976.html,Best View | High Floor | Vacant,2195000,AED,sale,apartment,2,3,1523,Jumeirah Lake Towers,dubai,Dubai,"Dubai, Jumeirah Lake Towers, JLT Cluster O",25.073850631713867,55.14417266845703,2026-07-13T11:28:04Z,"ACRE Marks Real Estate LLC is proud to offer you this amazing 2-bedrooms apartment in O2 Residences, Cluster O, Jumeirah Lake Towers.

PROPERTY DETAILS:
• 2 Bedrooms Apartment
• 3 Bathrooms
• BUA: 1,523 sq. ft.
• Unfurnished
• High Floor
• Vacant

FACILITIES AND AMENITIES:
• Swimming Pool and Jacuzzi
• Fully Equipped Gym
• Sauna and Steam Room
• Children’s Play Area
• Barbecue Area and Multipurpos"
pf-dubai-179,propertyfinder,https://www.propertyfinder.ae/en/plp/buy/apartment-for-sale-dubai-al-furjan-amalia-residences-118590004.html,Brand New | Multiple Units | Spacious,1900000,AED,sale,apartment,2,4,1208,Al Furjan,dubai,Dubai,"Dubai, Al Furjan",25.018970489501953,55.1441764831543,2026-07-20T11:31:57Z,"Property Details:

-MULTIPLE UNITS!!

- All Ensuite
- Close Kitchen
- 1,208 sq ft
- 2 Bedrooms
- 4 Bathrooms
- Powder Room
- Maids Room
- Spacious Unit
- Brand New
- Bright Living & Dining Area
- High Quality Finishes

McCone Properties is pleased to offer this modern two bedroom plus maids room apartment in the brand new and highly anticipated, Amalia Residence, Al Furjan.

Designed for modern li"
pf-dubai-180,propertyfinder,https://www.propertyfinder.ae/en/plp/buy/apartment-for-sale-dubai-motor-city-rabdan-building-118582309.html,High ROI | Exclusive Listing | Apartment,919871,AED,sale,apartment,1,2,768,Motor City,dubai,Dubai,"Dubai, Motor City",25.044570922851562,55.2280158996582,2026-07-20T09:49:13Z,"fam Properties is delighted to offer this beautifully maintained 1 bedroom apartment in the sought after Rabdan Building, Motor City, Dubai. 
Located in one of Dubai s most established and green residential communities, this apartment offers comfort, convenience, and excellent connectivity.

Property Details: 

* 1 Bedrooms | 2 Bathrooms
* 768.44 sq ft Built up Area
* Open Kitchen Layout
* Private"
pf-dubai-181,propertyfinder,https://www.propertyfinder.ae/en/plp/buy/apartment-for-sale-dubai-town-square-rawda-apartments-rawda-apartments-2-114151990.html,Open View | Well Maintained | Smart Investment,1350000,AED,sale,apartment,2,2,1035,Town Square,dubai,Dubai,"Dubai, Town Square, Rawda Apartments",25.00297737121582,55.290802001953125,2026-07-10T07:27:10Z,"Discover this well-maintained 2-bedroom apartment in Rawda 2, offering a spacious layout, abundant natural light, and an attractive open view. Perfect for both end users and investors, this home combines comfort, functionality, and a convenient community lifestyle.

The apartment features a bright living and dining area, generously sized bedrooms with built-in wardrobes, a modern kitchen, and larg"
pf-dubai-182,propertyfinder,https://www.propertyfinder.ae/en/plp/buy/apartment-for-sale-dubai-motor-city-rabdan-building-118581815.html,Exclusive Listing | Apartment | High ROI,1417367,AED,sale,apartment,2,3,1204,Motor City,dubai,Dubai,"Dubai, Motor City",25.044570922851562,55.2280158996582,2026-07-20T09:44:25Z,"fam Properties is proud to offer this impeccably maintained 2 bedroom apartment in the prestigious Rabdan Building.

Vacant for immediate occupancy, this property is perfect for both savvy investors and home seekers. Located in one of Dubai s most established residential neighborhoods, this apartment delivers a seamless blend of comfort, convenience, and excellent connectivity.

Highlights:

* Unf"
pf-dubai-183,propertyfinder,https://www.propertyfinder.ae/en/plp/buy/apartment-for-sale-dubai-town-square-warda-apartments-warda-apartments-1-113719850.html,FULL PARK VIEW | HIGH FLOOR | READY TO MOVE IN,1600000,AED,sale,apartment,2,2,940,Town Square,dubai,Dubai,"Dubai, Town Square, Warda Apartments",25.00490379333496,55.293365478515625,2026-07-09T11:26:40Z,"Presenting this exceptional 2-bedroom apartment for sale in Warda 1, Town Square, situated on the High Floor with a stunning full park view and an uninterrupted open outlook. This high-floor unit offers a bright and tranquil living environment, making it an ideal home for families and end-users, as well as an excellent investment opportunity.

The apartment features a spacious and well-designed la"
pf-dubai-184,propertyfinder,https://www.propertyfinder.ae/en/plp/buy/apartment-for-sale-dubai-al-furjan-amalia-residences-117724089.html,Vacant Unit | Vastu | Brand New,1749998,AED,sale,apartment,2,4,1254,Al Furjan,dubai,Dubai,"Dubai, Al Furjan",25.018970489501953,55.1441764831543,2026-07-18T20:45:20Z,"Property Highlights:

- Built-Up Area: 1,254 sq. ft.
- 2 Bedrooms, 4 Bathrooms
- Unfurnished
- Maid's Room
- Vastu Compliant
- Ready to Move In
- Deyaar - Amalia Residences
- Walk-in Closet
- Pets Allowed
- Covered Parking

Community and Lifestyle Amenities:

- Shared outdoor pool with sun lounge
- Children's pool
- Children's play area
- Shared gym
- Landscaped gardens and walkways
- Barbecue are"
pf-dubai-185,propertyfinder,https://www.propertyfinder.ae/en/plp/buy/apartment-for-sale-dubai-dubai-marina-sulafa-tower-117280867.html,Exclusive | Newly Renovated | Vacant,1575000,AED,sale,apartment,1,2,917,Dubai Marina,dubai,Dubai,"Dubai, Dubai Marina",25.089462280273438,55.148929595947266,2026-07-17T18:16:50Z,"Apricity Real Estate is proud to exclusively present this upgraded 1-bedroom plus study apartment in Sulafa Tower, situated in the heart of the vibrant Dubai Marina. Perched on a high floor, this fully renovated unit boasts a modern layout crafted for both comfort and functionality. Originally a standard 1-bedroom, it has been thoughtfully enhanced with an additional room perfect as a study or gue"
pf-dubai-186,propertyfinder,https://www.propertyfinder.ae/en/plp/buy/apartment-for-sale-dubai-damac-hills-carson-carson-b-117248744.html,Balcony with Golf View | Vacant 1BHK | Prime,859000,AED,sale,apartment,1,1,622,Damac Hills,dubai,Dubai,"Dubai, Damac Hills, Carson",25.0245304107666,55.243194580078125,2026-07-17T06:18:07Z,"Wake up to stunning golf course views in this beautifully maintained 1-bedroom apartment in Carson B, DAMAC Hills. Offering a spacious layout, modern finishes, and abundant natural light, this home is ideal for professionals, couples, or investors seeking a premium lifestyle.

Property Features:
- 1 Spacious Bedroom
- 1 Bathrooms
- Golf Course View
- Bright Living & Dining Area
- Fully Fitted Kitc"
pf-dubai-187,propertyfinder,https://www.propertyfinder.ae/en/plp/buy/apartment-for-sale-dubai-jumeirah-village-circle-district-14-luma-park-views-118586670.html,Spacious Layout | New Unit | Large Terrace| Vacant,1500000,AED,sale,apartment,1,2,999,Jumeirah Village Circle,dubai,Dubai,"Dubai, Jumeirah Village Circle, District 14",25.054914474487305,55.20571517944336,2026-07-20T10:42:33Z,"Brought to you by Driven Properties, this 1 Bedroom Apartment is located in Luma Park Views, District 14, Jumeirah Village Circle.

Unit Details:

  * Vacant
  * Mid floor
  * Kitchen: Open and Fully Fitted
  * Bathrooms: 2
  * Built up Area: 999 sqft
  * No. of Parking: 1

Features:

  * Balcony
  * Separate Gym and Swimming pool for Ladies 
  * Barbeque Area
  * Built in wardrobes
  * Waste Disp"
pf-dubai-188,propertyfinder,https://www.propertyfinder.ae/en/plp/buy/apartment-for-sale-dubai-jumeirah-village-circle-district-17-binghatti-phantom-118585094.html,Brand New | Large Layout | Vacant | Private Pool,1150000,AED,sale,apartment,1,2,795,Jumeirah Village Circle,dubai,Dubai,"Dubai, Jumeirah Village Circle, District 17",25.05936050415039,55.21699142456055,2026-07-20T10:20:48Z,"Brought to you by Driven Properties, this 1 Bedroom Apartment is located in Binghatti Phantom, District 17, Jumeirah Village Circle.

Unit Highlights:

  * Brand-new residential apartment
  * Spacious and thoughtfully designed layout
  * Elevated ceilings enhancing natural light and openness
  * Offered unfurnished for full customization
  * Two well-appointed bathrooms
  * Exclusive private swimm"
pf-dubai-189,propertyfinder,https://www.propertyfinder.ae/en/plp/buy/apartment-for-sale-dubai-dubai-internet-city-dubai-jewel-tower-97807664.html,Sea View | Prime Location | Multiple Options,3751173,AED,sale,apartment,3,4,2253,Dubai Internet City,dubai,Dubai,"Dubai, Dubai Internet City",25.102121353149414,55.171539306640625,2026-06-03T08:08:20Z,"Paragon Properties is proud to introduce you to the perfect family home! This stunning 3-bedroom + Maid's apartment offers generous living space, breathtaking skyline and Palm Jumeirah views, and access to an exceptional range of lifestyle amenities. This is a standout unit and an opportunity not to be missed.

Property Details:

* 3 Bedrooms + Maid's Room
*  2253 sqft BUA
* Spacious Open-Plan Liv"
pf-dubai-190,propertyfinder,https://www.propertyfinder.ae/en/plp/buy/apartment-for-sale-dubai-arjan-oxford-gardens-115482247.html,Exclusive | Brand New | Full Park View | Vacant,1399900,AED,sale,apartment,1,2,776,Arjan,dubai,Dubai,"Dubai, Arjan",25.066505432128906,55.247867584228516,2026-07-13T11:31:36Z,"This 1-bedroom apartment offers a private balcony that provides a clear view of the local landmark. Spanning 776 sqft, the unit is fully furnished and ready for immediate occupancy, making it a practical choice for those seeking a move-in ready home in a well-connected area.

The interior layout is designed for daily comfort, featuring a functional living area and two bathrooms. The kitchen comes "
pf-dubai-191,propertyfinder,https://www.propertyfinder.ae/en/plp/buy/apartment-for-sale-dubai-al-sufouh-al-sufouh-1-j5-building-113724204.html,Well Maintained | 2 BR  | Prime Location,2000000,AED,sale,apartment,2,3,1243,Al Sufouh,dubai,Dubai,"Dubai, Al Sufouh, Al Sufouh 1",25.108983993530273,55.17765808105469,2026-07-09T12:23:50Z,"AQUA Properties is pleased to offer this highly sought after 2-bedroom apartment located in J5, Al Sufouh. This property is excellently maintained. The apartment comes with a spacious closed kitchen along with white goods. It features floor-to-ceiling windows ensuring plenty of sunlight and enhancing a feeling of space.

* 2 Bedrooms with ensuite bathrooms
* Well maintained unit
* BUA: 1,243 sq. f"
pf-dubai-192,propertyfinder,https://www.propertyfinder.ae/en/plp/buy/apartment-for-sale-dubai-dubai-science-park-marriott-executive-apartments-115462586.html,Spacious 2BR | Marriott Residences | 0% Agent Fees,2600000,AED,sale,apartment,2,3,1492,Dubai Science Park,dubai,Dubai,"Dubai, Dubai Science Park",25.08014678955078,55.24605178833008,2026-07-13T06:19:36Z,"Marriott Residences – Luxury Living Redefined

Welcome to Marriott Residences, an exclusive residential development branded by Marriott, offering ready-to-move-in fully furnished 2-bedroom apartments.

This one-of-a-kind project combines luxury, comfort, and world-class hospitality in a purely residential environment – with no hotel component. Each apartment features spacious layouts, elegant inte"
pf-dubai-193,propertyfinder,https://www.propertyfinder.ae/en/plp/buy/apartment-for-sale-dubai-jumeirah-beach-residence-bahar-bahar-1-118584096.html,Best Priced Utility Layout | Marina Views,2390000,AED,sale,apartment,2,2,1374,Jumeirah Beach Residence,dubai,Dubai,"Dubai, Jumeirah Beach Residence, Bahar",25.077150344848633,55.13551330566406,2026-07-20T10:10:17Z,"Vacant Two bedroom apartment on a high floor with marina views from all rooms in Bahar 1, Jumeirah Beach Residence. 

- Vacant On Transfer
- Upgraded
- Centre Unit
- Storage /Utility  Room 
- Two Bedrooms
- Marina Views
- High Floor
- Allocated Parking 
- 1374 sq Ft

Well presented two bedroom apartment with large lounge/diner, semi open kitchen, two double bedrooms both with fitted wardrobes and "
pf-dubai-194,propertyfinder,https://www.propertyfinder.ae/en/plp/buy/apartment-for-sale-dubai-downtown-dubai-burj-views-burj-views-c-116368672.html,Prime Downtown View | Mid Floor | Vacant,2449999,AED,sale,apartment,2,3,1348,Downtown Dubai,dubai,Dubai,"Dubai, Downtown Dubai, Burj Views",25.190874099731445,55.28166580200195,2026-07-15T10:48:00Z,"Property Features:
- Two generously sized bedrooms with built-in wardrobes
- Three contemporary bathrooms
- Expansive living and dining area with floor-to-ceiling windows
- Private balcony overlooking the Burj Khalifa
- Central air conditioning and in-unit laundry
- Fully equipped kitchen with modern appliances

Community Amenities:
- Swimming pool and children’s pool
- Fully equipped gym and saun"
pf-dubai-195,propertyfinder,https://www.propertyfinder.ae/en/plp/buy/apartment-for-sale-dubai-jumeirah-beach-residence-murjan-murjan-1-103688587.html,Luxury upgraded | Sea View | Vacant,3500000,AED,sale,apartment,3,4,1922,Jumeirah Beach Residence,dubai,Dubai,"Dubai, Jumeirah Beach Residence, Murjan",25.08126449584961,55.139801025390625,2026-06-17T09:22:50Z,"Luxury Beach Front Real Estate is pleased to present this stunning 3-bedroom + maid apartment in Murjan 1 in Jumeirah Beach Residence.	

Murjan in Jumeirah Beach Residence (JBR) is a vibrant waterfront destination that beautifully blends leisure, dining, and entertainment. Nestled along the stunning coastline of Dubai, Murjan offers a dynamic atmosphere where residents and visitors can enjoy a var"
pf-dubai-196,propertyfinder,https://www.propertyfinder.ae/en/plp/buy/apartment-for-sale-dubai-arjan-nas-nas-3-114154730.html,2 BED + MAID DUPLEX | PRIVATE POOL | OP PRICE,2500000,AED,sale,apartment,2,4,1965,Arjan,dubai,Dubai,"Dubai, Arjan, NAS",25.0595703125,55.236328125,2026-07-10T08:21:04Z,"Dacha Real Estate is delighted to present this exceptional 2-bedroom duplex apartment in the prestigious NAS 3, Arjan. Situated on the 5th floor, this unique residence spans across two levels, offering modern living spaces, impressive ceiling heights, and a private pool on the balcony—perfect for those seeking an elevated lifestyle.

Property Details:

• 2 Bedrooms + Maid's Room
• 4 Bathrooms
• Du"
pf-dubai-197,propertyfinder,https://www.propertyfinder.ae/en/plp/buy/apartment-for-sale-dubai-al-furjan-equiti-home-equiti-home-a-114152503.html,UPGRADED | VACANT | BRAND NEW | 2 PARKINGS,1900000,AED,sale,apartment,3,2,1501,Al Furjan,dubai,Dubai,"Dubai, Al Furjan, Equiti Home",25.018234252929688,55.138790130615234,2026-07-10T07:38:20Z,"ELITE AGENTS PROPERTIES LLC is delighted to present this 3-bedroom apartment in Equiti Home A. 


Property Details: 
•	3 Bedrooms 
•	2 Bathrooms
•	2 Parking slots
•	1 year free maintenance
•	1501.46 Sq Ft



Amenities: 

•  Swimming Pool 
•  Fully Equipped Gymnasium 
•  Running Track 
•  Padel Court 
•  Basketball Court 
•  Table Tennis Area 
•  Children's Play Area 
•  Pet Zone 
•  Zen Zone / Rel"
pf-dubai-198,propertyfinder,https://www.propertyfinder.ae/en/plp/buy/apartment-for-sale-dubai-downtown-dubai-burj-views-burj-views-a-115462666.html,Burj Khalifa View | High Floor | Vacant Now,2349500,AED,sale,apartment,2,3,1299,Downtown Dubai,dubai,Dubai,"Dubai, Downtown Dubai, Burj Views",25.18984031677246,55.281005859375,2026-07-13T06:24:02Z,"Property Highlights:

- Built-Up Area: 1,299 sq. ft.
- 2 Bedrooms, 3 Bathrooms
- Unfurnished
- Burj Khalifa View
- High Floor
- Ready to Move In
- Vacant Now

Community and Lifestyle Amenities:

- 5 shared swimming pools with sun deck
- Kids' pools and children's play area
- State-of-the-art gymnasium
- Squash courts
- Podium-level retail arcade
- 24-hour concierge and front desk
- 24-hour securit"
pf-dubai-199,propertyfinder,https://www.propertyfinder.ae/en/plp/buy/apartment-for-sale-dubai-dubai-science-park-marriott-executive-apartments-115035500.html,Unmatched Burj Khalifa View | High Floor Elegance,2695000,AED,sale,apartment,2,3,1492,Dubai Science Park,dubai,Dubai,"Dubai, Dubai Science Park",25.08014678955078,55.24605178833008,2026-07-12T08:32:43Z,"Apartment for Sale in Marriott Executive Apartments Al Barsha South

Discover this fully furnished 2-bedroom apartment in Marriott Executive Apartments, Dubai Science Park Al Barsha South. Just minutes from Dubai Hills Mall, this ready-to-move-in unit with the SQFT 1491, is ideal for end users and investors seeking high ROI in a prime Dubai location.

Multiple units available in various sizes and "
pf-dubai-200,propertyfinder,https://www.propertyfinder.ae/en/plp/buy/apartment-for-sale-dubai-dubai-investment-park-dip-dubai-investment-park-1-dip-1-green-community-garden-west-apartments-garden-west-apartments-d-115921481.html,Fully Upgraded | Corner Unit | Vacant Now,1400000,AED,sale,apartment,1,2,995,Dubai Investment Park (DIP),dubai,Dubai,"Dubai, Dubai Investment Park (DIP), Dubai Investment Park 1 (DIP 1), Green Community, Garden West Apartments",25.004323959350586,55.15605926513672,2026-07-14T09:54:19Z,"Hanson Properties LLC is proud to present this spacious 1-bedroom apartment in Green Community West Apartments (GA West D), Dubai Investment Park.

This beautifully maintained residence offers the perfect blend of comfort, tranquility, and investment potential in one of Dubai's most established and sought-after residential communities. Set amidst lush greenery and enjoying pleasant open views, thi"
pf-dubai-201,propertyfinder,https://www.propertyfinder.ae/en/plp/buy/apartment-for-sale-dubai-majan-ost-tower-11-105115417.html,Spacious 2BR Corner Unit | Move-In Ready,1687173,AED,sale,apartment,2,3,1397,Majan,dubai,Dubai,"Dubai, Majan",25.09048080444336,55.31941604614258,2026-06-20T09:44:25Z,"Discover spacious and contemporary living in this beautifully designed 2-bedroom apartment located in OST Tower 11, Majan. Offering an impressive 1,397 sq. ft. of total living space, including 222 sq. ft. of balcony area across two private balconies, this residence is ideal for families, professionals, and investors seeking comfort, functionality, and modern style.

Thoughtfully designed to maximi"
pf-dubai-202,propertyfinder,https://www.propertyfinder.ae/en/plp/buy/apartment-for-sale-dubai-town-square-zahra-breeze-apartments-zahra-breeze-apartments-3-zahra-breeze-apartments-3b-88323580.html,WELL MAINTAINED 2BR | POOL VIEW | TENANTED,1250000,AED,sale,apartment,2,2,912,Town Square,dubai,Dubai,"Dubai, Town Square, Zahra Breeze Apartments, Zahra Breeze Apartments 3",25.00555992126465,55.2949104309082,2026-05-12T12:31:44Z,"Spacious 2-bedroom apartment in Zahra Breeze Apartments, offering a beautiful pool view and a prime location within the community. The apartment is currently rented at AED 80,000 in 1 cheque, making it a great investment opportunity with immediate rental income.

The building is ideally located close to the central park, providing easy access to green spaces and community facilities.

Property Fea"
pf-dubai-203,propertyfinder,https://www.propertyfinder.ae/en/plp/buy/apartment-for-sale-dubai-dubai-marina-al-sahab-al-sahab-1-114165654.html,1 Bed | EMAAR | Corner Unit | Marina Views,1700000,AED,sale,apartment,1,2,947,Dubai Marina,dubai,Dubai,"Dubai, Dubai Marina, Al Sahab",25.075714111328125,55.1351432800293,2026-07-10T11:05:17Z,"I'm pleased to offer this spacious one bedroom apartment in Dubai Marina, Al Sahab Tower. This property is currently vacant and ready for immediate occupancy. It's a large corner unit layout with a marina view.

Property Features
- 1 Bed
- 947 sq ft
- Vacant Now
- Spacious Layout
- High Floor
- Balcony
- Partial Marina & Sea View
- Corner Layout
- EMAAR Building
- One Parking
- Security
- Gymnasiu"
pf-dubai-204,propertyfinder,https://www.propertyfinder.ae/en/plp/buy/apartment-for-sale-dubai-dubai-marina-elite-residence-110033106.html,High ROI | Vacant | Stunning Views | Spacious,1780000,AED,sale,apartment,2,2,1330,Dubai Marina,dubai,Dubai,"Dubai, Dubai Marina",25.089393615722656,55.147796630859375,2026-07-01T08:08:13Z,"YHU Properties is delighted to present an exquisite 2-bedroom apartment in the prestigious Elite Residence, one of the tallest and most iconic residential towers in the world, proudly standing in the vibrant heart of Dubai Marina. This remarkable residence offers unparalleled luxury living with stunning views, world-class amenities, and a prime location that combines convenience with sophisticatio"
pf-dubai-205,propertyfinder,https://www.propertyfinder.ae/en/plp/buy/apartment-for-sale-dubai-downtown-dubai-the-lofts-the-lofts-podium-119036680.html,Spacious 1BR | Low Floor | High ROI,1450000,AED,sale,apartment,1,1,817,Downtown Dubai,dubai,Dubai,"Dubai, Downtown Dubai, The Lofts",25.197261810302734,55.27002716064453,2026-07-21T10:38:54Z,"Primo Capital Real Estate is delighted to present this elegant 1 bedroom apartment in The Lofts, one of Downtown Dubai's most sought-after residential communities. Perfectly positioned in the heart of the city, this beautifully designed residence offers bright living spaces, abundant natural light, and seamless access to Dubai's most iconic landmarks and lifestyle destinations.

An excellent oppor"
pf-dubai-206,propertyfinder,https://www.propertyfinder.ae/en/plp/buy/apartment-for-sale-dubai-jumeirah-village-circle-district-12-binghatti-luna-118588216.html,Motivated Seller | Spacious | Best price,920000,AED,sale,apartment,1,1,648,Jumeirah Village Circle,dubai,Dubai,"Dubai, Jumeirah Village Circle, District 12",25.05168342590332,55.21896743774414,2026-07-20T11:05:19Z,"Jumeirah Village Circle offers a calm, community-oriented pace away from the city's main hustle. Set within this neighborhood is a one-bedroom apartment that provides a practical layout across 648 sqft. The unfurnished interior is a clean slate for your personal setup, featuring a functional floor plan that maximizes the available square footage. This home is a straightforward fit for those seekin"
pf-dubai-207,propertyfinder,https://www.propertyfinder.ae/en/plp/buy/apartment-for-sale-dubai-jumeirah-lake-towers-jlt-cluster-s-green-lakes-towers-green-lakes-towers-1-115933314.html,2 Bed + Storage | Vacant | Low Floor | Cheap,2049999,AED,sale,apartment,2,3,1268,Jumeirah Lake Towers,dubai,Dubai,"Dubai, Jumeirah Lake Towers, JLT Cluster S, Green Lakes Towers",25.078325271606445,55.14790344238281,2026-07-14T12:50:10Z,"Allsopp & Allsopp are proud to present this stunning 2 bed+storage in Green Lakes S1

- 2 Bedrooms + Storage
- 3 Bathrooms
- Vacant on Transfer
- 1268 SqFt BUA
- Balcony
- Upgraded Interior
- Low Floor
- 1 Parking 

Green Lakes is a prestigious complex comprising three residential towers in Cluster S, JLT. Ideally located with convenient access to two metro stations, First Al Khail Street, and She"
pf-dubai-208,propertyfinder,https://www.propertyfinder.ae/en/plp/buy/apartment-for-sale-dubai-jumeirah-lake-towers-jlt-cluster-q-new-dubai-gate-1-117266159.html,2 Parking Spots | Upgraded | Furnished | Vacant,1100000,AED,sale,apartment,2,2,819,Jumeirah Lake Towers,dubai,Dubai,"Dubai, Jumeirah Lake Towers, JLT Cluster Q",25.076446533203125,55.14601135253906,2026-07-17T11:45:41Z,"Aaronz & Co Real Estate LLC is proudly to offer you this amazing 2-bedroom apartment in New Gate 1, Cluster Q, Jumeirah Lake Towers.

PROPERTY SNAPSHOT:
- 2 Bedroom Apartment
- 2 Bathroom
- BUA: 819.13 sq. ft.
- Upgraded
- High Floor
- 2 Covered Parking
- Furnished
- No Balcony
- Vacant

FACILITIES AND AMENITIES:
- Swimming Pool with Sun Terrace
- Gymnasium and Fitness Center
- Sauna and Steam Roo"
pf-dubai-209,propertyfinder,https://www.propertyfinder.ae/en/plp/buy/apartment-for-sale-dubai-dubai-marina-skyview-tower-89198230.html,3 Bed +Maids | Renovated | Vacant on Transfer,2700000,AED,sale,apartment,3,3,1795,Dubai Marina,dubai,Dubai,"Dubai, Dubai Marina",25.083942413330078,55.142555236816406,2026-05-14T11:15:49Z,"3 Bed +Maids | Renovated | Vacant on Transfer

- Skyview Tower
- 3 Bedrooms
- Maids Room
- Renovated 
- 1,795 sq.ft
- Vacant on Transfer

Property Reference: SUP167862

Allsopp and Allsopp are proud to present this well renovated 3 bedroom apartment, which includes a maids room and balcony.

Located ideally for access in and out of Marina and a short walk to Marina Walk and JBR Beach. It is perfec"
pf-dubai-210,propertyfinder,https://www.propertyfinder.ae/en/plp/buy/apartment-for-sale-dubai-business-bay-aykon-city-aykon-city-tower-b-116372823.html,FULLY FURNISHED | CANAL VIEW | HIGH FLOOR,1000000,AED,sale,apartment,1,1,791,Business Bay,dubai,Dubai,"Dubai, Business Bay, Aykon City",25.180150985717773,55.252418518066406,2026-07-15T11:45:23Z,"Experience modern urban living in this spacious 1-bedroom apartment in AYKON City Tower B, ideally located in Business Bay. Situated on a mid floor, this unit offers comfort, functionality, and excellent investment potential. The unit is vacant and ready to move in, making it ideal for both end-users and investors.

Unit Features:
* 1 Spacious Bedroom
* 1 Modern Bathrooms
* 791 Sqft Built-up Area
"
pf-dubai-211,propertyfinder,https://www.propertyfinder.ae/en/plp/buy/apartment-for-sale-dubai-jumeirah-village-circle-district-11-binghatti-amber-115033382.html,Pool View | Smart Home | Unique Layout | Spacious,1050000,AED,sale,apartment,1,2,742,Jumeirah Village Circle,dubai,Dubai,"Dubai, Jumeirah Village Circle, District 11",25.062835693359375,55.209686279296875,2026-07-12T06:31:55Z,"Brought to you by Driven Properties, this 1 Bedroom Apartment is located in Binghatti Amber, Jumeirah Village Circle.

Experience modern living in this furnished 1-bedroom apartment in Binghatti Amber, Jumeirah Village Circle. Offering a bright and functional layout, an open and fully fitted kitchen, and a relaxing pool view, this home is ideal for residents seeking comfort, convenience, and conte"
pf-dubai-212,propertyfinder,https://www.propertyfinder.ae/en/plp/buy/apartment-for-sale-dubai-al-jaddaf-binghatti-creek-108617475.html,VACANT ON TRANSFER | FULLY FURNISHED | SMART HOME,1050000,AED,sale,apartment,1,2,697,Al Jaddaf,dubai,Dubai,"Dubai, Al Jaddaf",25.21230125427246,55.3191032409668,2026-06-28T20:10:46Z,"ELITE AGENTS PROPERTIES is delighted to present this amazing fully furnished 1-bedroom apartment in for sale inBinghatti Creek, Al Jadaf Area


Property Features:

 - 1 Bed
- 2 Bath
- Fully Furnished
- Smart home system
- Size: 697 SqFt
- Price: 1,050,000 Million



Amenities:

- Swimming Pool
- Gymnasium
- Kids' Play Area
- Covered Parking
- 24/7 Security
- High-Speed Elevators
- Landscaped Areas"
pf-dubai-213,propertyfinder,https://www.propertyfinder.ae/en/plp/buy/apartment-for-sale-dubai-al-jaddaf-binghatti-creek-119023250.html,Rented | Smart Home System | Near to Metro,1200000,AED,sale,apartment,1,2,666,Al Jaddaf,dubai,Dubai,"Dubai, Al Jaddaf",25.21230125427246,55.3191032409668,2026-07-21T07:09:01Z,"Raas Real Estate is proud to present this One Bed for Sale: 

This well-designed 1-bedroom apartment in Binghatti Creek offers a perfect combination of contemporary architecture, high-quality finishes, and a prime location in Al Jaddaf. Ideal for professionals, couples, or investors, the apartment delivers both comfort and convenience in one of Dubai’s most rapidly developing areas.

UNIT DETAILS "
pf-dubai-214,propertyfinder,https://www.propertyfinder.ae/en/plp/buy/villa-for-sale-dubai-mudon-mudon-al-ranim-4-113244334.html,Brand New I Single Row I Motivated Seller,3300000,AED,sale,apartment,3,3,1813,Mudon,dubai,Dubai,"Dubai, Mudon",25.021379470825195,55.267337799072266,2026-07-08T07:22:43Z,"Gold Mark Real Estate, were proud to present this exceptional property that combines comfort, style, and unbeatable value. With a reputation built on trust, expertise, and client satisfaction, Gold Mark Real Estate ensures every listing receives the attention it deserves.

Whether youre looking to invest, upgrade, or find your perfect home, this opportunity is one you dont want to miss. Experience"
pf-dubai-215,propertyfinder,https://www.propertyfinder.ae/en/plp/buy/villa-for-sale-dubai-the-springs-springs-4-116374573.html,Single Row | Vacant Now | Reno Opportunity,3050000,AED,sale,apartment,2,3,1647,The Springs,dubai,Dubai,"Dubai, The Springs",25.060333251953125,55.179264068603516,2026-07-15T12:10:50Z,"Potential to extend
Original features
Opposite park and lake
BUA approx 1,694 sq.ft
Plot approx. 1,857 sq.ft
Close to pool
Vacant now
Motivated seller
Landscaped garden
Call now to arrange your viewing

We are pleased to present this beautifully presented Type 4M villa in Springs 4 – a rare opportunity to own the best-priced villa in the community.

This stunning property has been well looked afte"
pf-dubai-216,propertyfinder,https://www.propertyfinder.ae/en/plp/buy/villa-for-sale-dubai-villanova-amaranta-amaranta-3-116360935.html,Single Row | 3 Bed + Maid | Great Investment,2900000,AED,sale,apartment,3,4,1773,Villanova,dubai,Dubai,"Dubai, Villanova, Amaranta",25.074922561645508,55.35539245605469,2026-07-15T08:52:31Z,"Discover this well-maintained 3-bedroom plus maid’s villa for sale in the vibrant community of Amaranta, Villanova. Perfect for both investors and end-users, this spacious home offers a comfortable family lifestyle within a peaceful gated community surrounded by lush green landscapes and family-friendly amenities. 
The villa features bright and spacious living and dining areas, a modern kitchen, g"
pf-dubai-217,propertyfinder,https://www.propertyfinder.ae/en/plp/buy/villa-for-sale-dubai-cherrywoods-108181063.html,LOWEST PRICE | Vacant  | Spacious | View Now,3299995,AED,sale,apartment,3,3,2089,Dubai,dubai,Dubai,Dubai,25.02093505859375,55.28594207763672,2026-06-27T13:10:09Z,"DNL properties is delighted to present this 3 Bedrooms + Maid's Room unit in Cherrywoods by Meraas.

UNIT DETAILS :
• 3 Bedroom 
• Single Row
• Vacant 
• Best Price
• View Now


LOCATION :
• 15 km from Burj Al Arab and Madinat Jumeirah
• 15 km from the Expo 2020 venue
• 20 km from the Al Maktoum International Airport

Cherrywoods Townhouses includes contemporary interior, spacious rooms that are b"
pf-dubai-218,propertyfinder,https://www.propertyfinder.ae/en/plp/buy/villa-for-sale-dubai-reem-mira-oasis-mira-oasis-3-107734467.html,Rented | Well Maintained | Community Expert,3700000,AED,sale,apartment,4,5,2301,Reem,dubai,Dubai,"Dubai, Reem, Mira Oasis",25.01361083984375,55.301021575927734,2026-06-26T08:59:21Z,"Experience the epitome of luxury living in this exquisite villa nestled within the coveted Mira Oasis 3 community, presented by Paragon Properties.

Boasting an array of premium recreational amenities including tennis and basketball courts, swimming pools, a shared gym, and lush parks, every family member is promised a fulfilling lifestyle.

Property Details:
Type: G
Bedrooms: 4 + Maid
BUA: 2551 s"
pf-dubai-219,propertyfinder,https://www.propertyfinder.ae/en/plp/buy/villa-for-sale-dubai-villanova-amaranta-amaranta-a-109491596.html,Premium Upgrades | Single Row | On Park,3000000,AED,sale,apartment,3,3,1912,Villanova,dubai,Dubai,"Dubai, Villanova, Amaranta",25.076122283935547,55.364158630371094,2026-06-30T09:41:27Z,"Treo Homes is very pleased to be bringing to the market our latest listing in Amaranta A, Villanova.Features
 - Unique Home - Tastefully Upgraded Interior
 - Spacious Reconfigured Layout
 - Premium Single-Row Location
 - Prime Park-Facing Location
 - Ready to Move
 - Ready To Move - Vacant On Transfer
 - 2-Minute Walk to Pool, Gym & Park
 - Contemporary Open Kitchen with Built-In Appliances
 - Ser"
pf-dubai-220,propertyfinder,https://www.propertyfinder.ae/en/plp/buy/villa-for-sale-dubai-arabian-ranches-3-joy-115915361.html,Single Row | Negotiable | Genuine | AR3 Expert,2895000,AED,sale,apartment,3,4,1936,Arabian Ranches 3,dubai,Dubai,"Dubai, Arabian Ranches 3",25.066749572753906,55.32008361816406,2026-07-14T08:31:28Z,"Features:
- BUA: 1,936 sqft
- Plot: 1,383 sqft
- Maid's room
- Great location
- Rented, notice not served
- Close to pool & park

McCone Properties proudly presents this lovely 3 bedroom townhouse in the highly sought after Joy Community, in Arabian Ranches 3.

This home is a perfect blend of luxury, comfort, and convenience, making it an ideal choice for those seeking a high-quality living experi"
pf-dubai-221,propertyfinder,https://www.propertyfinder.ae/en/plp/buy/villa-for-sale-dubai-serena-bella-casa-115908308.html,Single Row| Prime Location | Vacant in July,3350000,AED,sale,apartment,3,4,2071,Serena,dubai,Dubai,"Dubai, Serena",25.036882400512695,55.28679656982422,2026-07-14T05:15:09Z,"Goldmark Real Estate is pleased to present this well-maintained Type C 3-bedroom townhouse in Bella Casa, Serena.
Property Features:

	Type C
	3 Bedrooms
	4 Bathrooms
	BUA: 2,152 sq. ft.
	Plot: 2,071 sq. ft.
	Single Row
	Landscaped Garden
	Walking Distance to the Pool & Park
	Very Well Maintained
	Vacant End of July 2026

This spacious townhouse offers bright living and dining areas, a modern kitc"
pf-dubai-222,propertyfinder,https://www.propertyfinder.ae/en/plp/buy/villa-for-sale-dubai-the-springs-springs-14-115493025.html,Exclusive | Pool Backing | 4M | Vacant On Tranfer,3200000,AED,sale,apartment,2,2,1856,The Springs,dubai,Dubai,"Dubai, The Springs",25.051584243774414,55.17394256591797,2026-07-13T14:00:48Z,"Twinzcity Real Estate is pleased to offer this 2 Bedrooms Villa for Sale in The Springs 14.

Property Details:

- Pool Backing 
- Type 4M
- 2 Bedrooms Plus Study
- 1,856 sq.ft. plot
- Souk Walking Distance
- Gated Community

The Springs 14 is an established gated community that has redefined modern living in Dubai. Comprises clusters of townhouses set as distinct precincts, each with dedicated ent"
pf-dubai-223,propertyfinder,https://www.propertyfinder.ae/en/plp/buy/villa-for-sale-dubai-arabian-ranches-2-camelia-camelia-2-106834264.html,Quiet Internal Location |  Owner Occupied,3399999,AED,sale,apartment,3,3,1988,Arabian Ranches 2,dubai,Dubai,"Dubai, Arabian Ranches 2, Camelia",25.037109375,55.27568435668945,2026-06-24T05:55:12Z,"Treo Homes is very pleased to be bringing to the market our latest listing in Camelia 2, Arabian Ranches 2.Features
 - Arabian Ranches 2
 - Camelia 2
 - Type 1M
 - 3Bedrooms+Maid
 - 1,988 Sqft BUA
 - 1,506 Sqft Plot
 - Quiet Internal Location
 - Two Tone Kitchen
 - Vacant on Transfer
 - Viewings on Request

The property offers a bright and spacious open plan living and dining area, creating a seam"
pf-dubai-224,propertyfinder,https://www.propertyfinder.ae/en/plp/buy/villa-for-sale-dubai-the-valley-elora-116796779.html,Best Price | Mortgage Ready | Brand New,2600000,AED,sale,apartment,3,4,1482,The Valley,dubai,Dubai,"Dubai, The Valley",25.011028289794922,55.444915771484375,2026-07-16T04:15:09Z,"Property Features:
- 3 Bedroom Plus Maids
- 2,102 sq ft BUA
- 1,482 sq ft Plot 
- Mysk
- Mortgage Ready

Lois from Allsopp & Allsopp brings to market this exceptional three bedroom townhouse plus maids, ideally positioned within Elora community in The Valley by Emaar. Designed with a contemporary aesthetic and well proportioned layouts, the home features bright open plan living and dining areas wi"
pf-dubai-225,propertyfinder,https://www.propertyfinder.ae/en/plp/buy/villa-for-sale-dubai-mudon-arabella-townhouses-arabella-townhouses-2-115480755.html,Single Row | Great Location | Community Expert,3500000,AED,sale,apartment,3,5,2015,Mudon,dubai,Dubai,"Dubai, Mudon, Arabella Townhouses",25.014446258544922,55.2681884765625,2026-07-13T11:16:32Z,"Property Highlights:

- Built-Up Area: 2,015 sq. ft.
- 3 Bedrooms, 5 Bathrooms
- Unfurnished
- Garden View
- Single Row
- Ready to Move In
- Maid's Room Included
- Pets Allowed
- Walk-in Closet

Community and Lifestyle Amenities:

- Shared pool and children's pool
- Shared gym
- Children's play area
- Barbecue area
- Covered parking
- 24/7 security, gated access
- Central A/C
- Built-in kitchen ap"
pf-dubai-226,propertyfinder,https://www.propertyfinder.ae/en/plp/buy/villa-for-sale-dubai-the-valley-nara-112731435.html,Single Row | View Today | Area Specialists,2800000,AED,sale,apartment,3,4,1897,The Valley,dubai,Dubai,"Dubai, The Valley",25.00411033630371,55.451168060302734,2026-07-07T06:57:05Z,"Equity wants you to have an excellent opportunity to secure a beautifully designed 3-bedroom townhouse in Nara, The Valley by Emaar — one of Dubai’s fastest-growing master communities offering exceptional long-term lifestyle and investment potential.

Property Features:
- 3 Bedroom Townhouse
- Corner Unit Position
- Spacious Open Plan Living & Dining Area
- Contemporary Corner Kitchen Layout
- Pri"
pf-dubai-227,propertyfinder,https://www.propertyfinder.ae/en/plp/buy/villa-for-sale-dubai-arabian-ranches-palmera-palmera-4-116375772.html,Upgraded And Extended| Internal Plot | Type C,3699999,AED,sale,apartment,2,2,2227,Arabian Ranches,dubai,Dubai,"Dubai, Arabian Ranches, Palmera",25.042760848999023,55.25676727294922,2026-07-15T12:25:10Z,"- BUA 1,889 Sq Ft
- Plot 2,227 Sq Ft
- 2 Beds en-suite
- Back To Back
- Quiet Location
-Owner Occupied / VOT

The property has been owner occupied and meticulously cared for. The ground floor has been significantly enhanced, with the living space extended, creating a spacious area ideal for both relaxing and entertaining.

The kitchen has also been fully upgraded and extended, providing an abundan"
pf-dubai-228,propertyfinder,https://www.propertyfinder.ae/en/plp/buy/villa-for-sale-dubai-arabian-ranches-3-bliss-2-113244035.html,Brand New | Close To Wadi River | Genuine Resale,3650000,AED,sale,apartment,3,4,2180,Arabian Ranches 3,dubai,Dubai,"Dubai, Arabian Ranches 3",25.065324783325195,55.32275390625,2026-07-08T07:15:14Z,"Property Reference: AGR-S-02285

Allegiance Real Estate presents this exceptional brand-new 3-bedroom villa in Bliss 2, Arabian Ranches 3. This stunning single-row villa combines generous living spaces, contemporary design, and prime location, offering the perfect balance of serenity and connectivity for families.

Villa Specifications:
• 3 Spacious Bedrooms + Maid's Room
• 4 Modern Bathrooms
• Bu"
pf-dubai-229,propertyfinder,https://www.propertyfinder.ae/en/plp/buy/villa-for-sale-dubai-the-springs-springs-2-100401961.html,Springs 2 | Type 4M | Priced to sell | VOT,3499999,AED,sale,apartment,2,3,1967,The Springs,dubai,Dubai,"Dubai, The Springs",25.056095123291016,55.16767501831055,2026-06-09T09:51:40Z,"Springs 2 | Type 4M | Priced to sell | VOT

- Springs 2
- Type 4M
- Rare location
- Back to Back
- Renovation Opportunity
- BUA: 1,690 Sq. Ft.
- Plot: 1,967.00 Sq. Ft.
- Can be Vacant on Transfer
- Standard
-  Agent: Bradley Prota 

Allsopp & Allsopp are proud to present this 2 bedroom villa in  Springs 2, a very exclusive, private location. 

The Property can be made Vacant on Transfer.

Finance "
pf-dubai-230,propertyfinder,https://www.propertyfinder.ae/en/plp/buy/villa-for-sale-dubai-reem-mira-oasis-mira-oasis-3-110953278.html,Great Location | Vacant | Motivated Seller,3000000,AED,sale,apartment,3,4,2236,Reem,dubai,Dubai,"Dubai, Reem, Mira Oasis",25.01361083984375,55.301021575927734,2026-07-03T06:57:52Z,"Gold Mark Real Estate is delighted to offer this spacious 3-bedroom villa in Mira Oasis 3, a well-planned sub-community by Emaar Properties, situated within the highly sought-after Reem community in Dubai.

Property Features:


3 Bedrooms + Maids Room
4 Bathrooms
Type I Villa
Unfurnished
Located close to the Pool & Park
2 Dedicated Parking Spaces
Vacant

Community Highlights:
Mira Oasis is a vibra"
pf-dubai-231,propertyfinder,https://www.propertyfinder.ae/en/plp/buy/villa-for-sale-dubai-damac-hills-2-primerose-110043346.html,Type R2-M1 | Private Garden | Family Community,2500000,AED,sale,apartment,4,5,1882,Damac Hills 2,dubai,Dubai,"Dubai, Damac Hills 2",24.990453720092773,55.38144302368164,2026-07-01T09:51:43Z,"Property Reference : AGR-S-00900

Experience comfortable family living in this spacious Type R2-M1 villa located in the sought-after Primrose cluster of Damac Hills 2. Offering a practical layout, generous living spaces, and a private garden, this home is ideal for families seeking a peaceful lifestyle within a vibrant community.

Property Features:

Type R2-M1
4 Spacious Bedrooms
Maid's Room with"
pf-dubai-232,propertyfinder,https://www.propertyfinder.ae/en/plp/buy/villa-for-sale-dubai-dubai-south-dubai-world-central-emaar-south-greenview-115485377.html,Park Backing | Single Row | Motivated,2419999,AED,sale,apartment,3,4,1483,Dubai South (Dubai World Central),dubai,Dubai,"Dubai, Dubai South (Dubai World Central), Emaar South",24.867467880249023,55.1368408203125,2026-07-13T12:10:57Z,"Treo Homes is very pleased to be bringing to the market our latest listing in Greenview, Dubai South (Dubai World Central).Features
 - 3 Bedrooms
 - 4 Bathrooms
 - Maid Room
 - BUA 2,078 sqft
 - Plot Size 1,483 sqft
 - Single Row
 - Park Backing
 - Motivated Seller
 - Open Living/Dining Area
 - Covered Parking

Discover this beautifully positioned 3 bed, 3 bath townhouse with maid’s room in one of"
pf-dubai-233,propertyfinder,https://www.propertyfinder.ae/en/plp/buy/villa-for-sale-dubai-the-springs-springs-5-84476090.html,Springs 5 | Type 4M | Vacant | Back to Back,3400000,AED,sale,apartment,2,2,1862,The Springs,dubai,Dubai,"Dubai, The Springs",25.062820434570312,55.18587112426758,2026-05-03T07:25:44Z,"Springs 5 | Type 4M | Vacant | Back to Back

- Vacant Villa
- Springs 5
- Type 4M
- Back to back location
- 1,690 sq ft BUA
- 1,862 sq ft plot approximately
- 2 bedrooms plus study
- Can be converted into a 3 bedroom villa
- Master bedroom balcony can be enclosed with NOC
- Walking distance to large Emirates Hills lake
- Walking distance to internal pool and park
- Reference number SUP165573

HOT "
pf-dubai-234,propertyfinder,https://www.propertyfinder.ae/en/plp/buy/villa-for-sale-dubai-the-springs-springs-14-110957565.html,Larger Plot | Exclusive | Type 4M | Springs 14,3650000,AED,sale,apartment,2,3,2233,The Springs,dubai,Dubai,"Dubai, The Springs",25.051584243774414,55.17394256591797,2026-07-03T08:23:51Z,"Larger Plot | Exclusive | Type 4M | Springs 14

- Springs 14
- Type 4M
- Back to Back
- Larger Plot
- Close to Pool
- Study Room 
- BUA 1,690 sq ft
- Plot  2,233.31 sq ft

Located in the highly sought-after Springs 14 community, this well-presented Type 4M villa offers a fantastic opportunity for both end users and investors alike. Sitting on one of the largest plots available for this layout, the"
pf-dubai-235,propertyfinder,https://www.propertyfinder.ae/en/plp/buy/villa-for-sale-dubai-the-springs-springs-4-118143811.html,Type 4M | Single Row I Vacant I Motivated Seller,3050000,AED,sale,apartment,2,3,1857,The Springs,dubai,Dubai,"Dubai, The Springs",25.060333251953125,55.179264068603516,2026-07-19T11:09:02Z,"Property Highlights:

- Plot Size : 1,857 sq. ft.
- 2 Bedrooms, 3 Bathrooms
- Unfurnished
- Springs 4, The Springs
- Vacant
- Type 4M
- Single row

Community and Lifestyle Amenities:

Springs 4 amenities include a Spinneys supermarket, banks, children's play areas, a fitness centre, a medical clinic, outdoor barbecue areas, a pharmacy, restaurants and cafes, shops, swimming pools and tennis and ba"
pf-dubai-236,propertyfinder,https://www.propertyfinder.ae/en/plp/buy/villa-for-sale-dubai-villanova-amaranta-amaranta-2-107293786.html,Exclusive | Great Location | Stunning,2900000,AED,sale,apartment,3,3,1733,Villanova,dubai,Dubai,"Dubai, Villanova, Amaranta",25.080896377563477,55.361793518066406,2026-06-25T11:02:05Z,"Introducing this exclusive property presented by Espace Real Estate. Embrace the perfect blend of comfort, luxury, and convenience in the heart of Dubailand, specifically in the esteemed Villanova - Amaranta 2 community. The villa, a Type 1 unit, boasts a built-up area (BUA) of 1918 sq. ft and is situated on a generous plot of 1733 sq. ft.

This piece of architectural magnificence houses three spa"
pf-dubai-237,propertyfinder,https://www.propertyfinder.ae/en/plp/buy/villa-for-sale-dubai-arabian-ranches-3-bliss-115921182.html,Price Negotiable | Great Location |Serious Seller,3050000,AED,sale,apartment,3,4,2203,Arabian Ranches 3,dubai,Dubai,"Dubai, Arabian Ranches 3",25.06486701965332,55.32307434082031,2026-07-14T09:50:23Z,"Family Homes DXB is delighted to offer this 3 Bedroom Villa for sale in Bliss located in Arabian Ranches 3, Dubai.

Key Features:
- 3 Bedrooms 
-4 Bathrooms 
- BUA: 1,389 sqft 
- Plot size: 2,203 sqft
- Spacious private garden 
- Covered parking for two vehicles 
- Contemporary architectural design 
- Bright and airy interiors with floor-to-ceiling windows 
- Family-friendly community with landsca"
pf-dubai-238,propertyfinder,https://www.propertyfinder.ae/en/plp/buy/villa-for-sale-dubai-rukan-rukan-3-116803480.html,Amazing Location | Large Layout | Corner Unit,1200000,AED,sale,apartment,1,1,1020,Rukan,dubai,Dubai,"Dubai, Rukan",25.047107696533203,55.28630828857422,2026-07-16T08:20:51Z,"RAF Capital Real Estate is delighted to present this vacant on transfer Owner Occupied duplex one-bedroom townhouse in Rukan, located in the vibrant community of Wadi Al Safa 7, Dubai land. This contemporary home offers bright, open-plan living spaces—perfect for individuals or couples seeking modern urban comfort within a serene setting.

Property Details
• Type: 1-Bedroom Duplex Townhouse
• Size"
pf-dubai-239,propertyfinder,https://www.propertyfinder.ae/en/plp/buy/villa-for-sale-dubai-mudon-arabella-townhouses-arabella-townhouses-1-96931171.html,Extended and Upgraded | Pool Backing | Vastu | VOT,4099000,AED,sale,apartment,3,4,2358,Mudon,dubai,Dubai,"Dubai, Mudon, Arabella Townhouses",25.016923904418945,55.27108383178711,2026-06-01T04:42:39Z,"Extended Semi-detached layout offering added privacy
3 large bedrooms plus maid’s room
Upgraded interiors and external landscaping
Directly backing the community pool
Bright and spacious living and dining areas
Smart home features
Vacant on transfer
Vastu compliant
BUA - 2,358 sq. ft.
Plot - 2,999 sq. ft.

haus & haus is proud to present this extended and upgraded 3-bedroom semi-detached villa in "
pf-dubai-240,propertyfinder,https://www.propertyfinder.ae/en/plp/buy/villa-for-sale-dubai-arabian-ranches-3-bliss-93135295.html,Corner | Green Park Backing | Vacant on Transfer,3500000,AED,sale,apartment,3,4,2205,Arabian Ranches 3,dubai,Dubai,"Dubai, Arabian Ranches 3",25.06486701965332,55.32307434082031,2026-05-23T06:20:23Z,"Welcome to this beautifully designed 3-bedroom corner townhouse with a maid’s room, located in the serene community of Bliss, Arabian Ranches 3 backing a green belt park. 

Offering a harmonious blend of contemporary living and traditional charm, this home spans a BUA of 2,205.09 Sq Ft on a plot size of 1,294.79 Sq Ft, making it ideal for families seeking space, comfort, and convenience.

- 3 beds"
pf-dubai-241,propertyfinder,https://www.propertyfinder.ae/en/plp/buy/villa-for-sale-dubai-villanova-la-rosa-la-rosa-1-103685998.html,Single Row | Vacant Soon | Call For More Details,3150000,AED,sale,apartment,3,4,1741,Villanova,dubai,Dubai,"Dubai, Villanova, La Rosa",25.069263458251953,55.35065841674805,2026-06-17T08:52:31Z,"Gold Mark Real Estate, were proud to present this exceptional property that combines comfort, style, and unbeatable value. With a reputation built on trust, expertise, and client satisfaction, Gold Mark Real Estate ensures every listing receives the attention it deserves.
Whether youre looking to invest, upgrade, or find your perfect home, this opportunity is one you dont want to miss. Experience "
pf-dubai-242,propertyfinder,https://www.propertyfinder.ae/en/plp/buy/villa-for-sale-dubai-villanova-amaranta-amaranta-2-106855047.html,Motivated Seller  |  Pool & Park Backing  | Vastu,2900000,AED,sale,apartment,3,4,1728,Villanova,dubai,Dubai,"Dubai, Villanova, Amaranta",25.080896377563477,55.361793518066406,2026-06-24T11:53:46Z,"Betterhomes is proud to present this exceptional 3-bedroom + maid's room townhouse in Amaranta, Villanova, offering 1,920 sq. ft. of built-up area on a 1,730 sq. ft. plot.

Single-row, pool-facing location with no direct villa facing the property, this home offers enhanced privacy. 

Vacant on transfer and ready to view, it presents an excellent opportunity for both end-users and investors.

Key F"
pf-dubai-243,propertyfinder,https://www.propertyfinder.ae/en/plp/buy/villa-for-sale-dubai-the-valley-lillia-113729232.html,Semi-Closed Kitchen | Biggest 3b Layout in Valley,2290000,AED,sale,apartment,3,4,1482,The Valley,dubai,Dubai,"Dubai, The Valley",25.0069637298584,55.44761276245117,2026-07-09T13:33:39Z,"Good Entry Real Estate LLC is delighted to present this beautifully designed 3-bedroom villa for sale in Lillia, The Valley, one of Dubai’s most family-friendly and thoughtfully master-planned communities. Offering bright interiors, spacious layouts, and a peaceful suburban environment, this villa is ideal for families seeking comfort, privacy, and a modern lifestyle surrounded by nature.

Propert"
pf-dubai-244,propertyfinder,https://www.propertyfinder.ae/en/plp/buy/villa-for-sale-dubai-tilal-al-ghaf-elan-113242337.html,Close to Pool & Park | Single Row | Three Bedroom,3500000,AED,sale,apartment,3,4,2142,Tilal Al Ghaf,dubai,Dubai,"Dubai, Tilal Al Ghaf",25.026487350463867,55.234195709228516,2026-07-08T05:39:54Z,"Property Features:

•	Prime internal location
•	Single-row position
•	3 Bedrooms
•	Maid's room
•	BUA: 2,142 sq. ft.
•	Plot: 1,522 sq. ft.
•	Walking distance to the pool and park
•	Premium-quality finishes throughout
•	Fully fitted kitchen with Teka appliances
•	Bright open-plan living and dining area
•	Excellent community amenities

Agent: Rachel Stephens

Arabian Estates is delighted to present t"
pf-dubai-245,propertyfinder,https://www.propertyfinder.ae/en/plp/buy/villa-for-sale-dubai-serena-casa-viva-109936399.html,NEGOTIABLE | 3 BED VACANT | BEST LOCATION,2999999,AED,sale,apartment,3,4,2150,Serena,dubai,Dubai,"Dubai, Serena",25.036428451538086,55.28071212768555,2026-07-01T07:02:37Z,"AQUA Properties is proud to present this lovely Type C (Middle unit) 3-bedroom plus maid’s room within the Casa Viva phase of Serena Community.
   
Property Details:
* 3 Bedrooms
* 4 Bathrooms
* Vacant
* Maid’s room with attached bathroom
* Dark wood Kitchen
* Unfurnished
* BUA: 2159 sq. ft.
* Plot Size: 2005 sq. ft.
* Vacant and ready to move in
* Close to the community entrance
* Covered parking"
pf-dubai-246,propertyfinder,https://www.propertyfinder.ae/en/plp/buy/villa-for-sale-dubai-villanova-amaranta-amaranta-b-110039440.html,Investor Deal | Prime Location | Motivated Seller,2750000,AED,sale,apartment,3,3,1774,Villanova,dubai,Dubai,"Dubai, Villanova, Amaranta",25.079425811767578,55.363189697265625,2026-07-01T09:03:35Z,"Patriot Real Estate proudly presents this exceptional 3-bedroom townhouse with maid’s room in Amaranta B, Villanova—offering the perfect blend of comfort, space, and community living. Located in one of Dubai’s most sought-after family neighborhoods, this property is ideal for both end-users and investors looking for long-term value and strong capital appreciation.

Selling Price: AED 2,750,000
Siz"
pf-dubai-247,propertyfinder,https://www.propertyfinder.ae/en/plp/buy/villa-for-sale-dubai-the-valley-nara-109037007.html,Park Nearby|Landscapped| Brand New,3299999,AED,sale,apartment,4,4,2249,The Valley,dubai,Dubai,"Dubai, The Valley",25.00411033630371,55.451168060302734,2026-06-29T09:20:29Z,"Treo Homes is very pleased to be bringing to the market our latest listing in Nara, The Valley.Features
 - 4 Bed
 - 4 Bath
 - Maidsroom
 - Aston Layout
 - BUA - 2,250 SQFT
 - PLOT - 2,772 SQFT
 - Back to Back
 - Park Nearby
 - Pool Nearby
 - Vacant and Ready to Move

This spacious 4 bedroom townhouse in the Nara community in the valley offers modern living with open plan interiors, a cozy living, "
pf-dubai-248,propertyfinder,https://www.propertyfinder.ae/en/plp/buy/villa-for-sale-dubai-the-valley-nara-112295791.html,Brand New | Ready to Move in | Vacant,2750000,AED,sale,apartment,3,3,1900,The Valley,dubai,Dubai,"Dubai, The Valley",25.00411033630371,55.451168060302734,2026-07-06T10:32:34Z,"PROPERTY HIGHLIGHTS

- 3 Bedrooms
- BUA: 1922 sqf.
-Plot Size: 1900 sqft 
- Single-Row Townhouse
- Brand New 
- Vacant, Ready to Move In
- Single-row - maximum privacy and light
- Private garden
- Maid/Nanny room
- 2 covered parking spaces


COMMUNITY FEATURES

• Low-density townhouse and villa community — no apartments, no towers, no traffic
• Golden Beach — a sandy beach within your community
• "
pf-dubai-249,propertyfinder,https://www.propertyfinder.ae/en/plp/buy/villa-for-sale-dubai-town-square-maha-townhouses-109506593.html,Single Row | On Green Belt| Vastu Unit| Townsquare,3000000,AED,sale,apartment,3,4,1904,Town Square,dubai,Dubai,"Dubai, Town Square",25.00972557067871,55.284786224365234,2026-06-30T13:05:09Z,"H&S Real Estate proudly presents this exceptional Maha Townhouse, perfectly positioned in a single-row location facing the green belt, offering privacy, peaceful surroundings, and an ideal family lifestyle in one of Dubai’s most desirable communities.

This beautifully positioned Vastu-compliant townhouse combines modern design with serene green views, making it a perfect choice for families and i"
pf-dubai-250,propertyfinder,https://www.propertyfinder.ae/en/plp/buy/villa-for-sale-dubai-mudon-mudon-al-ranim-3-111424314.html,BRAND NEW | 3BED+MAIDSROOM |GATED COMMUNITY-VACANT,3650000,AED,sale,apartment,3,4,2217,Mudon,dubai,Dubai,"Dubai, Mudon",25.016633987426758,55.2646598815918,2026-07-04T13:52:30Z,"H&S Real Estate is proud to offer this beautiful 3-Bedroom + Maid’s Villa located just steps away from the pool and park in the highly desirable Mudon Al Ranim 3 community. 

This home perfectly blends modern design, family comfort, and an unbeatable location — ideal for those seeking a peaceful yet connected lifestyle in one of Dubai’s most family-friendly neighborhoods. 
Property Features:
• BUA"
pf-dubai-251,propertyfinder,https://www.propertyfinder.ae/en/plp/buy/villa-for-sale-dubai-arabian-ranches-al-reem-al-reem-3-100824789.html,Single Row | Lowest Priced In Al Reem | VOT,3185000,AED,sale,apartment,2,3,1853,Arabian Ranches,dubai,Dubai,"Dubai, Arabian Ranches, Al Reem",25.058679580688477,55.288856506347656,2026-06-10T07:00:42Z,"Alex Tee is from strada is excited to present this upgraded Type 4M villa in Al Reem 3, offering the perfect blend of style, privacy, and value. Located in a quiet single-row position with no rear neighbours, this home enjoys enhanced privacy within one of Arabian Ranches’ most established family communities. 

Key Features:
- Type 4M
- Close to Pool / Park
- Close to Lake
- BUA 1781
- Plot 1853 s"
pf-dubai-252,propertyfinder,https://www.propertyfinder.ae/en/plp/buy/villa-for-sale-dubai-reem-mira-oasis-mira-oasis-1-112734180.html,Type-H | Corner Plot | VOT | Exclusive,3300000,AED,sale,apartment,3,4,2286,Reem,dubai,Dubai,"Dubai, Reem, Mira Oasis",25.01297378540039,55.29405975341797,2026-07-07T08:05:25Z,"Vacant on Transfer
Large Corner Plot
Near to Entrance
Type-H
3 Bedroom plus Study and Maids
BUA: 2286 sqft
Plot: 3074 sqft

haus & haus is proud to presesent this type H villa in Mira Oasis 1. The property is situationed in an ideal loation on a nice corner plot near to the entrance and just a few minutes walk to the park and swimming pool.

Mira Oasis offers a variety of amenities for its residen"
pf-dubai-253,propertyfinder,https://www.propertyfinder.ae/en/plp/buy/villa-for-sale-dubai-villanova-la-violeta-la-violeta-2-75015839.html,Single Row | Genuine Resale | End Unit,4000000,AED,sale,apartment,4,4,2327,Villanova,dubai,Dubai,"Dubai, Villanova, La Violeta",25.075136184692383,55.34632110595703,2026-04-10T10:27:25Z,"Unique Properties proudly presents La Violeta 2, a modern townhouse community within Villanova, Dubai Land. Offering elegant 4-bedroom homes, the development blends contemporary design with a serene, family-friendly lifestyle. Each townhouse features bright interiors, open-plan layouts, private gardens, and maids’ rooms.

Community Highlights:
• Swimming pools, parks, and kids’ play areas
• Gym, o"
pf-dubai-254,propertyfinder,https://www.propertyfinder.ae/en/plp/buy/villa-for-sale-dubai-serena-casa-dora-106419644.html,TYPE B | VACANT SOON | EXTENDED | GARDEN,3500000,AED,sale,apartment,3,4,2272,Serena,dubai,Dubai,"Dubai, Serena",25.033870697021484,55.28620529174805,2026-06-23T12:45:46Z,"AQUA Properties is pleased to offer this corner, vacant 3-bedroom extended townhouse in Casa Dora Serena.

Property Description:
* 3 Bedroom
* 4 Bathroom
* Plot: 2797 sq. ft.
* BUA: 2295 sq. ft.
* Very well-maintained
* Ready to move in
* Landscaped garden
* Extended unit
* Tenanted

Facilities:
* Community Centre
* Geant Supermarket, Saudi German Clinic, Papa John's Pizza, Gelato Divino Ice Cream"
pf-dubai-255,propertyfinder,https://www.propertyfinder.ae/en/plp/buy/villa-for-sale-dubai-villanova-amaranta-amaranta-b-98691143.html,3 Bedroom | Upgraded | Gated Community |,2900000,AED,sale,apartment,3,3,1732,Villanova,dubai,Dubai,"Dubai, Villanova, Amaranta",25.079425811767578,55.363189697265625,2026-06-05T09:40:22Z,"**Spacious 3 Bedroom Villa for Sale in Amaranta B, Villanova, Dubai   AED 2,900,000**

Presented by fam Properties, Dubai s most trusted real estate agency with over 700 agents and more than 9,200 satisfied clients, we are delighted to offer this stunning, brand new 3 bedroom villa located in the highly sought after community of Amaranta B, Villanova.

**Property Overview:** 
  **Type:** 3 Bedroom"
pf-dubai-256,propertyfinder,https://www.propertyfinder.ae/en/plp/buy/villa-for-sale-dubai-town-square-shams-townhouses-92275744.html,Spacious 3BR | Private Garden | Family Living,3050000,AED,sale,apartment,3,4,1873,Town Square,dubai,Dubai,"Dubai, Town Square",25.01128387451172,55.28326416015625,2026-05-21T13:31:27Z,"Eivan Properties presents this contemporary 3-bedroom townhouse in Shams Townhouses, a vibrant community by Nshama Properties, located in Town Square Dubai. Designed for modern family living, this home offers a perfect balance of comfort, space, and lifestyle within a dynamic, nature-inspired environment. 

Property Details
* 3 Bedrooms | 4 Bathrooms
* Maid’s room
* Open-plan living & dining
* Bui"
pf-dubai-257,propertyfinder,https://www.propertyfinder.ae/en/plp/buy/villa-for-sale-dubai-arabian-ranches-3-raya-116382289.html,Brand new | Large Plot | Area Expert,4350000,AED,sale,apartment,4,4,2353,Arabian Ranches 3,dubai,Dubai,"Dubai, Arabian Ranches 3",25.067821502685547,55.33818435668945,2026-07-15T14:00:53Z,"BUA 2,353 sq.ft
Plot 3,023 sq.ft
Walk to the family-friendly pool and clubhouse
Modern architectural style with premium Emaar finishes
Lush, landscaped community
Open-plan living with contemporary design
Prestigious address in one of Dubai’s premier masterplans
Enjoy scenic bicycle and walking tracks
Covered parking for two cars with access to main roads
Call now for more details

haus & haus is p"
pf-dubai-258,propertyfinder,https://www.propertyfinder.ae/en/plp/buy/villa-for-sale-dubai-mudon-mudon-al-ranim-5-112309159.html,Motivated Seller | Brand New | Multiple Options,4400000,AED,sale,apartment,4,4,2468,Mudon,dubai,Dubai,"Dubai, Mudon",25.01484489440918,55.26432418823242,2026-07-06T13:22:06Z,"Century 21 proudly presents this stunning 4 bedroom + maid property in Mudon Al Ranim 5. It is designed for those who appreciate sophisticated living, this property presents an ideal opportunity for home buyers or investors seeking a contemporary residence in one of Dubai's most desirable locations, offering residents a luxurious lifestyle in one of Dubai's most desirable locations.


  4 bedrooms"
pf-dubai-259,propertyfinder,https://www.propertyfinder.ae/en/plp/buy/villa-for-sale-dubai-mudon-mudon-al-ranim-3-110977735.html,Single Row | Vacant | Brand New,3650000,AED,sale,apartment,3,3,2217,Mudon,dubai,Dubai,"Dubai, Mudon",25.016633987426758,55.2646598815918,2026-07-03T12:42:45Z,"Century 21 proudly presents this stunning 3 bedroom + maid property in Mudon Al Ranim 3. It is designed for those who appreciate sophisticated living, this property presents an ideal opportunity for home buyers or investors seeking a contemporary residence in one of Dubai's most desirable locations, offering residents a luxurious lifestyle in one of Dubai's most desirable locations.


  3 bedrooms"
pf-dubai-260,propertyfinder,https://www.propertyfinder.ae/en/plp/buy/villa-for-sale-dubai-rukan-rukan-3-105114159.html,Spacious Layout | Prime Location|Vacant Soon,1899999,AED,sale,apartment,2,3,1102,Rukan,dubai,Dubai,"Dubai, Rukan",25.047107696533203,55.28630828857422,2026-06-20T09:23:17Z,"A2Z Properties is  excited to present this Unfurnished Spacious 2 Bedroom Townhouse for Sale in Rukan 3, Dubai Land, Dubai.

Features:

2 Bedroom
3 Bathroom
1 Parking
Unfurnished.

Amenities:

Gymnasium
Outdoor Swimming Pool
Children’s Swimming Pool
Spa
Gym for Men and Women
Sauna
Steam Room
Jacuzzi
Built-in Wardrobes
Children’s Play Area
Exclusive Health Club
Running Track
Jogging Track
Covered P"
pf-dubai-261,propertyfinder,https://www.propertyfinder.ae/en/plp/buy/villa-for-sale-dubai-the-springs-springs-14-115931307.html,Exclusive | Large Plot | Vacant | Type 4M,3600000,AED,sale,apartment,2,2,2228,The Springs,dubai,Dubai,"Dubai, The Springs",25.051584243774414,55.17394256591797,2026-07-14T12:18:04Z,"Espace Real Estate proudly presents this type 4M situated in the highly sought-after community of The Springs 14, this well-maintained Type 4M villa offers an exceptional opportunity for homeowners and investors alike. Set within a peaceful, family-friendly location, the home combines spacious living with the lifestyle that has made Emirates Living one of Dubais most desirable communities.

Reside"
pf-dubai-262,propertyfinder,https://www.propertyfinder.ae/en/plp/buy/villa-for-sale-dubai-reem-mira-mira-1-68683688.html,3BR+1  VILLA -MIRA 1 BY EMAAR,3300000,AED,sale,apartment,3,4,2170,Reem,dubai,Dubai,"Dubai, Reem, Mira",25.005155563354492,55.301612854003906,2026-03-26T12:34:09Z,"Welcome to an exceptional opportunity to own a beautifully designed 3 Bedroom villa in the highly sought after community of MIRA  villa,offered by Hassan Al Shamsi Real Estate Brokers LLC,presents an ideal blend of comfort,luxury and modern  a maids room,spacious living areas and an enviable location,this villa is perfect for families seeking an upscale lifestyle.

Key features;

3 Bedrooms+1 Maid"
pf-dubai-263,propertyfinder,https://www.propertyfinder.ae/en/plp/buy/villa-for-sale-dubai-jumeirah-pearl-jumeirah-pearl-jumeirah-villas-116798141.html,Investor deal | Huge Plot size | Walking to Beach,38000000,AED,sale,apartment,7,8,15238,Jumeirah,dubai,Dubai,"Dubai, Jumeirah, Pearl Jumeirah",25.24372673034668,55.25874328613281,2026-07-16T05:58:28Z,"Direct, Serious Buyers Only - No Agents

Master Mind Real Estate Broker is proud to present this exceptional 6-bedroom luxury villa located in the prestigious Pearl Jumeirah Island, one of Dubai's most exclusive waterfront communities. Designed for refined living, this remarkable residence offers expansive interiors, premium-quality finishes, and a private swimming pool, creating the perfect balan"
pf-dubai-264,propertyfinder,https://www.propertyfinder.ae/en/plp/buy/villa-for-sale-dubai-palm-jumeirah-garden-homes-garden-homes-frond-f-116803604.html,Brand - New Palm Beachfront Luxury Villa in Palm,56500000,AED,sale,apartment,5,6,7328,Palm Jumeirah,dubai,Dubai,"Dubai, Palm Jumeirah, Garden Homes",25.127580642700195,55.130062103271484,2026-07-16T08:27:49Z,"Discover a brand-new, fully renovated 5-bedroom Garden Home on the iconic Palm Jumeirah. This turnkey luxury villa has been meticulously upgraded using premium European materials, designer furnishings and cuttingedge smart home technology, offering one of the most sophisticated waterfront living experiences on the Palm.

The villa welcomes you with bright, openplan living spaces finished with trav"
pf-dubai-265,propertyfinder,https://www.propertyfinder.ae/en/plp/buy/villa-for-sale-dubai-mudon-mudon-al-ranim-4-117707487.html,Exclusive Listing | G+2 | Pool View,4299000,AED,sale,apartment,3,3,1840,Mudon,dubai,Dubai,"Dubai, Mudon",25.021379470825195,55.267337799072266,2026-07-18T10:50:19Z,"Lexoro Real Estate is proud to present this brand new 3-bedroom villa for Sale in Mudon Al Ranim 4, Al Hebiah Sixth, Dubai.

Step into modern living with this beautifully designed villa, offering spacious interiors, premium finishes, and a peaceful community setting. Perfect for families seeking comfort, privacy, and convenience in one of Dubai’s most sought-after gated communities.

Property Deta"
pf-dubai-266,propertyfinder,https://www.propertyfinder.ae/en/plp/buy/villa-for-sale-dubai-mudon-mudon-al-ranim-3-117707752.html,Bright & Spacious 3BR Villa | Premium Finishes,3650000,AED,sale,apartment,3,4,1841,Mudon,dubai,Dubai,"Dubai, Mudon",25.016633987426758,55.2646598815918,2026-07-18T10:55:20Z,"Lexoro Real Estate is proud to present this brand new 3-bedroom villa in Mudon Al Ranim 3, Al Hebiah Sixth, Dubai.

Step into modern living with this beautifully designed villa, offering spacious interiors, premium finishes, and a peaceful community setting. Perfect for families seeking comfort, privacy, and convenience in one of Dubai’s most sought-after gated communities.

Property Details
3 Spa"
pf-dubai-267,propertyfinder,https://www.propertyfinder.ae/en/plp/buy/villa-for-sale-dubai-mudon-mudon-al-ranim-4-117702958.html,Brand New | 3BR Villa | Prime Community,3800000,AED,sale,apartment,3,4,1834,Mudon,dubai,Dubai,"Dubai, Mudon",25.021379470825195,55.267337799072266,2026-07-18T09:31:15Z,"Lexoro Real Estate is proud to present this brand new 3-bedroom villa for Sale in Mudon Al Ranim 4, Al Hebiah Sixth, Dubai.

Step into modern living with this beautifully designed villa, offering spacious interiors, premium finishes, and a peaceful community setting. Perfect for families seeking comfort, privacy, and convenience in one of Dubai’s most sought-after gated communities.

Property Deta"
pf-dubai-268,propertyfinder,https://www.propertyfinder.ae/en/plp/buy/villa-for-sale-dubai-jumeirah-jumeirah-bay-island-bulgari-resort-residences-bulgari-resort-residences-1-110533987.html,Prestigious Waterfront Mansion with Open Sea Views,425000000,AED,sale,apartment,6,8,29101,Jumeirah,dubai,Dubai,"Dubai, Jumeirah, Jumeirah Bay Island, Bulgari Resort & Residences",25.2095890045166,55.2359733581543,2026-07-02T14:32:55Z,"Presenting an iconic First Row Bulgari Mansion within the prestigious Bulgari Resorts and Residences - offering a landmark waterfront residence set on the largest plot within this exclusive enclave.

Occupying a prime corner position, the Mansion enjoys exceptional privacy and uninterrupted open sea views. It offers six spacious en-suite bedrooms, each thoughtfully designed to provide comfort and "
pf-dubai-269,propertyfinder,https://www.propertyfinder.ae/en/plp/buy/villa-for-sale-dubai-jumeirah-jumeirah-bay-island-jumeirah-bay-island-villas-110534007.html,Timeless Beachfront Villa | Unparalleled Sea View,265000000,AED,sale,apartment,5,7,17252,Jumeirah,dubai,Dubai,"Dubai, Jumeirah, Jumeirah Bay Island",25.216386795043945,55.23564147949219,2026-07-02T14:32:49Z,"Brought to you  by The Private Collection, this 5-Bedroom Villa is located in Jumeirah Bay Island Villas, Jumeirah Bay Island, Jumeirah.

Villa Details:

  * 5 bedrooms designed to expand to 7
  * 7 bathrooms designed to expand to 8 or 9
  * 3 living rooms (1 formal on the ground floor and 2 family/TV)
  * Beachfront property with breathtaking sunset views
  * Balcony and terraces overlooking the "
pf-dubai-270,propertyfinder,https://www.propertyfinder.ae/en/plp/buy/villa-for-sale-dubai-jumeirah-la-mer-la-mer-south-island-110533976.html,Designer Coastal Villa | Modern and Brand New,135000000,AED,sale,apartment,6,7,9477,Jumeirah,dubai,Dubai,"Dubai, Jumeirah, La Mer",25.228832244873047,55.25772476196289,2026-07-02T14:32:44Z,"Brought to you by The Private Collection, this 6-Bedroom Villa is located in La Mer South Island, Jumeirah.

Mansion Details:

  * Freehold
  * Ultra-luxury 6-bedroom Villa
  * Spacious formal and family living areas
  * High-end show kitchen + service kitchen
  * Full wellness area (Gym, Spa, and Massage rooms) 
  * 6 staff and driver quarters
  * 6-car underground garage
  * Entertainment level "
pf-dubai-271,propertyfinder,https://www.propertyfinder.ae/en/plp/buy/villa-for-sale-dubai-jumeirah-jumeirah-bay-island-jumeirah-bay-island-villas-110533994.html,Sophisticated Modern Villa | Incomparable Luxury,250000000,AED,sale,apartment,5,6,18587,Jumeirah,dubai,Dubai,"Dubai, Jumeirah, Jumeirah Bay Island",25.216386795043945,55.23564147949219,2026-07-02T14:32:38Z,"Brought to you by The Private Collection, this luxurious 5-bedroom villa is located in Jumeirah Bay Island, Jumeirah.

Villa Details

  * 5 Bedrooms plus Maids and Drivers Room
  * Vacant
  * Dubai Skyline and Sea View
  * Plot Area: 16,014 sq. ft
  * BUA: 18,587 sq. ft
  * Spacious Balcony with Scenic Views
  * Private Pool
  * Car Showroom
  * Private Garden and BBQ Area
  * Private Gym
  * Stud"
pf-dubai-272,propertyfinder,https://www.propertyfinder.ae/en/plp/buy/villa-for-sale-dubai-jumeirah-jumeirah-bay-island-bulgari-resort-residences-bulgari-resort-residences-1-110533974.html,Bulgari Front Row Mansion | Full Skyline Views,195000000,AED,sale,apartment,5,7,19101,Jumeirah,dubai,Dubai,"Dubai, Jumeirah, Jumeirah Bay Island, Bulgari Resort & Residences",25.2095890045166,55.2359733581543,2026-07-02T14:32:32Z,"Brought to you by The Private Collection, this 5 Bedroom Mansion is located in Bulgari Mansions, Jumeirah Bay Island, Jumeirah.

Mansion Details:

  * 5 Bedroom plus Guest Room
  * Vacant on transfer
  *  Full Dubai Skyline views
  *  Maids room
  *  Driver’s room
  * Cinema
  *  Private pool
  * 6 parkings
  * Gated community
  * BUA: 19,101 sqft
  * Plot: 7,353 sqf

Features:

  * Balcony
  * Ce"
pf-dubai-273,propertyfinder,https://www.propertyfinder.ae/en/plp/buy/villa-for-sale-dubai-emirates-hills-sector-e-116353495.html,Prime Plot | Approved Designs for Construction | Lakefront,59000000,AED,sale,apartment,5,6,14935,Emirates Hills,dubai,Dubai,"Dubai, Emirates Hills",25.068933486938477,55.172916412353516,2026-07-15T05:30:46Z,"Luxe Haven is proud to present this exceptional lakefront plot in the prestigious Sector E of Emirates Hills. Offering uninterrupted full lake views and a Vaastu-compliant layout, this is a rare opportunity to create a bespoke 5-bedroom luxury residence in one of Dubai's most exclusive communities.

The plot is offered with approved architectural drawings for a 5-bedroom villa, allowing the new ow"
pf-abu-dhabi-274,propertyfinder,https://www.propertyfinder.ae/en/plp/rent/apartment-for-rent-abu-dhabi-saadiyat-island-saadiyat-cultural-district-mamsha-al-saadiyat-105969874.html,Full Sea View | Azure 3BR+ Maid's | Prime Location,600000,AED,rent,apartment,3,5,3066,Saadiyat Island,abu-dhabi,Abu Dhabi,"Abu Dhabi, Saadiyat Island, Saadiyat Cultural District",24.538936614990234,54.41047286987305,2026-06-22T10:23:40Z,"Mamsha Al Saadiyat is located directly on the pristine white sands of Saadiyat Beach, offering residents breathtaking views of the Arabian Gulf.

PROPERTY DETAILS:
- Spacious Living/ Dining Area
- Modern Kitchen w/ Cabinet
- (1) Master Bedroom w/ Master Bathroom
- (2) Cozy Bedrooms
- Modern Bathrooms
- Powder Room
- Maids Room w/ Attached Bathroom
- Laundry Area
- Balcony
- Private Garage

AMENITI"
pf-abu-dhabi-275,propertyfinder,https://www.propertyfinder.ae/en/plp/rent/apartment-for-rent-abu-dhabi-yas-island-waters-edge-114150803.html,HIGH FLOOR | Canal View | Vacant / Move-In Ready !,79990,AED,rent,apartment,1,1,691,Yas Island,abu-dhabi,Abu Dhabi,"Abu Dhabi, Yas Island",24.481388092041016,54.61837387084961,2026-07-10T06:37:13Z,"We have multiple options available!

Vibrant 1-Bedroom Apartment in Waters Edge, Yas Island, Abu Dhabi
• High floor
• Canal view | Big balcony
• Vacant / Move-in ready
• 1 Parking is included. 

Property Details:
-- Bright living space | Dining area
-- Laundry room
-- Built-in wardrobes
-- Open kitchen
-- Balcony | Canal view

Key Facilities: Swimming pool, Gym, Kids play areas, Jogging and cyclin"
pf-abu-dhabi-276,propertyfinder,https://www.propertyfinder.ae/en/plp/rent/apartment-for-rent-abu-dhabi-al-maryah-island-al-maryah-vista-115909559.html,4 PAYMENTS | Vacant | Fully Furnished | 1 Parking!,59990,AED,rent,apartment,0,1,363,Al Maryah Island,abu-dhabi,Abu Dhabi,"Abu Dhabi, Al Maryah Island",24.494470596313477,54.38763427734375,2026-07-14T06:39:12Z,"Available now! 4 PAYMENTS : AED 60k only

(We also have a ""High Floor Studio with Full Canal View"" for only AED 62k)

Vacant! Fully Furnished Studio Apartment in Vista 1, Al Maryah Island, Abu Dhabi
 •  Move-in ready
 •  Good quality furniture
 •  Prime location -- Very in-demand
 •  Big Balcony
 •  1 Parking is included. 

Property Details:
-- Bright living area
-- Built-in wardrobes
-- Fully equ"
pf-abu-dhabi-277,propertyfinder,https://www.propertyfinder.ae/en/plp/rent/apartment-for-rent-abu-dhabi-yas-island-yas-golf-collection-views-f-114166169.html,Fully furnished | Huge Terrace | Brand New,175000,AED,rent,apartment,2,3,1615,Yas Island,abu-dhabi,Abu Dhabi,"Abu Dhabi, Yas Island, Yas Golf Collection",24.484607696533203,54.598060607910156,2026-07-10T11:12:30Z,"Metropolitan Capital Real Estate is proud to be offering you this Opulent Apartment with 2 Bedrooms, located in Abu Dhabi, Yas Island, Yas Golf Collection, Views F. 

Ready Details:

    - Status: Vacant
    - Floor: Ground 
    - Unit Type: Apartment
    - Built-up Area: 1,615.00sqft
    - View: 
    - Fully furnished
    - Bedrooms: 2
    - Bathrooms: 3
    
    - No. of Parking: 1
         - Op"
pf-abu-dhabi-278,propertyfinder,https://www.propertyfinder.ae/en/plp/rent/apartment-for-rent-abu-dhabi-al-reem-island-shams-abu-dhabi-the-gate-tower-2-79390045.html,Ideal Family Home | Full Facilities | Prime Area,170000,AED,rent,apartment,3,4,1736,Al Reem Island,abu-dhabi,Abu Dhabi,"Abu Dhabi, Al Reem Island, Shams Abu Dhabi",24.493572235107422,54.408241271972656,2026-04-21T08:05:03Z,"Discover spacious and comfortable living in this 3-bedroom apartment located in Gate Tower 2, Al Reem Island—one of Abu Dhabi’s most iconic residential developments. Perfectly designed for families, this home offers a functional layout, modern finishes, and access to premium facilities.

The apartment features a bright and expansive living and dining area with large windows that fill the space wit"
pf-abu-dhabi-279,propertyfinder,https://www.propertyfinder.ae/en/plp/rent/apartment-for-rent-abu-dhabi-al-shamkha-reeman-living-113725737.html,Move In Ready | First Tenant | 2BR w/ Balcony,85000,AED,rent,apartment,2,2,795,Al Shamkha,abu-dhabi,Abu Dhabi,"Abu Dhabi, Al Shamkha",24.40228843688965,54.67921447753906,2026-07-09T12:46:02Z,"Reeman Living is a sophisticated residential development in Al Shamkha, Abu Dhabi, by Aldar Properties. Offering elegantly designed studio to three-bedroom apartments, it provides high-end finishes and premium amenities:

Property Features:
- Living/Dining Room
- Modern Kitchen w/ Cupboards
- (2) Modern Bedrooms
- Modern Bathrooms
- Balcony
- Designated Parking

FACILITIES AND AMENITIES:
- Indoor "
pf-abu-dhabi-280,propertyfinder,https://www.propertyfinder.ae/en/plp/rent/apartment-for-rent-abu-dhabi-yas-island-mayan-mayan-2-109935127.html,High Floor | Spacious Studio | Well Maintained,100000,AED,rent,apartment,0,1,906,Yas Island,abu-dhabi,Abu Dhabi,"Abu Dhabi, Yas Island, Mayan",24.46396827697754,54.596435546875,2026-07-01T05:43:37Z,"Mayan at Yas Island is a premier waterfront residential development by Aldar, featuring studios to four‑bedroom apartments with panoramic views of the sea, golf course, and mangroves. Offering resort‑style amenities and direct access to Yas Beach, it delivers an exclusive lifestyle in one of Abu Dhabi’s most sought‑after destinations.

Apartment Features:
Apartment Features:
- Bright and Open livi"
pf-abu-dhabi-281,propertyfinder,https://www.propertyfinder.ae/en/plp/rent/apartment-for-rent-abu-dhabi-al-reem-island-city-of-lights-radiant-viewz-towers-92247926.html,Move In Ready | 3BR+Maid | Canal View,180000,AED,rent,apartment,3,4,1630,Al Reem Island,abu-dhabi,Abu Dhabi,"Abu Dhabi, Al Reem Island, City Of Lights",24.49734115600586,54.40439224243164,2026-05-21T07:45:49Z,"Radiant Viewz is a premium dual‑tower residential development on Al Reem Island, featuring contemporary architecture, refined interiors, and elevated waterfront living across two 28‑storey towers set above a seven‑level podium. Its strategic position within Radiant Square ensures seamless access to key retail, leisure, and lifestyle amenities, offering residents a sophisticated and well‑connected "
pf-abu-dhabi-282,propertyfinder,https://www.propertyfinder.ae/en/plp/rent/apartment-for-rent-abu-dhabi-al-reem-island-shams-abu-dhabi-sky-tower-119030924.html,Available Now | Best price w/ Sky Pod|World-Class,100000,AED,rent,apartment,1,2,1089,Al Reem Island,abu-dhabi,Abu Dhabi,"Abu Dhabi, Al Reem Island, Shams Abu Dhabi",24.49638557434082,54.40851974487305,2026-07-21T09:13:00Z,"At Dimension Real Estate, we're here to elevate your living experience. Our dedicated team is ready to guide you every step of the way—because finding your perfect home shouldn't be complicated, it should be exciting.

As one of the tallest residential landmarks in the emirate, Sun and Sky Tower offers a lifestyle that blends elegance, convenience, and breathtaking views.

Directly connected to Sh"
pf-abu-dhabi-283,propertyfinder,https://www.propertyfinder.ae/en/plp/rent/apartment-for-rent-abu-dhabi-yas-island-waters-edge-116367928.html,Ready To Move In | Full Canal View | Layout 05,145000,AED,rent,apartment,3,3,1511,Yas Island,abu-dhabi,Abu Dhabi,"Abu Dhabi, Yas Island",24.481388092041016,54.61837387084961,2026-07-15T10:37:58Z,"Water's Edge is an impressive residential project located on Yas Island, Abu Dhabi. Developed by Aldar Properties, this waterfront community is ideal for those seeking a luxurious lifestyle surrounded by natural beauty. Imagine waking up to the sound of the waves and enjoying breathtaking waterfront views from your private balcony. Water's Edge offers exactly that—an uninterrupted view of the sea."
pf-abu-dhabi-284,propertyfinder,https://www.propertyfinder.ae/en/plp/rent/apartment-for-rent-abu-dhabi-al-maryah-island-al-maryah-vista-115035051.html,Canal View | Balcony | Furnished | Vacant now !!,140000,AED,rent,apartment,2,2,1243,Al Maryah Island,abu-dhabi,Abu Dhabi,"Abu Dhabi, Al Maryah Island",24.494470596313477,54.38763427734375,2026-07-12T08:23:44Z,"Modern 2BR for Rent in Al Maryah Vista 1 | Canal Living | Prime Location.


Experience stylish urban living in this contemporary 2-bedroom apartment in Al Maryah Vista 1, perfectly positioned in the heart of Al Maryah Island.
With a smart layout and waterfront surroundings, this home is ideal for professionals seeking comfort, convenience, and a vibrant lifestyle.


** Unit Highlights:

-Spacious "
pf-abu-dhabi-285,propertyfinder,https://www.propertyfinder.ae/en/plp/rent/apartment-for-rent-abu-dhabi-corniche-road-al-sahel-towers-al-sahel-tower-2-113708555.html,Sea View 4Br Flat Maid Balcony Parking Pool,157500,AED,rent,apartment,4,4,2060,Corniche Road,abu-dhabi,Abu Dhabi,"Abu Dhabi, Corniche Road, Al Sahel Towers",24.467004776000977,54.334232330322266,2026-07-09T09:18:30Z,"Sindh Real Estate Offering Beautiful Property for the Corniche view lovers, 
Giving a Full Sea View and Coast line view of Corniche Near to Public Beach Area.


Property consist Following.

* Big Living full Glass and View is just unbeatable.
* Separate Family Sitting room for Families.
* Large Kitchen With window and Bar table.
* 2 Master Bedroom wardrobes and en Suite bathroom.
* Rooms with Shar"
pf-abu-dhabi-286,propertyfinder,https://www.propertyfinder.ae/en/plp/rent/apartment-for-rent-abu-dhabi-al-khalidiya-khalidiya-street-al-ain-tower-118145280.html,Spacious 3-Bedroom Huge Balcony Prime Location,193250,AED,rent,apartment,3,4,2150,Al Khalidiya,abu-dhabi,Abu Dhabi,"Abu Dhabi, Al Khalidiya, Khalidiya Street",24.468469619750977,54.339881896972656,2026-07-19T11:58:34Z,"Elite Care Properties Management Presents to their Elite Customers Spacious 3-Bedroom Unit Al Ain Tower, Abu Dhabi

Unit Details:
3 Bedrooms: Generously sized for comfort
4 Toilets: Including ensuite bathrooms
Unit Size: 2065 SQF of space
Closed Kitchen: Equipped for functional living
1 Allocated Parking Space: Secure parking included
Reception Area: Welcoming entryway
24/7 Security & Maintenance:"
pf-abu-dhabi-287,propertyfinder,https://www.propertyfinder.ae/en/plp/rent/apartment-for-rent-abu-dhabi-al-khalidiya-khalidiya-street-al-ain-tower-118145106.html,Luxury 2-Bedroom || Modern Home with Facilities,145000,AED,rent,apartment,2,4,1692,Al Khalidiya,abu-dhabi,Abu Dhabi,"Abu Dhabi, Al Khalidiya, Khalidiya Street",24.468469619750977,54.339881896972656,2026-07-19T11:52:44Z,"Unit details:
2 Bedroom
3 Toilet
Closed Kitchen
1 Allocated Parking Space
Reception
24h Security/ Maintenance

Amenities:
Shared Pool
Shared Gym
Sauna
Steam Room
Table Tennis
Recreational Area
Kids Play Area

Al Ain Tower Located just steps from the Corniche Road and the Arabian Gulf in central Abu Dhabi, Al Ain Tower rises 47 stories in a sensuous silhouette above its immediate surroundings. The "
pf-abu-dhabi-288,propertyfinder,https://www.propertyfinder.ae/en/plp/rent/apartment-for-rent-abu-dhabi-corniche-road-capital-plaza-capital-plaza-tower-b-118144362.html,Luxury Waterfront Living | Furnished 2BR |Sea View,181000,AED,rent,apartment,2,4,1995,Corniche Road,abu-dhabi,Abu Dhabi,"Abu Dhabi, Corniche Road, Capital Plaza",24.49862289428711,54.36791229248047,2026-07-19T11:25:42Z,"Experience premium waterfront living in this spacious 2-bedroom fully furnished apartment located in Capital Plaza, offering elegance, generous space, and a prestigious Corniche address in the heart of Abu Dhabi.

Unit Details:

Size: 186 SQM (Approx. 1,995 SQFT)
Fully Furnished
Ready to Move In

Apartment Features:

• 2 Spacious Bedrooms with Built-in Wardrobes
• Large Living & Dining Area with M"
pf-abu-dhabi-289,propertyfinder,https://www.propertyfinder.ae/en/plp/rent/apartment-for-rent-abu-dhabi-corniche-road-burj-mohammed-bin-rashid-at-wtc-118144250.html,"Kitchen Applicences , 12 Payments , Heigh Standard",118000,AED,rent,apartment,2,3,1200,Corniche Road,abu-dhabi,Abu Dhabi,"Abu Dhabi, Corniche Road",24.48716163635254,54.35747528076172,2026-07-19T11:21:41Z,"Apartment features:

2 Bedrooms
3 Bathrooms
Fully Fitted Kitchen
Built-in Wardrobes
Spacious Living room
1 Assigned Parking

Amenities include:

24/7 security with CCTV On Site
24/7 Maintenance staff onsite available
Luxurious Lobby with Secured Entrance
Full equipped Gymnasium
2 Swimming pool for adults
Kiddie pool Available
Kids play area.
Steam Room

About the area:

Accessible by foot to the O"
pf-abu-dhabi-290,propertyfinder,https://www.propertyfinder.ae/en/plp/rent/apartment-for-rent-abu-dhabi-corniche-road-burj-mohammed-bin-rashid-at-wtc-118143254.html,Luxury 3BR Apartment | 12 Payments | Modern Living,173916,AED,rent,apartment,3,4,2150,Corniche Road,abu-dhabi,Abu Dhabi,"Abu Dhabi, Corniche Road",24.48716163635254,54.35747528076172,2026-07-19T10:48:05Z,"Elite Care Properties Management Presents to their Elite Clients 3-Bedroom Apartment for Rent in Burj Mohammed Bin Rashid, World Trade Center, Corniche Road, Abu Dhabi


Apartment Features

3 Spacious Bedrooms with built-in wardrobes
4 Bathrooms
Fully Fitted Closed Kitchen with ample cabinet space
Spacious Living and Dining Area with panoramic views
2 Assigned Parking Spaces
Central Air Conditioni"
pf-abu-dhabi-291,propertyfinder,https://www.propertyfinder.ae/en/plp/rent/apartment-for-rent-abu-dhabi-al-maryah-island-al-maryah-vista-115469324.html,Canal View| Stylish and Spacious Corner Unit,125000,AED,rent,apartment,2,2,1244,Al Maryah Island,abu-dhabi,Abu Dhabi,"Abu Dhabi, Al Maryah Island",24.494470596313477,54.38763427734375,2026-07-13T08:43:47Z,"Discover modern waterfront living in this spacious 2-bedroom apartment at Maryah Vista. Designed with contemporary finishes and a practical layout, this home offers bright living spaces, floor-to-ceiling windows, and a private balcony with beautiful views.

Property Features:

-2 Spacious Bedrooms
-Modern Bathrooms
-Open-Plan Living & Dining Area
-Fully Fitted Kitchen with Premium Finishes
-Privat"
pf-abu-dhabi-292,propertyfinder,https://www.propertyfinder.ae/en/plp/rent/apartment-for-rent-abu-dhabi-al-reem-island-shams-abu-dhabi-sun-tower-115466307.html,High Floor |Premium Unit | Ready to Move In,140000,AED,rent,apartment,2,2,1317,Al Reem Island,abu-dhabi,Abu Dhabi,"Abu Dhabi, Al Reem Island, Shams Abu Dhabi",24.496286392211914,54.406856536865234,2026-07-13T08:06:47Z,"At Dimension Real Estate, we're here to elevate your living experience. Our dedicated team is ready to guide you every step of the way—because finding your perfect home shouldn't be complicated, it should be exciting.

As one of the tallest residential landmarks in the emirate, Sun and Sky Tower offers a lifestyle that blends elegance, convenience, and breathtaking views.

Directly connected to Sh"
pf-abu-dhabi-293,propertyfinder,https://www.propertyfinder.ae/en/plp/rent/apartment-for-rent-abu-dhabi-al-reef-al-reef-downtown-tower-34-115927078.html,Vacating Soon| Spacious 1BR Family Apartment|,73000,AED,rent,apartment,1,2,954,Al Reef,abu-dhabi,Abu Dhabi,"Abu Dhabi, Al Reef, Al Reef Downtown",24.456661224365234,54.67229080200195,2026-07-14T11:15:56Z,"Propshah Real Estate offers you a 1 bedrooms Type D spacious apartment for rent located in Al Reef Downtown. 
It is a perfect home for every family, the exact place to relax and unwind after the hustle and busy day.


1 BR Family Apartment

Living & Dining Area
Open kitchen
Master Bedroom w/attached Bathroom
Walk in closet Space
Guest Bathroom
Balcony 


Community Amenities:

24 Hours Security and"
pf-abu-dhabi-294,propertyfinder,https://www.propertyfinder.ae/en/plp/rent/apartment-for-rent-abu-dhabi-al-reef-al-reef-downtown-tower-8-115922288.html,Hottest Deal| 12 Chqs Type C| Shaded Parking| Book,90000,AED,rent,apartment,2,2,1212,Al Reef,abu-dhabi,Abu Dhabi,"Abu Dhabi, Al Reef, Al Reef Downtown",24.45704460144043,54.67207717895508,2026-07-14T10:05:13Z,"Propshah Real Estate offers you a 2 bedrooms MID Floor spacious apartment for rent located in Al Reef Downtown. 
It is a perfect home for every family, the exact place to relax and unwind after the hustle and busy day.

2BR Type C
1Master Bedroom w/attached bathroom and built in wardrobes
2nd Standard Bedroom
Spacious living & Dining area
Open European Style Kitchen
Big storage area
Laundry area
G"
pf-abu-dhabi-295,propertyfinder,https://www.propertyfinder.ae/en/plp/rent/apartment-for-rent-abu-dhabi-al-raha-beach-al-raha-lofts-114174851.html,Best Deal | Immediate Move-In | Elegant & Cozy,110000,AED,rent,apartment,2,3,1096,Al Raha Beach,abu-dhabi,Abu Dhabi,"Abu Dhabi, Al Raha Beach",24.449399948120117,54.60858154296875,2026-07-10T13:19:27Z,"Now Accepting Credit Card Payments! Enjoy flexible leasing options with easy payments.

At Dimension Real Estate, we're here to elevate your living experience. Our dedicated team is ready to guide you every step of the way—because finding your perfect home shouldn't be complicated, it should be exciting.

Nestled in Raha Lofts 1 and 2 boast captivating designs and a relaxing retreat away from the "
pf-abu-dhabi-296,propertyfinder,https://www.propertyfinder.ae/en/plp/rent/apartment-for-rent-abu-dhabi-corniche-road-wave-tower-118586338.html,Sea View | Huge Layout | Prime Location,165000,AED,rent,apartment,3,4,2001,Corniche Road,abu-dhabi,Abu Dhabi,"Abu Dhabi, Corniche Road",24.48308753967285,54.35038375854492,2026-07-20T10:38:48Z,"Apartment for rent in Wave tower, Corniche Road

Luxury 3BR + Maid | Full Sea View


Experience premium waterfront living in the Abu Dhabi Corniche – where luxury meets comfort in the heart of the Corniche.



Unit Features

* 3 Bedroom + Maid Room
* Full Sea View from all main areas
* Ready to Move In
* Spacious Living & Dining Area
* Modern Kitchen
* Maid Room with Attached Bathroom


Building A"
pf-abu-dhabi-297,propertyfinder,https://www.propertyfinder.ae/en/plp/rent/apartment-for-rent-abu-dhabi-corniche-road-al-reef-tower-118586128.html,2BHK Apartment | Sea View | kids play aera,127000,AED,rent,apartment,2,4,1600,Corniche Road,abu-dhabi,Abu Dhabi,"Abu Dhabi, Corniche Road",24.503820419311523,54.37045669555664,2026-07-20T10:35:36Z,"Apartment for rent in Al Reef Tower, Corniche Road

Features:
* 2 Master Bedrooms
* 4 Bathrooms
* Maid's Room
* Huge Balcony
* Closed Kitchen
* Built-in Wardrobes
* Centralized AC
* Centralized Gas
* Fully Fitted Kitchen
* Washing Space
* Full Sea View
* 1 Car Parking

Amenities:
*Pontoons
*Kids Play Area
Health Club for Males & Females
*Swimming Pool
*Kids Swimming Pool
*Jacuzzi
*CCTV Security
*W"
pf-abu-dhabi-298,propertyfinder,https://www.propertyfinder.ae/en/plp/rent/apartment-for-rent-abu-dhabi-al-shamkha-reeman-living-115935559.html,Vacant Now | Brand New | Family Community,86000,AED,rent,apartment,2,2,792,Al Shamkha,abu-dhabi,Abu Dhabi,"Abu Dhabi, Al Shamkha",24.40228843688965,54.67921447753906,2026-07-14T13:23:14Z,"The newest residential development by Aldar Properties, located in the heart of Al Shamkha. The project consists of three residential towers that simulate the beauty of the era and harmonious sophistication from all directions. The tower views four unique views that suit all desires.
A groundbreaking new approach that’s bringing home ownership down to earth, with properties to suit your tastes, Am"
pf-abu-dhabi-299,propertyfinder,https://www.propertyfinder.ae/en/plp/rent/apartment-for-rent-abu-dhabi-al-shamkha-reeman-living-114163196.html,Ready to Move | Brand New | Prime Location,84000,AED,rent,apartment,2,2,797,Al Shamkha,abu-dhabi,Abu Dhabi,"Abu Dhabi, Al Shamkha",24.40228843688965,54.67921447753906,2026-07-10T10:27:01Z,"Deals Experts Real Estate is pleased to present this brand-new 2-bedroom apartment for rent in Reeman Living, Al Reeman 1, Al Shamkha, Abu Dhabi. Available for AED 84,000 per year, this vacant and ready-to-move-in apartment is an excellent choice for tenants seeking a modern home in one of Abu Dhabi’s fastest-growing residential communities.

The apartment features a spacious open-plan living and "
pf-abu-dhabi-300,propertyfinder,https://www.propertyfinder.ae/en/plp/rent/apartment-for-rent-abu-dhabi-al-bateen-bloom-marina-119023260.html,"Life With Luxury, Indulgence And Convenience",100000,AED,rent,apartment,1,2,1100,Al Bateen,abu-dhabi,Abu Dhabi,"Abu Dhabi, Al Bateen",24.450632095336914,54.33172607421875,2026-07-21T07:09:16Z,"Apartment for rent in Bloom Marina, Al Bateen

Bloom Marina epitomizes luxury living. Lush green gardens complement the stunning water views, inviting you to embrace the serenity of nature. Designed with premium finishes and spacious layouts, which offers the perfect balance of luxury, comfort, and convenience for families seeking an elevated lifestyle.

Property Features:

- 1 Master Bedrooms
- 1"
pf-abu-dhabi-301,propertyfinder,https://www.propertyfinder.ae/en/plp/rent/apartment-for-rent-abu-dhabi-al-reem-island-shams-abu-dhabi-meera-2-112307798.html,Upcoming|Splendid 1BR|Community Views|Prime Area,80000,AED,rent,apartment,1,1,687,Al Reem Island,abu-dhabi,Abu Dhabi,"Abu Dhabi, Al Reem Island, Shams Abu Dhabi",24.503759384155273,54.41008758544922,2026-07-06T13:04:24Z,"Move into this stunning 1-bedroom residence in Meera Shams Tower 2, developed by Aldar in the heart of Shams Abu Dhabi. Ideally located just steps from Shams Park and surrounded by the vibrant conveniences of Al Reem Island, this home offers the perfect blend of modern comfort and a dynamic urban lifestyle. 


Features:

• Glorious Open- Plan Living/Dining Area
• Fully Fitted Open Kitchen with Cab"
pf-abu-dhabi-302,propertyfinder,https://www.propertyfinder.ae/en/plp/rent/apartment-for-rent-abu-dhabi-al-shamkha-reeman-living-116371400.html,Brand New | 2BR Apartment | Ready for Move,85000,AED,rent,apartment,2,2,785,Al Shamkha,abu-dhabi,Abu Dhabi,"Abu Dhabi, Al Shamkha",24.40228843688965,54.67921447753906,2026-07-15T11:27:31Z,"Reeman Living is a sophisticated residential development in Al Shamkha, Abu Dhabi, by Aldar Properties. Offering elegantly designed studio to three-bedroom apartments, it provides high-end finishes and premium amenities.

Its layout includes:

•2Bedrooms
• Modern kitchen that's perfectly suited for whipping up a storm
• Living room
• Built-in wardrobes
• Balcony
• Car Parking

Community Amenities:"
pf-abu-dhabi-303,propertyfinder,https://www.propertyfinder.ae/en/plp/rent/apartment-for-rent-abu-dhabi-al-reef-al-reef-downtown-tower-26-112293010.html,Type C 3BR| Open Kitchen| Basement Parking| Book,115000,AED,rent,apartment,3,4,1547,Al Reef,abu-dhabi,Abu Dhabi,"Abu Dhabi, Al Reef, Al Reef Downtown",24.457155227661133,54.6730842590332,2026-07-06T09:57:09Z,"Propshah Real Estate offers you a 3 bedrooms MIDFloor spacious apartment for rent located in Al Reef Downtown. 
It is a perfect home for every family, the exact place to relax and unwind after the hustle and busy day.


3BR Type C Vacant 

1 Master bedroom with attached toilet and walk in closet
2 & 3 rd. standard bedrooms
Guest toilet
Closed Kitchen
Maids Room with attached toilet
Spacious living"
pf-abu-dhabi-304,propertyfinder,https://www.propertyfinder.ae/en/plp/rent/apartment-for-rent-abu-dhabi-tourist-club-area-waterfront-residential-towers-water-front-tower-a-117702523.html,Waterfront 2BR + Maid | Modern Layout,145000,AED,rent,apartment,2,4,1540,Tourist Club Area,abu-dhabi,Abu Dhabi,"Abu Dhabi, Tourist Club Area, Waterfront Residential Towers",24.491111755371094,54.3853874206543,2026-07-18T09:23:53Z,"Annual Rent: AED 130,000

Experience premium waterfront living in this spacious semi-furnished 2-bedroom apartment located in Waterfront Tower A, Tourist Club Area (Al Zahiyah), Abu Dhabi. Featuring modern finishes, two master bedrooms, a maid's room, and a well-planned layout, this apartment offers the perfect combination of comfort, convenience, and style for families and professionals.

Propert"
pf-abu-dhabi-305,propertyfinder,https://www.propertyfinder.ae/en/plp/rent/apartment-for-rent-abu-dhabi-corniche-road-burj-mohammed-bin-rashid-at-wtc-118570483.html,12 Payments | Well Kept Home | Prime Location,115000,AED,rent,apartment,2,3,1550,Corniche Road,abu-dhabi,Abu Dhabi,"Abu Dhabi, Corniche Road",24.48716163635254,54.35747528076172,2026-07-20T06:36:24Z,"Primesto Properties Offering Spacious 2 Bedroom Apartment In WTC Tower.

Description:

Spacious 2 Bedrooms Apartment 
Bright living room with a formal dining area
Built in wardrobes
Quality finishes kitchen with Plenty of cabinets
Kitchen Appliances
Guest Powder room


Facilities:
Swimming pool 
Fully Equipped Gym
Kids Play Area 

Easy to enjoy what the city has to offer, Shops, Malls, Restaurants"
pf-abu-dhabi-306,propertyfinder,https://www.propertyfinder.ae/en/plp/rent/apartment-for-rent-abu-dhabi-al-reef-al-reef-downtown-tower-8-110034862.html,TYpe C 1BR| Vacating Soon| Open Parking View| Book,75000,AED,rent,apartment,1,2,1017,Al Reef,abu-dhabi,Abu Dhabi,"Abu Dhabi, Al Reef, Al Reef Downtown",24.45704460144043,54.67207717895508,2026-07-01T08:25:54Z,"Propshah Real Estate offers you a 1 bedrooms TYPE C spacious apartment for rent located in Al Reef Downtown. 
It is a perfect home for every family, the exact place to relax and unwind after the hustle and busy day.

1 BR Type C

1Master Bedroom w/attached bathroom and built in wardrobes 
Spacious living & Dining area
Open European Style Kitchen
Laundry area
Guest toilet
Spacious Terrace facing op"
pf-abu-dhabi-307,propertyfinder,https://www.propertyfinder.ae/en/plp/rent/apartment-for-rent-abu-dhabi-corniche-road-burj-mohammed-bin-rashid-at-wtc-116362970.html,2BR+Maid | Fully Furnished | 12 Payments | Ready,159000,AED,rent,apartment,2,3,1851,Corniche Road,abu-dhabi,Abu Dhabi,"Abu Dhabi, Corniche Road",24.48716163635254,54.35747528076172,2026-07-15T09:22:35Z,"Experience premium city living in this beautifully furnished 2-bedroom apartment located in World Trade Center Abu Dhabi, in the heart of the capital. Featuring stylish interiors, quality furnishings, and spacious living areas, this move-in-ready home is ideal for families and professionals seeking comfort, convenience, and a vibrant urban lifestyle.

Apartment Highlights:
-Fully furnished 2-Bedro"
pf-abu-dhabi-308,propertyfinder,https://www.propertyfinder.ae/en/plp/rent/apartment-for-rent-abu-dhabi-corniche-road-burj-mohammed-bin-rashid-at-wtc-116362863.html,2BR + Store | 12 Payments | Ready to Move in,128000,AED,rent,apartment,2,3,1657,Corniche Road,abu-dhabi,Abu Dhabi,"Abu Dhabi, Corniche Road",24.48716163635254,54.35747528076172,2026-07-15T09:20:33Z,"Experience sophisticated city living in this spacious 2-bedroom apartment with a storeroom located in World Trade Center Abu Dhabi. Offering generous living spaces, premium finishes, and an unbeatable downtown location, this residence is ideal for families and professionals seeking comfort, convenience, and a vibrant urban lifestyle in one of Abu Dhabi's most prestigious residential addresses.

Ap"
pf-abu-dhabi-309,propertyfinder,https://www.propertyfinder.ae/en/plp/rent/apartment-for-rent-abu-dhabi-al-reem-island-shams-abu-dhabi-meera-shams-115925289.html,Elegant 2BHK | Scenic Waterfront | Hot Deal,105000,AED,rent,apartment,2,2,1039,Al Reem Island,abu-dhabi,Abu Dhabi,"Abu Dhabi, Al Reem Island, Shams Abu Dhabi",24.50389289855957,54.41007614135742,2026-07-14T10:47:59Z,"This two-bedroom apartment on Al Reem Island provides 1,039 sqft of living space. The unfurnished interior allows for a personalized setup, featuring two bathrooms and a balcony that overlooks the water and local landmarks. The layout includes built-in wardrobes in the bedrooms, which helps keep the floor area clear and organized. Central air conditioning maintains a consistent temperature through"
pf-abu-dhabi-310,propertyfinder,https://www.propertyfinder.ae/en/plp/rent/apartment-for-rent-abu-dhabi-al-khalidiya-khalidiya-street-al-ain-tower-115925061.html,Premium 1BR Apart | Corniche Views | Al Ain Tower,86100,AED,rent,apartment,1,2,975,Al Khalidiya,abu-dhabi,Abu Dhabi,"Abu Dhabi, Al Khalidiya, Khalidiya Street",24.468469619750977,54.339881896972656,2026-07-14T10:43:56Z,"Discover the perfect blend of luxury and comfort in this 2-bedroom, 3-bathroom unfurnished Apartment at Al Ain Tower, located in the vibrant Al Khalidiya neighborhood of Abu Dhabi. Expansive balconies designed as sweeping curves, providing breathtaking views of the sea and Abu Dhabi Corniche. The apartment features built-in wardrobes, offering ample storage space, and is Vaastu-compliant, ensuring"
pf-abu-dhabi-311,propertyfinder,https://www.propertyfinder.ae/en/plp/rent/apartment-for-rent-abu-dhabi-al-shamkha-reeman-living-114597161.html,Brand New | Ready to Move | Al Shamkha,86000,AED,rent,apartment,2,2,797,Al Shamkha,abu-dhabi,Abu Dhabi,"Abu Dhabi, Al Shamkha",24.40228843688965,54.67921447753906,2026-07-11T07:51:29Z,"Reeman Living is a modern residential development located in Al Shamkha, within the larger Al Reeman community, developed by Aldar Properties. It is designed to offer affordable, contemporary living with a strong focus on young buyers, first-time homeowners, and investors. 

Unit Features:

Bright Living/dining Area
Modern Kitchen
2 Comfy Bedroom. 
Built-in wardrobes
Balcony
Car Parking

Unit Amen"
pf-abu-dhabi-312,propertyfinder,https://www.propertyfinder.ae/en/plp/rent/apartment-for-rent-abu-dhabi-al-reem-island-marina-square-rak-tower-115485142.html,Fully Furnished | Vacant End of July | Prime Area,120000,AED,rent,apartment,1,2,1001,Al Reem Island,abu-dhabi,Abu Dhabi,"Abu Dhabi, Al Reem Island, Marina Square",24.48725128173828,54.39512634277344,2026-07-13T12:07:50Z,"Experience the pinnacle of island living in this stunning fully furnished 1-bedroom apartment at RAK Tower, Marina Square. Perfectly positioned to capture uninterrupted community and glittering city skyline views, this residence offers a rare blend of waterfront serenity and urban convenience—ideal for discerning professionals, couples, or investors seeking a premium turnkey home.

Unit Features

"
pf-abu-dhabi-313,propertyfinder,https://www.propertyfinder.ae/en/plp/rent/apartment-for-rent-abu-dhabi-al-reem-island-marina-square-rak-tower-115478700.html,Elegant 2BR | Canal View | Kitchen Appliances,139000,AED,rent,apartment,2,3,1528,Al Reem Island,abu-dhabi,Abu Dhabi,"Abu Dhabi, Al Reem Island, Marina Square",24.48725128173828,54.39512634277344,2026-07-13T10:46:23Z,"Wake up to breathtaking panoramic canal and city views every single day from this beautifully appointed mid-floor 2-bedroom apartment in the iconic RAK Tower. Designed for those who appreciate space, light, and modern elegance, this home offers a rare opportunity to live in the heart of Abu Dhabi’s most vibrant waterfront community.

Unit Features

• Expansive Open-Plan Living & Dining
• 2 Generou"
pf-abu-dhabi-314,propertyfinder,https://www.propertyfinder.ae/en/plp/rent/apartment-for-rent-abu-dhabi-corniche-road-burj-mohammed-bin-rashid-at-wtc-116799992.html,12 Payments | Kitchen Appliance | Store Room,120750,AED,rent,apartment,2,3,1560,Corniche Road,abu-dhabi,Abu Dhabi,"Abu Dhabi, Corniche Road",24.48716163635254,54.35747528076172,2026-07-16T07:02:20Z,"A two-bedroom apartment for rent in Burj Mohammed Bin Rashid at World Trade Center Abu Dhabi, with shopping, dining and everyday services available within the same downtown complex.

The two-bedroom configuration works well for professionals, couples needing an additional room, or a small family seeking a central Abu Dhabi address. Residents have access to established fitness and leisure facilitie"
pf-abu-dhabi-315,propertyfinder,https://www.propertyfinder.ae/en/plp/rent/apartment-for-rent-abu-dhabi-corniche-road-nation-towers-117698983.html,Luxurious 2BR- APT Both En-Suites | Beach Access,120750,AED,rent,apartment,2,3,1292,Corniche Road,abu-dhabi,Abu Dhabi,"Abu Dhabi, Corniche Road",24.46425437927246,54.327964782714844,2026-07-18T08:16:48Z,"Silvercrest Real Estate  offering this amazing 2 Master  Bedrooms Apartment at Corniche Front of the Beach,
Nation Towers is a mixed-use development in the Corniche Area featuring two high-rise buildings interconnected with sky-bridge. It houses the luxurious St. Regis Hotel, office space and Nation Galleria – an ultimate shopping destination for residents. Residents can also access Corniche Beach"
pf-abu-dhabi-316,propertyfinder,https://www.propertyfinder.ae/en/plp/rent/apartment-for-rent-abu-dhabi-corniche-road-burj-mohammed-bin-rashid-at-wtc-116379101.html,12 Payments | Kitchen Appliance | Vacant,89250,AED,rent,apartment,1,2,950,Corniche Road,abu-dhabi,Abu Dhabi,"Abu Dhabi, Corniche Road",24.48716163635254,54.35747528076172,2026-07-15T13:19:14Z,"A one-bedroom apartment for rent in Burj Mohammed Bin Rashid at World Trade Center Abu Dhabi, with convenient access to WTC Mall and central Abu Dhabi.

The apartment offers a practical layout for a professional or couple seeking a well-connected city residence. Residents have access to established leisure and fitness facilities, while shops, supermarkets, cafés and restaurants are available withi"
pf-abu-dhabi-317,propertyfinder,https://www.propertyfinder.ae/en/plp/rent/apartment-for-rent-abu-dhabi-corniche-road-burj-mohammed-bin-rashid-at-wtc-116378403.html,12 Payments | Kitchen Appliance | Vacant,94000,AED,rent,apartment,1,2,1000,Corniche Road,abu-dhabi,Abu Dhabi,"Abu Dhabi, Corniche Road",24.48716163635254,54.35747528076172,2026-07-15T13:08:02Z,"A one-bedroom apartment for rent in Burj Mohammed Bin Rashid at World Trade Center Abu Dhabi, with convenient access to WTC Mall and central Abu Dhabi.

The apartment offers a practical layout for a professional or couple seeking a well-connected city residence. Residents have access to established leisure and fitness facilities, while shops, supermarkets, cafés and restaurants are available withi"
pf-abu-dhabi-318,propertyfinder,https://www.propertyfinder.ae/en/plp/rent/apartment-for-rent-abu-dhabi-al-reem-island-city-of-lights-radiant-viewz-towers-116379654.html,Vacant||Semi-Furnished 3BR|Best Layout|Prime Area,180000,AED,rent,apartment,3,4,1594,Al Reem Island,abu-dhabi,Abu Dhabi,"Abu Dhabi, Al Reem Island, City Of Lights",24.49734115600586,54.40439224243164,2026-07-15T13:27:06Z,"Move into this stunning 3-bedroom apartment in Radiant Views 2, Al Reem Island, where contemporary design and elegant finishes create the perfect blend of comfort and sophistication. Located in one of Abu Dhabi's most sought-after waterfront communities, this exceptional residence offers breathtaking views, spacious interiors, and premium amenities designed for a luxurious lifestyle. Enjoy seamles"
pf-abu-dhabi-319,propertyfinder,https://www.propertyfinder.ae/en/plp/rent/apartment-for-rent-abu-dhabi-al-reef-al-reef-downtown-tower-40-115474848.html,Vacant Now | Biggest Layout | Inquire Now,75000,AED,rent,apartment,1,2,1013,Al Reef,abu-dhabi,Abu Dhabi,"Abu Dhabi, Al Reef, Al Reef Downtown",24.455759048461914,54.67184829711914,2026-07-13T09:53:23Z,"Deals Experts Real Estate is pleased to offer this 1-bedroom apartment with a balcony for rent in Al Reef Downtown, Al Reef, Abu Dhabi. Available for AED 75,000 per year, this Type C apartment features the biggest 1-bedroom layout in the community and is vacant now, ready to move, making it an excellent opportunity for tenants seeking extra living space in a well-established family community.

The"
pf-abu-dhabi-320,propertyfinder,https://www.propertyfinder.ae/en/plp/rent/apartment-for-rent-abu-dhabi-shakhbout-city-109503769.html,Gated Bloom Living | Brand New | Ready To Move,185000,AED,rent,apartment,3,5,1850,Abu Dhabi,abu-dhabi,Abu Dhabi,Abu Dhabi,24.356430053710938,54.62781524658203,2026-06-30T12:22:21Z,"Elite Care Properties Management Presents To Their Elite Clients Modern living near Abu Dhabi International Airport!


Why You'll Love It:

Elegant Mediterranean Spanish-inspired community
Swimming Pool & Fully Equipped Gym
Landscaped Parks & Kids' Play Areas
Exclusive Clubhouse & Vibrant Town Center
Cafés, Restaurants, Retail, Pharmacy & Medical Clinic
Prayer Halls & Nearby School

Prime Location"
pf-abu-dhabi-321,propertyfinder,https://www.propertyfinder.ae/en/plp/rent/apartment-for-rent-abu-dhabi-saadiyat-island-park-view-115044097.html,High Floor | Overlooking Al Reem Island | VACANT,99990,AED,rent,apartment,1,2,844,Saadiyat Island,abu-dhabi,Abu Dhabi,"Abu Dhabi, Saadiyat Island",24.50421714782715,54.40931701660156,2026-07-12T13:06:23Z,"High Floor | Overlooking Al Reem Island | VACANT

APARTMENT DETAILS:

- Spacious Living and Dining Area
- Kitchen with customized cupboards and counter
- Modern bathroom
- Glass walls
- Central Ac
- Dedicated Parking
- Superb amenities and facilities

Park View delivers an exciting array of amenities tailored to suit active, modern lifestyles. Residents can enjoy a vibrant community atmosphere wit"
pf-abu-dhabi-322,propertyfinder,https://www.propertyfinder.ae/en/plp/rent/apartment-for-rent-abu-dhabi-al-reem-island-shams-abu-dhabi-the-bridges-117263218.html,Hot Deal Vacant 1br Apt | Balcony |Ready to Move,79999,AED,rent,apartment,1,1,663,Al Reem Island,abu-dhabi,Abu Dhabi,"Abu Dhabi, Al Reem Island, Shams Abu Dhabi",24.509010314941406,54.40678787231445,2026-07-17T11:00:29Z,"Experience contemporary waterfront living in this well-maintained 1-bedroom apartment located in **The Bridges, Al Reem Island**. Designed with modern finishes and a practical layout, this apartment is ideal for professionals and couples seeking comfort, convenience, and an excellent community lifestyle.

Property Features:

* 1 Spacious Bedroom
* Size : 663 sqft
* 1 Modern Bathroom
* Bright Livin"
pf-abu-dhabi-323,propertyfinder,https://www.propertyfinder.ae/en/plp/rent/apartment-for-rent-abu-dhabi-tourist-club-area-waterfront-residential-towers-water-front-tower-a-113259568.html,"Your Dream Home Is Here, Best Location, Amenities",140000,AED,rent,apartment,2,4,1550,Tourist Club Area,abu-dhabi,Abu Dhabi,"Abu Dhabi, Tourist Club Area, Waterfront Residential Towers",24.491111755371094,54.3853874206543,2026-07-08T10:24:35Z,"Apartment for rent in Waterfront Tower, Waterfront Residential Towers

Located in central Abu Dhabi, Al Zahiyah is a sought-after neighborhood where city living meets tranquility, offering residents a perfect blend of modern comforts and cultural richness in a prime residential setting.

Apartment Features:

- 2 Master Bedrooms
- Living Room and dining area
- Maid Room with attached bath
- Huge Ba"
pf-abu-dhabi-324,propertyfinder,https://www.propertyfinder.ae/en/plp/rent/apartment-for-rent-abu-dhabi-al-reem-island-shams-abu-dhabi-sun-tower-116799252.html,Best Price | World Class Facilities|Prime Location,95000,AED,rent,apartment,1,2,857,Al Reem Island,abu-dhabi,Abu Dhabi,"Abu Dhabi, Al Reem Island, Shams Abu Dhabi",24.496286392211914,54.406856536865234,2026-07-16T06:21:52Z,"At Dimension Real Estate, we're here to elevate your living experience. Our dedicated team is ready to guide you every step of the way—because finding your perfect home shouldn't be complicated, it should be exciting.

As one of the tallest residential landmarks in the emirate, Sun and Sky Tower offers a lifestyle that blends elegance, convenience, and breathtaking views.

Directly connected to Sh"
pf-abu-dhabi-325,propertyfinder,https://www.propertyfinder.ae/en/plp/rent/apartment-for-rent-abu-dhabi-al-reem-island-najmat-abu-dhabi-rdk-towers-117252811.html,Stylish 2 BHK with Upgraded Finishes and Appliance,125000,AED,rent,apartment,2,2,1066,Al Reem Island,abu-dhabi,Abu Dhabi,"Abu Dhabi, Al Reem Island, Najmat Abu Dhabi",24.48200035095215,54.40567398071289,2026-07-17T08:20:26Z,"A newly renovated 2‑bedroom apartment featuring built‑in kitchen appliances and spacious wardrobes. The unit offers modern finishes, bright interiors, and a comfortable layout suitable for contemporary living.

About RDK Towers - Najmat 
RDK Towers is a prestigious residential development on Reem Island, designed by Foster & Partners. Comprising three towers with studios, 1- and 2-bedroom apartmen"
pf-abu-dhabi-326,propertyfinder,https://www.propertyfinder.ae/en/plp/rent/apartment-for-rent-abu-dhabi-al-reef-al-reef-downtown-tower-1-113729243.html,Premium Location | Luxury Lifestyle | Type C,69999,AED,rent,apartment,1,1,852,Al Reef,abu-dhabi,Abu Dhabi,"Abu Dhabi, Al Reef, Al Reef Downtown",24.455774307250977,54.67326354980469,2026-07-09T13:34:15Z,"vModern 1BR Apartment | Al Reef Downtown | Prime Community Living
Experience comfortable and modern living in this stylish 1-bedroom apartment located in Al Reef Downtown, one of Abu Dhabi’s most well-established and family-friendly communities. Designed with practicality and convenience in mind, this apartment offers a perfect blend of comfort, functionality, and affordability — making it ideal f"
pf-abu-dhabi-327,propertyfinder,https://www.propertyfinder.ae/en/plp/rent/apartment-for-rent-abu-dhabi-al-reef-al-reef-downtown-tower-2-113710978.html,Spacious 2-BR Type A |  Available Book Now !!!,83000,AED,rent,apartment,2,3,1122,Al Reef,abu-dhabi,Abu Dhabi,"Abu Dhabi, Al Reef, Al Reef Downtown",24.455774307250977,54.67326354980469,2026-07-09T09:47:18Z,"Property Description
This 2 bedroom apartment,  is available for rent in Al Reef Downtown, Abu Dhabi. this unit offers a spacious and well-organized living environment. The floor plan is known for its functional design, featuring a large open-plan living and dining area, a modern kitchen with high-quality finishes, and two generously sized bedrooms with built-in wardrobes. Large windows throughout"
pf-abu-dhabi-328,propertyfinder,https://www.propertyfinder.ae/en/plp/rent/apartment-for-rent-abu-dhabi-corniche-road-nation-towers-112303599.html,Hot Offer | Charming & Affordable | Best Amenities,120750,AED,rent,apartment,2,3,1323,Corniche Road,abu-dhabi,Abu Dhabi,"Abu Dhabi, Corniche Road",24.46425437927246,54.327964782714844,2026-07-06T12:03:44Z,"Experience refined waterfront living in this elegant 2-bedroom simplex apartment at the prestigious Nation Towers on Abu Dhabi's Corniche. Designed with contemporary sophistication, this residence features a spacious open-plan layout, floor-to-ceiling windows, and premium finishes that create a bright and inviting atmosphere while showcasing breathtaking city and sea views.

The modern kitchen is "
pf-abu-dhabi-329,propertyfinder,https://www.propertyfinder.ae/en/plp/rent/apartment-for-rent-abu-dhabi-yas-island-ansam-ansam-4-111416858.html,Hot Deal | Move In Ready | Up to 3 Payments,145000,AED,rent,apartment,2,2,1405,Yas Island,abu-dhabi,Abu Dhabi,"Abu Dhabi, Yas Island, Ansam",24.483156204223633,54.601112365722656,2026-07-04T11:23:00Z,"Ansam is a premium residential development on Yas Island distinguished by its Andalusian‑inspired architecture, low‑rise design, and direct views over the Yas Links Golf Course. It offers well‑planned apartments, landscaped communal areas, and resort‑style amenities, creating an upscale and tranquil living environment within one of Abu Dhabi’s most sought‑after destinations.

Apartment Features:
-"
pf-abu-dhabi-330,propertyfinder,https://www.propertyfinder.ae/en/plp/rent/apartment-for-rent-abu-dhabi-corniche-road-nation-towers-110951794.html,No Chiller Fee | Life with Luxury | Prime Location,119999,AED,rent,apartment,2,3,1324,Corniche Road,abu-dhabi,Abu Dhabi,"Abu Dhabi, Corniche Road",24.46425437927246,54.327964782714844,2026-07-03T05:15:43Z,"Primesto Properties Offering a spacious 2-bedroom apartment in Nation Towers. The Most Demanded Area.

Apartment Description:

* 2 Spacious Bedrooms
* Large Living Room
* Large Windows
* Spacious Kitchen with plenty of cabinets
* Large Open Door Kitchen
* Ceramic Flooring
* Built-in Wardrobes
* Guest Bathroom

Facilities:

* Swimming Pool
* Health Club
* 1 Covered Parking
* Close to Supermarkets, "
pf-abu-dhabi-331,propertyfinder,https://www.propertyfinder.ae/en/plp/rent/apartment-for-rent-abu-dhabi-al-raha-beach-al-raha-lofts-115926431.html,Canal View | Apartment with 3rd Floor |Now Vacant!,120000,AED,rent,apartment,2,3,1550,Al Raha Beach,abu-dhabi,Abu Dhabi,"Abu Dhabi, Al Raha Beach",24.449399948120117,54.60858154296875,2026-07-14T11:05:59Z,"At Dimension Real Estate, we're here to elevate your living experience. Our dedicated team is ready to guide you every step of the way—because finding your perfect home shouldn't be complicated, it should be exciting.

Nestled in Raha Lofts 1 and 2 boast captivating designs and a relaxing retreat away from the city’s hustle. This hidden gem provides everything you need in one place, making life mo"
pf-abu-dhabi-332,propertyfinder,https://www.propertyfinder.ae/en/plp/rent/apartment-for-rent-abu-dhabi-yas-island-yas-golf-collection-views-f-109054544.html,Brand New | Furnished | Available Now,170000,AED,rent,apartment,2,3,1614,Yas Island,abu-dhabi,Abu Dhabi,"Abu Dhabi, Yas Island, Yas Golf Collection",24.484607696533203,54.598060607910156,2026-06-29T13:22:40Z,"Betterhomes is proud to present this furnished 2-bedroom apartment in Views F, Yas Golf Collection.

- Golf course view
- 2 bedrooms
- 3 bathrooms
- 1,614 sqft
- Furnished
- Built-in wardrobes
- 1 parking space
- Shared swimming pool
- Shared gymnasium
- Children's play area
- Vacant and ready to occupy

This well-proportioned apartment benefits from panoramic golf course views throughout, with th"
pf-abu-dhabi-333,propertyfinder,https://www.propertyfinder.ae/en/plp/rent/apartment-for-rent-abu-dhabi-al-reef-al-reef-downtown-tower-1-112281895.html,Spacious 1 BR  | Type C | Vacant Ready to Move,68000,AED,rent,apartment,1,1,721,Al Reef,abu-dhabi,Abu Dhabi,"Abu Dhabi, Al Reef, Al Reef Downtown",24.455774307250977,54.67326354980469,2026-07-06T08:04:24Z,"FOR RENT 1 Bedroom Apartment Al Reef Downtown Abu Dhabi

Property Overview

Type: 1 Bedroom Apartment

Status: For Rent

Location: Al Reef Downtown, Abu Dhabi

The Al Reef Downtown Area
Al Reef Downtown is a vibrant, fully established residential sub-community located within the heart of the Al Reef master development. Developed by Manazel Real Estate, this area combines the convenience of apartme"
pf-abu-dhabi-334,propertyfinder,https://www.propertyfinder.ae/en/plp/rent/apartment-for-rent-abu-dhabi-corniche-road-burj-mohammed-bin-rashid-at-wtc-118601486.html,Just Vacated | A Luxury Living | WTC Residential,89250,AED,rent,apartment,1,2,946,Corniche Road,abu-dhabi,Abu Dhabi,"Abu Dhabi, Corniche Road",24.48716163635254,54.35747528076172,2026-07-20T14:48:16Z,"Colliers International, a global leader in diversified professional services and investment management, is proud to present this elegant 1-bedroom apartment in the prestigious WTC Residential Tower, located in the heart of Downtown Abu Dhabi. Designed for modern urban living, this exceptional residence combines sophisticated interiors, premium finishes, and outstanding lifestyle amenities, making "
pf-abu-dhabi-335,propertyfinder,https://www.propertyfinder.ae/en/plp/rent/apartment-for-rent-abu-dhabi-corniche-road-burj-mohammed-bin-rashid-at-wtc-118588556.html,Enjoy City Living | Premium Home with Facilities,168000,AED,rent,apartment,2,3,1560,Corniche Road,abu-dhabi,Abu Dhabi,"Abu Dhabi, Corniche Road",24.48716163635254,54.35747528076172,2026-07-20T11:11:17Z,"Colliers International, a global leader in diversified professional services and investment management, is proud to present this premium residential home located in the prestigious WTC Residential Tower. This exquisite property offers an exceptional living experience, featuring generous living spaces designed with elegance and comfort in mind. Residents will enjoy high-end finishes, modern ameniti"
pf-abu-dhabi-336,propertyfinder,https://www.propertyfinder.ae/en/plp/rent/apartment-for-rent-abu-dhabi-masdar-city-oasis-residences-oasis-1-112750139.html,Sky Home | Duplex 3BR+Maid | Vacant,140000,AED,rent,apartment,3,4,1635,Masdar City,abu-dhabi,Abu Dhabi,"Abu Dhabi, Masdar City, Oasis Residences",24.429895401000977,54.6218147277832,2026-07-07T11:16:19Z,"This property is well located on the 'green belt,' a lush, planted region that runs through the heart of Masdar City's residential neighbourhood. The location, which is located between this green oasis and the commercial centre, provides easy access to all of Masdar City's recreational and leisure services.

A home that is few minutes away from Abu Dhabi International Airport.

Unit details:
Moder"
pf-abu-dhabi-337,propertyfinder,https://www.propertyfinder.ae/en/plp/rent/apartment-for-rent-abu-dhabi-al-shamkha-reeman-living-115463454.html,High Floor|Ready to Move in|Exclusive With Balcony,85000,AED,rent,apartment,2,2,782,Al Shamkha,abu-dhabi,Abu Dhabi,"Abu Dhabi, Al Shamkha",24.40228843688965,54.67921447753906,2026-07-13T07:02:01Z,"A two-bedroom apartment for rent in Reeman Living, Al Shamkha, with access to practical indoor and outdoor community facilities. The layout provides two private bedrooms, a defined living area and efficient storage, making it suitable for professionals, couples or a small family.

The development features contemporary interiors and shared spaces designed for everyday use. Reeman Living also offers"
pf-abu-dhabi-338,propertyfinder,https://www.propertyfinder.ae/en/plp/rent/apartment-for-rent-abu-dhabi-al-bateen-al-marasy-113254362.html,SEA VIEW | BALCONY | Spacious  | Big Layout |,225000,AED,rent,apartment,3,4,2282,Al Bateen,abu-dhabi,Abu Dhabi,"Abu Dhabi, Al Bateen",24.451881408691406,54.33395004272461,2026-07-08T09:20:10Z,"Property Highlights

* 3-Bedroom Apartment — spacious and bright
* maximum privacy & natural light
* Sea View — stunning panoramic water views
* Big Layout — ideal for families
* Elegant & Well Maintained — move‑in ready
* All Amenities — full-service lifestyle
* Size:  2282 sqft
* Location: Marasy, Al Bateen, Abu Dhabi

Apartment Features

* Spacious Living Area with floor-to-ceiling windows
* Mo"
pf-abu-dhabi-339,propertyfinder,https://www.propertyfinder.ae/en/plp/rent/apartment-for-rent-abu-dhabi-al-reef-al-reef-downtown-tower-1-117257528.html,Vacant | Amazing Community | Type A,90000,AED,rent,apartment,2,2,1150,Al Reef,abu-dhabi,Abu Dhabi,"Abu Dhabi, Al Reef, Al Reef Downtown",24.455774307250977,54.67326354980469,2026-07-17T09:33:57Z,"Spacious 2 BR Apartment For Rent | Al Reef Downtown.



Discover comfortable community living in this well-designed 2-bedroom apartment located in the vibrant Al Reef Downtown, one of Abu Dhabi’s most popular and well-connected residential communities.
Al Reef Downtown is known for its family-friendly environment, landscaped areas, retail outlets, and easy access to major highways, making daily li"
pf-abu-dhabi-340,propertyfinder,https://www.propertyfinder.ae/en/plp/rent/apartment-for-rent-abu-dhabi-saadiyat-island-soho-square-110976705.html,HOT DEAL! Corner Unit - Partial Sea View | Parking,129990,AED,rent,apartment,2,3,1137,Saadiyat Island,abu-dhabi,Abu Dhabi,"Abu Dhabi, Saadiyat Island",24.521541595458984,54.437843322753906,2026-07-03T12:29:31Z,"HOT DEAL! Corner Unit - Partial Sea View | Parking

PROPERTY FEATURES:

Living and Dining Area
Kitchen
Balcony
Bathroom
Built-in Wardrobe
Modern interiors

AMENITIES AND FACILITIES:

Swimming pool
State-of-the-art fitness center
Basement parking
Concierge service
Kids play area
isitors parking
Round-the-clock security service
Outdoor entertainment area

Soho Square will enjoy proximity to:

Guggen"
pf-abu-dhabi-341,propertyfinder,https://www.propertyfinder.ae/en/plp/rent/apartment-for-rent-abu-dhabi-hamdan-street-110507479.html,Move-in Ready|Cozy 3BR|High Floor|Convenient Area,105000,AED,rent,apartment,3,4,1077,Abu Dhabi,abu-dhabi,Abu Dhabi,Abu Dhabi,24.482032775878906,54.35242462158203,2026-07-02T09:08:42Z,"Move into this refined 3‑bedroom high‑floor residence in Hamdan Street. Bright interiors and panoramic city views create a polished urban lifestyle. Spacious rooms, a modern closed kitchen, maid’s room, and multiple bathrooms ensure everyday ease. Its central location offers unmatched convenience to key destinations.
	
Features:

•3 Spacious Bedrooms
•Living & Dining Area
•Modern Closed Kitchen
•B"
pf-abu-dhabi-342,propertyfinder,https://www.propertyfinder.ae/en/plp/rent/apartment-for-rent-abu-dhabi-al-khalidiya-united-square-107285532.html,Hot Offer | Luxury Home | 2 Parking | Balcony,148837,AED,rent,apartment,3,4,1810,Al Khalidiya,abu-dhabi,Abu Dhabi,"Abu Dhabi, Al Khalidiya",24.471773147583008,54.3508186340332,2026-06-25T09:15:15Z,"Primesto Properties Offering This Amazing, Spacious and Beautiful 3 Bedrooms + Maids Room Apartment at Prime Location.

Apartment Features:

- Bright living room with a formal dining area
- Built in wardrobes
- kitchen with plenty of cabinets
- Guest Powder room
- Maids room with attached bath
- 2 Parking in Basement
- Sea view

Facilities:

- Swimming Pool, kids pool
- Kids Play Area
- Fully Equi"
pf-abu-dhabi-343,propertyfinder,https://www.propertyfinder.ae/en/plp/rent/apartment-for-rent-abu-dhabi-al-reem-island-shams-abu-dhabi-parkside-residence-119029999.html,City Mangrove View | Vacant 15th August | Book Now,125000,AED,rent,apartment,2,3,1205,Al Reem Island,abu-dhabi,Abu Dhabi,"Abu Dhabi, Al Reem Island, Shams Abu Dhabi",24.497779846191406,54.41097640991211,2026-07-21T08:59:07Z,"Tanami Properties offering you this well‑maintained 2BR apartment in Parkside Residences, Reem Island. 


Unit Total Area of 1,205 sqft,  layout with a private balcony witch a City and Partial Mangrove View, making it one of the best options for families and professionals seeking comfort, convenience, and luxury.

Located in a vibrant community with full amenities, 24/7 security, and easy access t"
pf-abu-dhabi-344,propertyfinder,https://www.propertyfinder.ae/en/plp/rent/apartment-for-rent-abu-dhabi-al-khalidiya-cornich-al-khalidiya-113716203.html,Sea View | Spacious 2BHK + Parking,115000,AED,rent,apartment,2,3,1256,Al Khalidiya,abu-dhabi,Abu Dhabi,"Abu Dhabi, Al Khalidiya",24.471681594848633,54.33732223510742,2026-07-09T10:39:02Z,"Experience comfortable city living with stunning sea views in the heart of Abu Dhabi

Property Details:

• 2 Bedrooms
• Spacious Living and Dining Area
• Sea View
• 1 Parking Space
• Annual Rent: AED 115,000
• Payment Terms: 4 Payments
• Well-Maintained Apartment
• Prime Location

Located in the heart of Abu Dhabi, this apartment offers convenient access to shopping malls, restaurants, schools, ho"
pf-abu-dhabi-345,propertyfinder,https://www.propertyfinder.ae/en/plp/rent/apartment-for-rent-abu-dhabi-al-bateen-al-marasy-112731403.html,Seaview Palace view Balcony Gated Community,145000,AED,rent,apartment,2,3,1840,Al Bateen,abu-dhabi,Abu Dhabi,"Abu Dhabi, Al Bateen",24.451881408691406,54.33395004272461,2026-07-07T06:54:59Z,"Prudential Real Estate, Set in the tranquil enclave of Al Bateen, this spacious 2-bedroom apartment  of light-filled living, complete with premium amenities and serene views.
Unfurnished and full of potential, it’s a refined canvas just minutes from Al Bateen Mall and the city’s finest beaches.

* Fully equipped gymnasium
* Swimming pool
* 24/7 security & CCTV
* High‑speed elevators
* Covered park"
pf-abu-dhabi-346,propertyfinder,https://www.propertyfinder.ae/en/plp/rent/apartment-for-rent-abu-dhabi-al-reem-island-shams-abu-dhabi-meera-2-109509473.html,Vacant | Partial Canal View | Flexi Payments,79990,AED,rent,apartment,1,1,687,Al Reem Island,abu-dhabi,Abu Dhabi,"Abu Dhabi, Al Reem Island, Shams Abu Dhabi",24.503759384155273,54.41008758544922,2026-06-30T13:46:16Z,"Vacant | Partial Canal View | Flexi Payments

Shams Meera's twin towers offer a captivating fusion of contemporary design and premium apartment living, rising elegantly across 25 storeys. Located in the vibrant Shams district of Reem Island, these luxurious residences boast sweeping views of lush parks, the scenic island landscape, and Abu Dhabi’s dynamic skyline.

Designed in a soft, light-toned "
pf-abu-dhabi-347,propertyfinder,https://www.propertyfinder.ae/en/plp/rent/apartment-for-rent-abu-dhabi-corniche-road-nation-towers-112317713.html,No Chiller Fee | Splendid Waterfront Lifestyle |,120990,AED,rent,apartment,2,3,1323,Corniche Road,abu-dhabi,Abu Dhabi,"Abu Dhabi, Corniche Road",24.46425437927246,54.327964782714844,2026-07-06T18:13:19Z,"Prudential Real Estate, Stylish 2-bedroom  in Nation Towers of unfurnished unit with modern interiors, 
     *spacious rooms, .
      *World-Class Amenities:
      *Swimming Pool
      *Fully Equipped Gym
      *Children’s Play Area
       *24/7 Security & Maintenance
      *Direct access to retail, cafes & services
     *Close to Corniche Beach and family parks

       Call on Muhammad farooq +97"
pf-abu-dhabi-348,propertyfinder,https://www.propertyfinder.ae/en/plp/rent/apartment-for-rent-abu-dhabi-al-reem-island-shams-abu-dhabi-al-qurm-view-114168548.html,Vacant | Stunning Mangrove View | Rent It Now !,89999,AED,rent,apartment,1,2,775,Al Reem Island,abu-dhabi,Abu Dhabi,"Abu Dhabi, Al Reem Island, Shams Abu Dhabi",24.505718231201172,54.40554428100586,2026-07-10T11:46:01Z,"Hero Real Estate Offers you a stylish 1-bedroom apartment with stunning mangrove views in Al Qurm Views, Shams Abu Dhabi, Al Reem Island, featuring a contemporary layout, elegant finishes, and a peaceful waterfront setting.

This Unit is Available for rent, rent price: 90,000

Al Qurm Views is a premium waterfront residence nestled in the heart of Shams Abu Dhabi on Al Reem Island. Overlooking the"
pf-abu-dhabi-349,propertyfinder,https://www.propertyfinder.ae/en/plp/rent/apartment-for-rent-abu-dhabi-corniche-road-wave-tower-106406503.html,Sea View | Premium Units 3BHK | Maidroom+Balcony,180000,AED,rent,apartment,3,4,1875,Corniche Road,abu-dhabi,Abu Dhabi,"Abu Dhabi, Corniche Road",24.48308753967285,54.35038375854492,2026-06-23T09:52:15Z,"Discover an expansive 3-bedroom, 4-bathrooms apartment nestled in the vibrant Corniche Road neighborhood, offering an annual rental opportunity for Pets owners will appreciate the pet-friendly policy, while families can take advantage of the shared gym, children's play area, and pool. Located in a neighborhood known for its pristine beaches, scenic promenade, and recreational facilities, residents"
pf-abu-dhabi-350,propertyfinder,https://www.propertyfinder.ae/en/plp/rent/apartment-for-rent-abu-dhabi-al-maryah-island-al-maryah-vista-104132773.html,Ready to Move | Biggest Layout | 3 Payments,90000,AED,rent,apartment,1,2,775,Al Maryah Island,abu-dhabi,Abu Dhabi,"Abu Dhabi, Al Maryah Island",24.494470596313477,54.38763427734375,2026-06-18T08:32:48Z,"Deals Experts Real Estate is pleased to offer this modern Junior 1-Bedroom Apartment in Al Maryah Vista, Al Maryah Island, Abu Dhabi, ready to move AED 85,000 per year.

This well-designed apartment features a bright living and dining area, modern kitchen, built-in wardrobes, quality finishes, and a relaxing pool view. Perfect for professionals or couples seeking a comfortable home in a premium wa"
pf-abu-dhabi-351,propertyfinder,https://www.propertyfinder.ae/en/plp/rent/apartment-for-rent-abu-dhabi-yas-island-waters-edge-110042323.html,Affordable Vacant 1BR | Best Price | Canal View,79999,AED,rent,apartment,1,1,707,Yas Island,abu-dhabi,Abu Dhabi,"Abu Dhabi, Yas Island",24.481388092041016,54.61837387084961,2026-07-01T09:43:10Z,"Description:
Home Seekers Real Estate is pleased to offer this well-maintained one-bedroom apartment for rent in a prime Yas Island location. 
This apartment offers a bright and practical layout with a comfortable living and dining area, modern kitchen, spacious bedroom, built-in wardrobes, and a well-designed bathroom. With its attractive rental price and excellent location, this unit is perfect "
pf-abu-dhabi-352,propertyfinder,https://www.propertyfinder.ae/en/plp/rent/villa-for-rent-abu-dhabi-al-reef-al-reef-villas-mediterranean-style-110951618.html,4BR Corner Villa| Closed Kitchen| Vacating Soon,150000,AED,rent,apartment,4,5,1940,Al Reef,abu-dhabi,Abu Dhabi,"Abu Dhabi, Al Reef, Al Reef Villas",24.45183753967285,54.675819396972656,2026-07-03T05:11:23Z,"Propshah Real Estate offers you a Four-bedrooms Mediterranean Style available villa for rent located in Al Reef Villas. 
It is a perfect home for every family, the exact place to relax and unwind after the hustle and busy day. 

4BR Corner Villa


Ground Floor

Closed Kitchen
Living & Dining Area
Huge Garden
Guest Bathroom

First Floor

2BR Master Bedrooms w/Attached bathrooms
2 Common Bedrooms
Co"
pf-abu-dhabi-353,propertyfinder,https://www.propertyfinder.ae/en/plp/rent/villa-for-rent-abu-dhabi-al-reef-al-reef-villas-mediterranean-style-110497734.html,2 BR Single Row Villa| Vacating Soon| Family Villa,105000,AED,rent,apartment,2,3,1263,Al Reef,abu-dhabi,Abu Dhabi,"Abu Dhabi, Al Reef, Al Reef Villas",24.45183753967285,54.675819396972656,2026-07-02T05:40:25Z,"Propshah Real Estate offers you a Two-bedrooms Mediterranean Style available villa for rent located in Al Reef Villas. 
It is a perfect home for every family, the exact place to relax and unwind after the hustle and busy day. 

2 Bedroom Villa

Ground Floor

Double Row
Spacious Living & Dining Area
European Style Kitchen
Laundry Room
Guest Bathroom
Private Extended Garden
2 Car Parking

First Floo"
pf-abu-dhabi-354,propertyfinder,https://www.propertyfinder.ae/en/plp/rent/villa-for-rent-abu-dhabi-al-reef-al-reef-villas-desert-style-99115814.html,SINGLE ROW | 2BR VILLA | HOT DEAL | VACANT,110000,AED,rent,apartment,2,3,1262,Al Reef,abu-dhabi,Abu Dhabi,"Abu Dhabi, Al Reef, Al Reef Villas",24.45367431640625,54.67158126831055,2026-06-06T06:33:22Z,"Grand Investment Properties is proud to introduce this charming villa with 2 bedrooms for Rent in Al Reef Villas, Al Reef, Abu Dhabi.

Villa Details:

- Bedrooms: 2
- Bathrooms: 3
- Living and dining area
- Open and fitted kitchen
- Storage room
- Private garden
- Balcony | Terrace
- Premium finishing
- Near to amenities
- Car parking spaces

Community Facilities and Amenities

Day Care Center
Kid"
pf-abu-dhabi-355,propertyfinder,https://www.propertyfinder.ae/en/plp/rent/villa-for-rent-abu-dhabi-al-reef-al-reef-villas-desert-style-109503370.html,Single Row Villa | Luxury Living | Coming Soon,99999,AED,rent,apartment,2,2,1200,Al Reef,abu-dhabi,Abu Dhabi,"Abu Dhabi, Al Reef, Al Reef Villas",24.45367431640625,54.67158126831055,2026-06-30T12:17:59Z,"Al Reef, in a secure gated community, and that gives an excellent view of the community. 

Villa Features:

Elegant Finished
Spacious Living and Dining Area
Kitchen with Cabinets
Comfy Bedrooms
Private Garage

Facilities:
24 Hours Maintenance
24 Hours Security
BBQ Area
Nursery
Mosque
Clinic
Swimming Pool
Playground
Community Center
Coffee Shop
Landscape Gardens
Licensed Restaurant
Gymnasium
Tennis"
pf-abu-dhabi-356,propertyfinder,https://www.propertyfinder.ae/en/plp/rent/villa-for-rent-abu-dhabi-al-reef-al-reef-villas-arabian-style-99115434.html,SPACIOUS 2BR VILLA SINGLE ROW /2PAY BOOK NOW,100000,AED,rent,apartment,2,3,1204,Al Reef,abu-dhabi,Abu Dhabi,"Abu Dhabi, Al Reef, Al Reef Villas",24.458860397338867,54.670841217041016,2026-06-06T05:50:09Z,"2 Bedrooms 3 Bathrooms Villa Single Row Details-
2PAYMENTS 

Property Features:
-2 bedrooms including master bedroom
-Study room on ground floor
-3 bathrooms 
-Size: 1832 sqft
-Open-plan living and dining area
-Modern open kitchen
-Private landscaped garden with deck area
-Laundry area
-Store room under staircase
-Two bedrooms on upper floor
-Internal staircase
-Covered parking space
-Functional t"
pf-abu-dhabi-357,propertyfinder,https://www.propertyfinder.ae/en/plp/rent/villa-for-rent-abu-dhabi-yas-island-yas-acres-the-dahlias-116816929.html,Hot Deal | Semi-furnished | Single Row | Vacant,210000,AED,rent,apartment,2,3,2234,Yas Island,abu-dhabi,Abu Dhabi,"Abu Dhabi, Yas Island, Yas Acres",24.506593704223633,54.613311767578125,2026-07-16T11:51:26Z,"Discover an exceptional standard of living with this exquisite single-row, semi-furnished 2-bedroom villa, complete with a study room, located in the sought-after The Dahlias enclave within Yas Acres—one of Yas Island’s most prestigious and family-centric communities. Designed for those who appreciate space, style, and serenity, this home seamlessly blends modern elegance with everyday functionali"
pf-abu-dhabi-358,propertyfinder,https://www.propertyfinder.ae/en/plp/rent/villa-for-rent-abu-dhabi-al-samha-manazel-al-reef-2-114167053.html,Premium 3BD Duplex | Corner Villa | Upcoming |,135000,AED,rent,apartment,3,3,1668,Al Samha,abu-dhabi,Abu Dhabi,"Abu Dhabi, Al Samha",24.668636322021484,54.76280212402344,2026-07-10T11:24:52Z,"Spacious 3-bedroom corner duplex villa available for rent in Manazel 2, Al Reef, Abu Dhabi. This upcoming villa offers a comfortable family layout, private outdoor space, and a premium corner location within a peaceful residential community.

Property Features:

3 Bedrooms
Maid’s Room
Duplex Villa
Corner Unit
Balcony
Private Garden
Parking
Upcoming Villa
Prime Location in Manazel 2, Al Reef

Annua"
pf-abu-dhabi-359,propertyfinder,https://www.propertyfinder.ae/en/plp/rent/villa-for-rent-abu-dhabi-al-reef-al-reef-villas-contemporary-style-114164825.html,Premium 2BD Duplex Villa Upcoming Villa Book Now,100000,AED,rent,apartment,2,3,1262,Al Reef,abu-dhabi,Abu Dhabi,"Abu Dhabi, Al Reef, Al Reef Villas",24.45672035217285,54.67571258544922,2026-07-10T10:54:46Z,"Luxurious 2-bedroom duplex villa available for rent in Al Reef Villas, Abu Dhabi. This upcoming villa offers a comfortable family layout, private outdoor space, and a premium location in one of Abu Dhabi’s well-established villa communities.

Property Features:

2 Bedrooms
3 Bathrooms
1 Master Bedroom
Duplex Villa
Size: 1,262 sqft
Unfurnished
Open Kitchen
Balcony
Private Garden
1 Parking Space
Upc"
pf-abu-dhabi-360,propertyfinder,https://www.propertyfinder.ae/en/plp/rent/villa-for-rent-abu-dhabi-al-samha-manazel-al-reef-2-115470705.html,Hot Deal | Corner Unit | Flexible Payments,135000,AED,rent,apartment,3,4,1668,Al Samha,abu-dhabi,Abu Dhabi,"Abu Dhabi, Al Samha",24.668636322021484,54.76280212402344,2026-07-13T08:59:06Z,"3BHK Corner Villa for Rent in Al Reef 2
Spacious and well-designed 3-bedroom corner villa available for rent in Al Reef 2. This beautiful home offers bright and airy living spaces, generously sized bedrooms with built-in wardrobes, a modern kitchen, and a private outdoor area, making it an excellent choice for families seeking comfort and privacy. The corner location provides added space, enhanced"
pf-abu-dhabi-361,propertyfinder,https://www.propertyfinder.ae/en/plp/rent/villa-for-rent-abu-dhabi-al-mushrif-116811679.html,Excellant 4BHK+Maid Room Villa 160k Al Mushrif,159999,AED,rent,apartment,4,5,2000,Abu Dhabi,abu-dhabi,Abu Dhabi,Abu Dhabi,24.443811416625977,54.38731002807617,2026-07-16T11:00:38Z,"Annually AED : 160,000/- (02 - Payments)
Security Deposit : 5000/- (Refundable)
Agency Fees - 5% of rent (8000)
Contract Fee 1000
For More Inquires Please Call / Whatsapp : Mr. shohaib Munir. 
0545081944 contact information



PROPERTY / BUILDING FEATURES :
Spacious Living Hall (Bright Windows)
Spacious 04 Bedrooms (Bright Windows)
05 Bathroom
Big Kitchen
02 Master Bedroom
Maid Room
Bright windows"
pf-abu-dhabi-362,propertyfinder,https://www.propertyfinder.ae/en/plp/rent/villa-for-rent-abu-dhabi-al-mushrif-mushrif-park-83212815.html,Ready to move in 5BHK Villa l prime location,180000,AED,rent,apartment,5,6,2000,Al Mushrif,abu-dhabi,Abu Dhabi,"Abu Dhabi, Al Mushrif",24.452072143554688,54.38156509399414,2026-04-30T06:52:45Z,"6 bedrooms villa available for rent, located in Abu Dhabi, exactly in prime location Al Mushrif near the Women's Union, which is an appealing location for residents and tourists due to its unique combination of heritage and modernity. Al Mushrif is a must-see in Abu Dhabi due to its breath-taking architecture, top-tier schools and world-class culinary options.

Property Features:
- 5 Master Bedroo"
pf-abu-dhabi-363,propertyfinder,https://www.propertyfinder.ae/en/plp/rent/villa-for-rent-abu-dhabi-al-reef-al-reef-villas-arabian-style-118586050.html,Vacant | 2BR Spacious Villa | Prime Location,109999,AED,rent,apartment,2,3,1266,Al Reef,abu-dhabi,Abu Dhabi,"Abu Dhabi, Al Reef, Al Reef Villas",24.458860397338867,54.670841217041016,2026-07-20T10:35:47Z,"Experience the perfect blend of traditional elegance and modern comfort with this beautiful 2-bedroom villa located in the highly sought-after Arabian Style community of Al Reef.

This well-maintained villa features a spacious open-plan living and dining area, a fully-fitted kitchen, two generously sized bedrooms, and private outdoor space ideal for relaxing or entertaining. The master bedroom inc"
pf-abu-dhabi-364,propertyfinder,https://www.propertyfinder.ae/en/plp/rent/villa-for-rent-abu-dhabi-al-reef-al-reef-villas-arabian-style-112743916.html,Landscaped villa | Well maintained | Vacant,155000,AED,rent,apartment,4,5,1939,Al Reef,abu-dhabi,Abu Dhabi,"Abu Dhabi, Al Reef, Al Reef Villas",24.458860397338867,54.670841217041016,2026-07-07T10:04:03Z,"Positioned in a strategic location, Al Reef villas offer residents large living spaces and a well established community. 

With green parks, multiple F& B outlets, a central park and mosque, the community offers residents a downtown living lifestyle.

Property features:


4 bedrooms
5 bathrooms
maid room
large living area
closed kitchen
landscaped
balcony


Community features:
parks
convenience st"
pf-abu-dhabi-365,propertyfinder,https://www.propertyfinder.ae/en/plp/rent/villa-for-rent-abu-dhabi-al-reef-al-reef-villas-arabian-style-109508168.html,Hot Deal  | Well-Maintained | Ready to Move in,105000,AED,rent,apartment,2,3,1263,Al Reef,abu-dhabi,Abu Dhabi,"Abu Dhabi, Al Reef, Al Reef Villas",24.458860397338867,54.670841217041016,2026-06-30T13:28:41Z,"Discover your new home in the heart of Al Reef – Arabian Village, a family-friendly community that combines modern comfort with serene surroundings. 

This spacious 2-bedroom villa offers a bright and welcoming living area, a well-designed kitchen, two comfortable bedrooms with built-in wardrobes, and a private garden perfect for relaxing or entertaining. Vacant and ready to move in, this home is "
pf-abu-dhabi-366,propertyfinder,https://www.propertyfinder.ae/en/plp/rent/villa-for-rent-abu-dhabi-al-jubail-island-seef-al-jubail-15552326.html,Huge Garden with Pool | Brand New Exceptional,610000,AED,rent,apartment,5,7,13361,Al Jubail Island,abu-dhabi,Abu Dhabi,"Abu Dhabi, Al Jubail Island",24.52754783630371,54.48816680908203,2025-11-05T11:59:34Z,"Embrace the tranquility of a harmonious community with this captivating 5-bedroom family villa on Al Jubail Island.

Nestled in a serene setting, Jubail Island is a thriving community enriched with modern, world-class amenities, designed to foster lasting connections and create unforgettable memories. A true sanctuary of peace and well-being, Jubail Island provides everything residents need for a "
pf-abu-dhabi-367,propertyfinder,https://www.propertyfinder.ae/en/plp/rent/villa-for-rent-abu-dhabi-rabdan-seashore-116363457.html,Sea View | Private Yard with Direct Garden Access,220000,AED,rent,apartment,4,5,2678,Rabdan,abu-dhabi,Abu Dhabi,"Abu Dhabi, Rabdan",24.390899658203125,54.49740982055664,2026-07-15T09:31:07Z,"Wake up to breathtaking sea views and experience the serenity of waterfront living in this beautifully appointed 4-bedroom villa at Seashore Villas, one of Abu Dhabi's most exclusive gated communities.

Perfectly positioned within a peaceful waterfront setting, this exceptional residence offers generous living spaces, elegant interiors, and a private backyard with direct access to lush landscaped "
pf-abu-dhabi-368,propertyfinder,https://www.propertyfinder.ae/en/plp/rent/villa-for-rent-abu-dhabi-al-shamkha-fay-alreeman-115481267.html,First Tenant | Ready to Move In | Modern Arabic,200000,AED,rent,apartment,4,5,5489,Al Shamkha,abu-dhabi,Abu Dhabi,"Abu Dhabi, Al Shamkha",24.404666900634766,54.68175506591797,2026-07-13T11:18:10Z,"Aldar Properties' Fay Alreeman is a master planned community in Al Shamkha, Abu Dhabi, created to satisfy the needs of customers who missed the first phase. with outstanding services, first-rate conveniences, and fantastic facilities. The development promotes an excellent way of life for its residents. Live in a serene setting filled with breathtaking views from the comfort of your own home.

FACI"
pf-abu-dhabi-369,propertyfinder,https://www.propertyfinder.ae/en/plp/rent/villa-for-rent-abu-dhabi-al-salam-street-bloom-gardens-bloom-gardens-villas-118137079.html,Luxurious 3BR villa |Prime Location |Ready To Move,210000,AED,rent,apartment,3,5,3200,Al Salam Street,abu-dhabi,Abu Dhabi,"Abu Dhabi, Al Salam Street, Bloom Gardens",24.432836532592773,54.461544036865234,2026-07-19T06:26:03Z,"Prudential Real estate, Villa for rent in Bloom Gardens Villas, Bloom Gardens

Bloom Gardens is an exclusive community built in a safe green area; the project’s design is inspired by architectural patterns from the Mediterranean region. The community comprises more than 600 homes – a combination of townhouses and villas that vary in design and type, which are conveniently located near prestigious "
pf-abu-dhabi-370,propertyfinder,https://www.propertyfinder.ae/en/plp/rent/villa-for-rent-abu-dhabi-saadiyat-island-hidd-al-saadiyat-113718216.html,Spacious Home for Family | Type 8 | Ready to Move,620000,AED,rent,apartment,4,5,4553,Saadiyat Island,abu-dhabi,Abu Dhabi,"Abu Dhabi, Saadiyat Island",24.57019805908203,54.46323776245117,2026-07-09T11:04:35Z,"Hidd Al Saadiyat, Saadiyat Island, this unfurnished villa offers a serene retreat with modern amenities and breathtaking views. 
Boasting a prime location, this property provides easy access to world-class cultural landmarks, pristine beaches, and upscale dining options. 
The villa features a private pool, balcony, and walk-in closet, ensuring comfort and luxury.

This villa is ready to move!!
Gro"
pf-abu-dhabi-371,propertyfinder,https://www.propertyfinder.ae/en/plp/rent/villa-for-rent-abu-dhabi-al-reef-al-reef-villas-desert-style-113696085.html,5BR SR Villa| Pvt Pool w/Huge Garden| Book It Now,170000,AED,rent,apartment,5,6,2943,Al Reef,abu-dhabi,Abu Dhabi,"Abu Dhabi, Al Reef, Al Reef Villas",24.45367431640625,54.67158126831055,2026-07-09T06:12:13Z,"Propshah Real Estate offers you a Five-bedrooms Desert Style available villa for rent located in Al Reef Villas. 
It is a perfect home for every family, the exact place to relax and unwind after the hustle and busy day. 


Villa Features:

Private Pool
Huge L shape Garden
Closed Kitchen
Maids Room with attached toilet
Spacious Living and Dining Area
shaded Car Parking
Laundry Area
Storage Area

Fi"
pf-abu-dhabi-372,propertyfinder,https://www.propertyfinder.ae/en/plp/rent/villa-for-rent-abu-dhabi-sas-al-nakheel-sas-al-nakheel-village-118143520.html,5bhk Villa+Maid | Private Pool | Private Garden,225000,AED,rent,apartment,5,7,4000,Sas Al Nakheel,abu-dhabi,Abu Dhabi,"Abu Dhabi, Sas Al Nakheel",24.404386520385742,54.52933883666992,2026-07-19T10:58:54Z,"Spacious 5BR Villa with Maid's Room | Private Pool | Private Garden | Sas Al Nakhl Village

Experience luxurious family living in this exceptional 5-bedroom villa located in the highly sought-after Sas Al Nakhl Village. Offering 3,500 sqft of spacious living space, this beautifully maintained villa combines comfort, privacy, and premium community amenities in a secure family-friendly environment.
"
pf-abu-dhabi-373,propertyfinder,https://www.propertyfinder.ae/en/plp/rent/villa-for-rent-abu-dhabi-rabdan-mangrove-village-118142688.html,4bhk+Maid | Villa Private Garden | Beach Access,250000,AED,rent,apartment,4,6,3519,Rabdan,abu-dhabi,Abu Dhabi,"Abu Dhabi, Rabdan",24.391826629638672,54.49300003051758,2026-07-19T10:29:40Z,"Luxury 4BR Villa with Maid's Room | Private Garden | Beach Access | Mangrove Village

Experience premium waterfront living in this spacious 4-bedroom villa located in the prestigious Mangrove Village, Abu Dhabi. Designed for families seeking comfort, privacy, and an exceptional lifestyle, this beautiful home offers generous living spaces, a private garden, and access to world-class community facil"
pf-abu-dhabi-374,propertyfinder,https://www.propertyfinder.ae/en/plp/rent/villa-for-rent-abu-dhabi-rabdan-mangrove-village-116353803.html,UPCOMING - Modified & Furnished Active Community,320000,AED,rent,apartment,4,4,3519,Rabdan,abu-dhabi,Abu Dhabi,"Abu Dhabi, Rabdan",24.391826629638672,54.49300003051758,2026-07-15T05:56:26Z,"A different feel.....

Experiece Mangrove Village in a different feel and style. This modified and furnished villa in Mangrove Village is completely different from the typical villas in Mangrove Village. A classy interior and high end furnitures. Aside from the villa features, MAngrove Village is always know for having an active and vibrant community. Espcially designed for children and pet lovers"
pf-abu-dhabi-375,propertyfinder,https://www.propertyfinder.ae/en/plp/rent/villa-for-rent-abu-dhabi-al-khalidiya-khalidiya-village-117710633.html,Spacious 6-Bedroom | Villa with Private Pool,290000,AED,rent,apartment,6,9,5770,Al Khalidiya,abu-dhabi,Abu Dhabi,"Abu Dhabi, Al Khalidiya",24.468748092651367,54.34996032714844,2026-07-18T11:56:56Z,"Spacious 6BR Villa with Private Garden | Gated Community | Khalidiyah Village

Discover luxury family living in this exceptionally spacious 6-bedroom villa located in the prestigious Khalidiyah Village, just minutes from the Corniche and Khalidiyah Mall. This beautifully designed home offers generous living spaces, premium community facilities, and an unbeatable central location.

Property Feature"
pf-abu-dhabi-376,propertyfinder,https://www.propertyfinder.ae/en/plp/rent/villa-for-rent-abu-dhabi-al-salam-street-bloom-gardens-faya-at-bloom-gardens-115038484.html,Luxurious 5BR Villa | Prime Location |  Single Row,280000,AED,rent,apartment,5,7,4000,Al Salam Street,abu-dhabi,Abu Dhabi,"Abu Dhabi, Al Salam Street, Bloom Gardens",24.430213928222656,54.46476364135742,2026-07-12T10:05:57Z,"Prudential Real Estate, Faya Bloom Gardens is an exclusive community built in a safe green area; the project’s design is inspired by architectural patterns from the Mediterranean region. The community comprises more than 600 homes – a combination of townhouses and villas that vary in design and type, which are conveniently located near prestigious education facilities such as Brighton College and "
pf-abu-dhabi-377,propertyfinder,https://www.propertyfinder.ae/en/plp/rent/villa-for-rent-abu-dhabi-khalifa-city-al-forsan-village-115037563.html,Luxurious 5BHK Villas|Driver Room|Multiple payment,265000,AED,rent,apartment,5,9,8670,Khalifa City,abu-dhabi,Abu Dhabi,"Abu Dhabi, Khalifa City",24.40437889099121,54.54851531982422,2026-07-12T09:33:59Z,"Al Forsan is an Elite Community with Grandly Designed Luxurious Townhouses and Villas. The architecture combines historical inspiration from places like Palmyra and Petra with contemporary living design. a neighborhood where there are countless opportunities and exciting things to do for fun and for everyone.



•Spacious 5 Master Bedrooms
•Guest Toilet
•Spacious Living Room and Dining Area
•Built"
pf-abu-dhabi-378,propertyfinder,https://www.propertyfinder.ae/en/plp/rent/villa-for-rent-abu-dhabi-al-khalidiya-khalidiya-village-116384468.html,Spacious 6-Bedroom Villa with Private Pool,290000,AED,rent,apartment,6,8,5769,Al Khalidiya,abu-dhabi,Abu Dhabi,"Abu Dhabi, Al Khalidiya",24.468748092651367,54.34996032714844,2026-07-15T15:09:37Z,"Experience luxurious family living in this spacious villa located in the sought-after Khalidiya Village. Designed with generous living spaces and practical features, this home is ideal for large families seeking comfort, privacy, and convenience.

Property Details:

Location: Khalidiya Village
Built-up Area: 536 sqm
Bedrooms: 6 Master Bedrooms
Bathrooms: 7+
Private Swimming Pool

Ground Floor:

2 "
pf-abu-dhabi-379,propertyfinder,https://www.propertyfinder.ae/en/plp/rent/villa-for-rent-abu-dhabi-al-salam-street-bloom-gardens-bloom-gardens-villas-115919509.html,Grand Family Home | 3BR+Maid Villa | Ready To Move,210000,AED,rent,apartment,3,4,3088,Al Salam Street,abu-dhabi,Abu Dhabi,"Abu Dhabi, Al Salam Street, Bloom Gardens",24.432836532592773,54.461544036865234,2026-07-14T09:24:56Z,"Discover refined living at its finest in this exquisite 3-bedroom villa, located in the prestigious Bloom Gardens Villas community along Al Salam Street. Designed for discerning residents, this generously sized 3,088 sq. ft. home masterfully blends elegance, comfort, and functionality in one of Abu Dhabi's most desirable locations.

Whether you are seeking a luxurious family residence, a private e"
pf-abu-dhabi-380,propertyfinder,https://www.propertyfinder.ae/en/plp/rent/villa-for-rent-abu-dhabi-yas-island-yas-acres-the-magnolias-117249074.html,Semi Corner Unit | Single Row | Polished | Vacant,390000,AED,rent,apartment,4,5,6002,Yas Island,abu-dhabi,Abu Dhabi,"Abu Dhabi, Yas Island, Yas Acres",24.509632110595703,54.60892105102539,2026-07-17T06:38:01Z,"Unit Overview
• Villa for Rent in The Magnolias , Yas Acres, Yas Island, Abu Dhabi.
• Located in a well-established community, these 4 bedrooms Villa comes with 5 bathrooms, and an area of 4,985 sq. ft with 4 Parking Spaces.

About the Unit
This unit is located opposite the children's play areas and amenities.

Unit Features
• 3 Balconies
• Terrace
• Maid Room
• Laundry Room
• Living and Dining Ar"
pf-abu-dhabi-381,propertyfinder,https://www.propertyfinder.ae/en/plp/rent/villa-for-rent-abu-dhabi-yas-island-yas-acres-aspens-106406113.html,Best offer - Landscaped golf front 4 bed villa,400000,AED,rent,apartment,4,5,6792,Yas Island,abu-dhabi,Abu Dhabi,"Abu Dhabi, Yas Island, Yas Acres",24.5008487701416,54.60432434082031,2026-06-23T09:47:31Z,"Introducing an exquisite 4-bedroom villa located in the prestigious Aspens, Yas Acres community on Yas Island. This exceptional property combines elegance with modern functionality, offering a spacious paradise that perfectly caters to the needs of family.

Yas Acres enhances the living experience with world-class attractions such as Yas Waterworld and Ferrari World, alongside exceptional communit"
pf-abu-dhabi-382,propertyfinder,https://www.propertyfinder.ae/en/plp/rent/villa-for-rent-abu-dhabi-rabdan-mangrove-village-113695464.html,Peaceful Community | Premium Finishing,235000,AED,rent,apartment,4,5,3198,Rabdan,abu-dhabi,Abu Dhabi,"Abu Dhabi, Rabdan",24.391826629638672,54.49300003051758,2026-07-09T05:24:11Z,"Experience life at it's finest @ in Abu Dhabi's Finest Community - Mangrove Village in Rabdan.

Mangrove Village is a community located in the Rabdan, a very strategic location where it has easy access to all areas in Abu Dhabi:

Accessibility: (i pilit ang minutes)

The community has a state of the art facilities that offers an active lifestyle to the residents.
    •Beach Access to Water Sports
"
pf-abu-dhabi-383,propertyfinder,https://www.propertyfinder.ae/en/plp/rent/villa-for-rent-abu-dhabi-al-shamkha-fay-alreeman-116819841.html,Double Row - Mid | 4BR + Maid | Ready To Move,230000,AED,rent,apartment,4,5,5490,Al Shamkha,abu-dhabi,Abu Dhabi,"Abu Dhabi, Al Shamkha",24.404666900634766,54.68175506591797,2026-07-16T12:24:39Z,"Discover the allure of Fay Al Reeman, a luxury Villa that epitomizes sophistication and comfort. Nestled within the vibrant Al Shamkhah community in Abu Dhabi, this unit promises an exquisite lifestyle accentuated by lavish amenities and prime living spaces.

Villa Features:
Expansive living and dining areas
4 spacious bedrooms
5-Bathrooms
Double Row - Mid
Modern kitchen with quality finishes
Maid"
pf-abu-dhabi-384,propertyfinder,https://www.propertyfinder.ae/en/plp/rent/villa-for-rent-abu-dhabi-yas-island-noya-noya-viva-88756625.html,Single Row End Unit|Stylish Layout|Prime Area,240000,AED,rent,apartment,4,4,3779,Yas Island,abu-dhabi,Abu Dhabi,"Abu Dhabi, Yas Island, Noya",24.50028419494629,54.619808197021484,2026-05-13T11:52:10Z,"Move into this spectacular 4-bedroom villa at Noya Viva, where refined finishes and serene family-oriented living come together effortlessly. Developed by Aldar, this vibrant community offers smart contemporary design, premium amenities, and beautifully planned surroundings that create the perfect balance between comfort, energy, and tranquility. Ideally located on Yas Island, residents enjoy seam"
pf-abu-dhabi-385,propertyfinder,https://www.propertyfinder.ae/en/plp/rent/villa-for-rent-abu-dhabi-rabdan-mangrove-village-115462150.html,Ready to move in | 4 bed villa | Mangrove Village,270000,AED,rent,apartment,4,5,2919,Rabdan,abu-dhabi,Abu Dhabi,"Abu Dhabi, Rabdan",24.391826629638672,54.49300003051758,2026-07-13T05:50:25Z,"Nestled within lush surroundings that harmonizes modern comfort with natural beauty.
This spacious 4 bed villa features:
- Master bedroom ensuite
- Bedrooms with attached bathrooms
- Family room
- Spacious living and dining area
- Closed kitchen with cabinets
- Powder room
- Maids room ensuite
- Laundry area
- Storage area
- Terrace
- Car parking
This villa exemplifies luxury living with its thoug"
pf-abu-dhabi-386,propertyfinder,https://www.propertyfinder.ae/en/plp/rent/villa-for-rent-abu-dhabi-yas-island-yas-acres-the-magnolias-112308606.html,√Single Row Semi Corner | Vacant | Near the Gate√,299000,AED,rent,apartment,4,6,4844,Yas Island,abu-dhabi,Abu Dhabi,"Abu Dhabi, Yas Island, Yas Acres",24.509632110595703,54.60892105102539,2026-07-06T13:13:38Z,"√Single Row Semi Corner | Vacant | Near the Gate√

Whether investing or renting, people are always in search of exciting places to live. There are lots of answers to this question in the capital. Yas Island features the most modern and well-designed homes in the capital. Magnolias offer multiple types and designs of high-end villas and townhouses.

Property Details:

Ground Floor:
- Spacious Garde"
pf-abu-dhabi-387,propertyfinder,https://www.propertyfinder.ae/en/plp/rent/villa-for-rent-abu-dhabi-khalifa-city-al-forsan-village-106865913.html,Luxurious 4BHK Villa|Driver Room|Multiple Payments,215000,AED,rent,apartment,4,7,6350,Khalifa City,abu-dhabi,Abu Dhabi,"Abu Dhabi, Khalifa City",24.40437889099121,54.54851531982422,2026-06-24T14:32:51Z,"Prudential Real Estate , Al Forsan is an Elite Community with Grandly Designed Luxurious Townhouses and Villas. The architecture combines historical inspiration from places like Palmyra and Petra with contemporary living design. a neighborhood where there are countless opportunities and exciting things to do for fun and for everyone.



•Spacious 4 Master Bedrooms
•Guest Toilet
•Spacious Living Ro"
pf-abu-dhabi-388,propertyfinder,https://www.propertyfinder.ae/en/plp/rent/villa-for-rent-abu-dhabi-al-reef-al-reef-villas-arabian-style-113697021.html,Ready To Move | Double Row | Great Deal Offer,159999,AED,rent,apartment,5,6,2973,Al Reef,abu-dhabi,Abu Dhabi,"Abu Dhabi, Al Reef, Al Reef Villas",24.458860397338867,54.670841217041016,2026-07-09T07:04:29Z,"Spacious 5-Bedroom Villa | Premium Family Living | Al Reef Villas
Experience the perfect blend of space, comfort, and community living in this beautifully designed 5-bedroom villa located in the highly sought-after Al Reef Villas, Abu Dhabi. Ideal for large families, this home offers generous living spaces, modern finishes, and a peaceful environment with excellent community facilities. 
The villa"
pf-abu-dhabi-389,propertyfinder,https://www.propertyfinder.ae/en/plp/rent/villa-for-rent-abu-dhabi-ghantoot-aljurf-al-jurf-gardens-al-jurf-gardens-phase-12-114163972.html,Landscaped Garden | 4BR + M | Beach Access | Ready,220000,AED,rent,apartment,4,6,8140,Ghantoot,abu-dhabi,Abu Dhabi,"Abu Dhabi, Ghantoot, AlJurf, Al Jurf Gardens",24.853548049926758,54.81339645385742,2026-07-10T10:39:48Z,"Experience refined living surrounded by nature at Al Jurf Gardens, one of the UAE’s most prestigious coastal communities designed for privacy, tranquility, and luxury. Presented by Maison 71, this exceptional 4-bedroom single row villa for rent features a beautifully landscaped garden and spacious interiors, offering an ideal family lifestyle in a serene waterfront setting.

Property Features:

4 "
pf-abu-dhabi-390,propertyfinder,https://www.propertyfinder.ae/en/plp/rent/villa-for-rent-abu-dhabi-al-reef-al-reef-villas-mediterranean-style-113242676.html,Spacious Villa | Family Living | Up Coming Deal,125000,AED,rent,apartment,3,4,2424,Al Reef,abu-dhabi,Abu Dhabi,"Abu Dhabi, Al Reef, Al Reef Villas",24.45183753967285,54.675819396972656,2026-07-08T06:05:32Z,"Al Reef, in a secure gated community, and that gives an excellent view of the community. 

Villa Features:

Elegant Finished
Spacious Living and Dining Area
Kitchen with Cabinets
Comfy Bedrooms
Private Garage

Facilities:
24 Hours Maintenance
24 Hours Security
BBQ Area
Nursery
Mosque
Clinic
Swimming Pool
Playground
Community Center
Coffee Shop
Landscape Gardens
Licensed Restaurant
Gymnasium
Tennis"
pf-abu-dhabi-391,propertyfinder,https://www.propertyfinder.ae/en/plp/rent/villa-for-rent-abu-dhabi-rabdan-seashore-106836101.html,Sea View | Private Garden | Peaceful Community,220000,AED,rent,apartment,4,5,2678,Rabdan,abu-dhabi,Abu Dhabi,"Abu Dhabi, Rabdan",24.390899658203125,54.49740982055664,2026-06-24T07:25:52Z,"An Amazing 4-bedroom villa with a stunning view is available for rent in Seashore Villas - Rabdan.

Seashore Villas is a freehold gated community in the coastal area of Rabdan. Developed by the Green Emirates Properties, the secure and family-loving community offers first-class amenities including a sauna, massage parlour, swimming pools and play area for kids. Fitness enthusiasts and sports lover"
pf-abu-dhabi-392,propertyfinder,https://www.propertyfinder.ae/en/plp/rent/villa-for-rent-abu-dhabi-yas-island-yas-acres-aspens-110533270.html,Full Golf Course View | Landscaped Garden | VACANT,549990,AED,rent,apartment,5,7,11265,Yas Island,abu-dhabi,Abu Dhabi,"Abu Dhabi, Yas Island, Yas Acres",24.5008487701416,54.60432434082031,2026-07-02T14:18:03Z,"Full Golf Course View | Landscaped Garden | VACANT

Yas Acres on Yas Island presents a rare chance to create your dream villa exactly as you envision it. Choose from a variety of plot sizes, architectural styles, and enjoy picturesque, nature-inspired surroundings while designing your home from the ground up.

Property details:

2-Level  Villa
Living and Dining Area
5 Spacious bedrooms
Top-of-the-"
pf-abu-dhabi-393,propertyfinder,https://www.propertyfinder.ae/en/plp/rent/villa-for-rent-abu-dhabi-rabdan-mangrove-village-93589053.html,Hot Deal! Perfect Active & Pet Friendly Community,300000,AED,rent,apartment,5,6,5686,Rabdan,abu-dhabi,Abu Dhabi,"Abu Dhabi, Rabdan",24.391826629638672,54.49300003051758,2026-05-24T20:21:14Z,"Experience a high end living in an active and pet friendly community. A community where you can feel nature.

Enjoy an aftyernoon walk  or a dip in the amazing indoor pool or a beautiful swim in the out door swimming pool. You can also enjoy your favorite watersports or have a calm walk along the shore.

Anything can be possible in the most famous and sought after - Mangrove Village in Rabdan, Abu"
pf-abu-dhabi-394,propertyfinder,https://www.propertyfinder.ae/en/plp/rent/villa-for-rent-abu-dhabi-al-shamkha-fay-alreeman-116358879.html,6BR + Maid | Single Row - Corner | Ready To Move,280000,AED,rent,apartment,6,7,11322,Al Shamkha,abu-dhabi,Abu Dhabi,"Abu Dhabi, Al Shamkha",24.404666900634766,54.68175506591797,2026-07-15T08:25:17Z,"Discover the allure of Fay Al Reeman, a luxury Villa that epitomizes sophistication and comfort. Nestled within the vibrant Al Shamkhah community in Abu Dhabi, this unit promises an exquisite lifestyle accentuated by lavish amenities and prime living spaces.

Villa Features:
Expansive living and dining areas
6 spacious bedrooms with built-in wardrobes
7-Bathrooms
Single Row - Corner
Modern kitchen"
pf-abu-dhabi-395,propertyfinder,https://www.propertyfinder.ae/en/plp/rent/villa-for-rent-abu-dhabi-yas-island-yas-acres-lea-118570880.html,Spacious High Quality Ready to Move | View Now,260000,AED,rent,apartment,5,6,4730,Yas Island,abu-dhabi,Abu Dhabi,"Abu Dhabi, Yas Island, Yas Acres",24.51329231262207,54.6095085144043,2026-07-20T06:57:02Z,"Seize the chance to enjoy this luxurious villa in Lea, Yas Island. Its the ultimate retreat for relaxation and unwinding. Enjoy peaceful waterfront walking paths, weekend markets, and dining outdoors on the lawn.

Features:

• Elegant 5-Bedroom Residence
• Cozy Family Room
• Spacious Living and Dining Areas
• Walk-In Closet
• Well Maintained Kitchen
• Huge Terrace
• Maids Room
• Ample Parking Spac"
pf-abu-dhabi-396,propertyfinder,https://www.propertyfinder.ae/en/plp/rent/villa-for-rent-abu-dhabi-al-shamkha-fay-alreeman-112730273.html,Vacant | Elegant Villa | Spacious Layout | Enquire,199999,AED,rent,apartment,4,5,5489,Al Shamkha,abu-dhabi,Abu Dhabi,"Abu Dhabi, Al Shamkha",24.404666900634766,54.68175506591797,2026-07-07T05:45:32Z,"Hero Real Estate Provides a wonderful 4-bedroom villa with ideal amenities and facilities in Fay Al Reeman , Al Shamkha, Abu Dhabi.

This unit is available for rent, rent price : 200,000

The newest construction in Al Shamkha, Abu Dhabi, Aldar Fay Alreeman, offers opulent villas with three to six bedrooms that are rated Estidama Pearl 2. Because of its prime position in one of the most affluent ne"
pf-abu-dhabi-397,propertyfinder,https://www.propertyfinder.ae/en/plp/rent/villa-for-rent-abu-dhabi-rabdan-mangrove-village-106416478.html,√ Vacant Villa | Premium Living | Price Dropped √,284990,AED,rent,apartment,5,6,4580,Rabdan,abu-dhabi,Abu Dhabi,"Abu Dhabi, Rabdan",24.391826629638672,54.49300003051758,2026-06-23T12:00:42Z,"√ Vacant Villa | Premium Living | Price Dropped √

This luxurious Villa compound is the perfect place for those wishing to relax away from Abu Dhabi Downtown, but at the same time still have the opportunity to get to other areas of the emirate within a short period of time.

This villa allow owners to experience a luxurious and peaceful lifestyle.

PROPERTY DETAILS:

- Living and Dining Area
- Ful"
pf-abu-dhabi-398,propertyfinder,https://www.propertyfinder.ae/en/plp/rent/villa-for-rent-abu-dhabi-saadiyat-island-saadiyat-reserve-the-dunes-82810551.html,Upgraded 6BR Villa | Maid & Driver | Vacant Now,550000,AED,rent,apartment,4,8,6587,Saadiyat Island,abu-dhabi,Abu Dhabi,"Abu Dhabi, Saadiyat Island, Saadiyat Reserve",24.523595809936523,54.43989944458008,2026-04-29T13:02:18Z,"The Dunes at Saadiyat Reserve on Saadiyat Island offers an exceptional rental opportunity. Set within one of Abu Dhabi’s most prestigious communities, this destination is known for its pristine beaches, natural surroundings, and vibrant cultural scene. 
This fully upgraded 6-bedroom villa with maid’s and driver’s rooms is ideal for families seeking space, comfort, and privacy. Designed with a mode"
pf-abu-dhabi-399,propertyfinder,https://www.propertyfinder.ae/en/plp/rent/villa-for-rent-abu-dhabi-yas-island-yas-acres-the-dahlias-113276882.html,Single Row Villa | 4BR+M+Study | Equipped Kitchen,300000,AED,rent,apartment,4,5,5389,Yas Island,abu-dhabi,Abu Dhabi,"Abu Dhabi, Yas Island, Yas Acres",24.506593704223633,54.613311767578125,2026-07-08T13:39:01Z,"Discover luxury island living in The Dahlias at Yas Acres by Aldar Properties. This contemporary 4-bedroom villa with a maid's room and study is set on a premium single-row plot, offering enhanced privacy, spacious interiors, and a large private garden—ideal for families seeking comfort and long-term value.

Property Features:
Single-row villa
4 Bedrooms + Maid's Room + Study
Spacious living & din"
pf-abu-dhabi-400,propertyfinder,https://www.propertyfinder.ae/en/plp/rent/villa-for-rent-abu-dhabi-al-jubail-island-ain-al-maha-96962591.html,Landscaped Garden | Corner | 3BR + M | Move in now,300000,AED,rent,apartment,3,4,2895,Al Jubail Island,abu-dhabi,Abu Dhabi,"Abu Dhabi, Al Jubail Island",24.525314331054688,54.49432373046875,2026-06-01T13:27:53Z,"Experience a harmonious blend of luxury, privacy, and nature at Jubail Island, one of Abu Dhabi’s most sought-after residential destinations. Presented by Maison 71, this elegant 3-bedroom villa for rent offers spacious interiors, contemporary design, and a peaceful island lifestyle surrounded by stunning natural landscapes.

Property Features:

3 Spacious Bedrooms
Bright and spacious living and d"
pf-abu-dhabi-401,propertyfinder,https://www.propertyfinder.ae/en/plp/rent/villa-for-rent-abu-dhabi-al-jubail-island-seef-al-jubail-89177419.html,V4 Executive Villa | Private Pool | Landscaped,600000,AED,rent,apartment,4,6,5600,Al Jubail Island,abu-dhabi,Abu Dhabi,"Abu Dhabi, Al Jubail Island",24.52754783630371,54.48816680908203,2026-05-14T06:39:37Z,"Maison 71 is delighted to present this exceptional V4 Executive villa in the prestigious Jubail community, offering generous living spaces, a beautifully landscaped outdoor setting and an outstanding private entertaining area.

Set on a large plot, the villa has been designed for relaxed family living and elegant hosting. The garden is one of the home’s standout features, with mature landscaping, "
pf-abu-dhabi-402,propertyfinder,https://www.propertyfinder.ae/en/plp/rent/villa-for-rent-abu-dhabi-al-samha-97845760.html,Brand New Villa w/ Big Plot Perfect for Big Family,350000,AED,rent,apartment,5,6,13679,Abu Dhabi,abu-dhabi,Abu Dhabi,Abu Dhabi,24.681299209594727,54.75768280029297,2026-06-03T20:52:14Z,"This could be your next home...

An amazing brand new villa suitable for big family. The villa has a modern finishing with a comfortable interior. It has more rooms and ore extra spaces for additional members. The villa has a large extra plot that allows space for gardens and any outdoor activities. 


Thee villa has the following features:
- big extra plot
- 5 master's bedroom with built in wardr"
pf-abu-dhabi-403,propertyfinder,https://www.propertyfinder.ae/en/plp/rent/villa-for-rent-abu-dhabi-al-reef-al-reef-villas-mediterranean-style-119037844.html,Spacious 5 BR | Prime Location | Book Now,160000,AED,rent,apartment,5,6,2942,Al Reef,abu-dhabi,Abu Dhabi,"Abu Dhabi, Al Reef, Al Reef Villas",24.45183753967285,54.675819396972656,2026-07-21T10:57:56Z,"Spacious 5 Bedroom Mediterranean Villa for Rent in Al Reef, Abu Dhabi

Property Overview

This 5 bedroom Mediterranean style villa in Al Reef provides ideal family living with classic European architecture and a functional layout. The home features a bright living and dining area, a closed fitted kitchen, five bedrooms with built in wardrobes, a maid room, and private outdoor garden space.

Area D"
pf-abu-dhabi-404,propertyfinder,https://www.propertyfinder.ae/en/plp/rent/villa-for-rent-abu-dhabi-al-jubail-island-ain-al-maha-113243802.html,4 Bedroom Executive Villa with Landscaped Garden,450000,AED,rent,apartment,4,7,12005,Al Jubail Island,abu-dhabi,Abu Dhabi,"Abu Dhabi, Al Jubail Island",24.525314331054688,54.49432373046875,2026-07-08T07:07:31Z,"Experience contemporary island living in this exceptional 4 bedroom executive villa located in the prestigious Al Maha community on Al Jubail Island. Designed with spacious interiors and premium finishes, this home offers the perfect blend of comfort, privacy, and luxury.

Price will be depending if with pool or without pool
Step outside to a large private garden, which will be professionally land"
pf-abu-dhabi-405,propertyfinder,https://www.propertyfinder.ae/en/plp/rent/villa-for-rent-abu-dhabi-al-reef-al-reef-villas-contemporary-style-101260154.html,Vacant | 3BR Villa | Double Row | Ready to Move,120000,AED,rent,apartment,3,4,2424,Al Reef,abu-dhabi,Abu Dhabi,"Abu Dhabi, Al Reef, Al Reef Villas",24.45672035217285,54.67571258544922,2026-06-11T07:40:32Z,"This single-row villa offers a spacious multi-level townhouse layout with rooftop terrace, private garden, and practical family living spaces within one of Al Reef’s established communities.

Property Features:
-3 bedrooms including master bedroom
-Study room suitable for office or guest use
-4 bathrooms
-Spacious open-plan living and dining area
-Modern kitchen with breakfast counter
-Private gar"
pf-abu-dhabi-406,propertyfinder,https://www.propertyfinder.ae/en/plp/rent/villa-for-rent-abu-dhabi-ghantoot-aljurf-110063581.html,Corner Villa | Coastal Living | Premium 4BR,285000,AED,rent,apartment,4,5,6557,Ghantoot,abu-dhabi,Abu Dhabi,"Abu Dhabi, Ghantoot",24.853891372680664,54.799808502197266,2026-07-01T10:55:43Z,"Corner Villa | Coastal Living | 4BR Budoor Villa | Al Jurf Gardens
Experience an exceptional coastal lifestyle in this elegant 4-bedroom Budoor Villa located in Al Jurf Gardens. Positioned on a premium corner plot, this beautifully designed residence blends contemporary luxury with Arabian-inspired architecture, offering spacious interiors, lush outdoor spaces, and direct access to one of Abu Dhab"
pf-abu-dhabi-407,propertyfinder,https://www.propertyfinder.ae/en/plp/rent/villa-for-rent-abu-dhabi-shakhbout-city-119035890.html,Hot Deal | 3MBR + Maid & Parking | Prime Location,120000,AED,rent,apartment,3,5,4500,Abu Dhabi,abu-dhabi,Abu Dhabi,Abu Dhabi,24.356430053710938,54.62781524658203,2026-07-21T10:27:37Z,"** Villa Features :
• Spacious Areas
• Excellent Finishing
• 2 Kitchens ( Main & Preparation )
• Built-in Wardrobes
• Prime Location
• Close To Services And Facilities

** Villa Details :
* Ground Floor :
• Majlis
• Living And Dining Hall
• Kitchen With Cabinets
• Bathroom
• Store

* First Floor :
• 3 Master Bedrooms With Wardrobes
• Living Hall
• Preparation Kitchen

* Second Floor :
• Maid Room "
pf-abu-dhabi-408,propertyfinder,https://www.propertyfinder.ae/en/plp/rent/villa-for-rent-abu-dhabi-al-jubail-island-souk-al-jubail-116827877.html,Landscaped | Private Swimming Pool | V5 Select,850000,AED,rent,apartment,5,8,17375,Al Jubail Island,abu-dhabi,Abu Dhabi,"Abu Dhabi, Al Jubail Island",24.532920837402344,54.48407745361328,2026-07-16T13:58:52Z,"A vacant five-bedroom V5 Select villa in Souk Al Jubail, Al Jubail Island, with a landscaped garden and a G+1 family layout. The V5 Select design includes giving the home clear separation between formal areas, family living spaces, and private bedrooms. The ground floor includes reception space, family living and dining areas, a guest bedroom, service areas, and direct access to the garden. Upstai"
pf-abu-dhabi-409,propertyfinder,https://www.propertyfinder.ae/en/plp/rent/villa-for-rent-abu-dhabi-al-raha-beach-al-zeina-building-c-112289518.html,Luxurious 6BR Villa Ready to Move-in|Calm Living,375000,AED,rent,apartment,6,8,8275,Al Raha Beach,abu-dhabi,Abu Dhabi,"Abu Dhabi, Al Raha Beach, Al Zeina",24.45574378967285,54.61445236206055,2026-07-06T09:13:35Z,"Imagine yourself living in this luxurious 6-bedroom villa at Al Zeina, where modern architecture, spacious interiors, and premium amenities come together to create an exceptional family home. Nestled within one of Al Raha Beach's most sought-after waterfront communities, this residence offers a peaceful environment while remaining close to Abu Dhabi's finest lifestyle destinations.

Apartment Feat"
pf-abu-dhabi-410,propertyfinder,https://www.propertyfinder.ae/en/plp/rent/villa-for-rent-abu-dhabi-al-raha-beach-luluat-al-raha-117709686.html,LUXURY 4BHK VILLA | FULL SEA VIEW | PRIVATE POOL,310000,AED,rent,apartment,4,5,4037,Al Raha Beach,abu-dhabi,Abu Dhabi,"Abu Dhabi, Al Raha Beach",24.44094467163086,54.56800079345703,2026-07-18T11:38:50Z,"Luxury 4BR Villa with Maid's & Driver's Room | Private Pool | Full Sea View | Al Raha

Experience premium waterfront living in this stunning 4-bedroom villa located in the prestigious Luluat Al Raha community. Designed for comfort, privacy, and elegance, this spacious 375 sqm home offers exceptional indoor and outdoor living spaces with breathtaking full sea views.

Property Features:
4 Spacious B"
pf-abu-dhabi-411,propertyfinder,https://www.propertyfinder.ae/en/plp/rent/villa-for-rent-abu-dhabi-al-reef-al-reef-villas-arabian-style-117701770.html,VACATING SOON | 2BR VILLA SINGLE ROW | BOOK NOW,105000,AED,rent,apartment,2,3,1832,Al Reef,abu-dhabi,Abu Dhabi,"Abu Dhabi, Al Reef, Al Reef Villas",24.458860397338867,54.670841217041016,2026-07-18T09:08:44Z,"2 Bedrooms 3 Bathrooms Villa Single Row

3PAYMENTS

Property Features:
-2 bedrooms including master bedroom
-Study room on ground floor
-3 bathrooms
-Size: 1832 sq ft
-Open-plan living and dining area
-Modern open kitchen
-Private landscaped garden with deck area
-Laundry area
-Store room under staircase
-Two bedrooms on upper floor
-Internal staircase
-Covered parking space
-Functional townhouse "
pf-abu-dhabi-412,propertyfinder,https://www.propertyfinder.ae/en/plp/rent/villa-for-rent-abu-dhabi-rabdan-mangrove-village-98679164.html,"Beachfront, direct access. Private pool and garden",360000,AED,rent,apartment,5,5,5181,Rabdan,abu-dhabi,Abu Dhabi,"Abu Dhabi, Rabdan",24.391826629638672,54.49300003051758,2026-06-05T05:39:06Z,"Welcome to Mangrove Village, a stunning 5-bedroom villa in the heart of Abu Dhabi Gate City. This exceptional property offers an impressive 5,181 sq. ft. of luxurious living space with elegant features that redefine modern comfort.

Key Highlights:
- Layout: Spacious 5 bedrooms, 5 bathrooms  
- Built-up area: 5,181 sq. ft.  
- Furnishings: High-end finishes, built-in wardrobes  
- Views: Tranquil "
pf-abu-dhabi-413,propertyfinder,https://www.propertyfinder.ae/en/plp/rent/villa-for-rent-abu-dhabi-al-jubail-island-seef-al-jubail-116381321.html,Spacious 4BR V4 Villa | Vacant | Private Garden,450000,AED,rent,apartment,4,5,8826,Al Jubail Island,abu-dhabi,Abu Dhabi,"Abu Dhabi, Al Jubail Island",24.52754783630371,54.48816680908203,2026-07-15T13:51:10Z,"Experience luxury island living in this spacious 4-bedroom villa located in Seef Al Jubail, Al Jubail Island. Featuring the sought-after Type V4 layout, this elegant home offers generous living spaces, premium finishes, and a tranquil waterfront lifestyle within one of Abu Dhabi's most prestigious gated communities.

Designed for modern family living, the villa combines bright interiors, spacious "
pf-abu-dhabi-414,propertyfinder,https://www.propertyfinder.ae/en/plp/rent/villa-for-rent-abu-dhabi-al-khalidiya-khalidiya-village-116354402.html,Spacious 6BR Villa | Private Pool & Garden |,290000,AED,rent,apartment,6,7,5770,Al Khalidiya,abu-dhabi,Abu Dhabi,"Abu Dhabi, Al Khalidiya",24.468748092651367,54.34996032714844,2026-07-15T06:37:35Z,"This stunning 6BR villa in Khalidiya Village features a generous 5,770 sq ft layout, a private swimming pool, and  private garden, making it ideal for families who value space, privacy, and luxury living. Located in one of Abu Dhabi’s most prestigious communities, the villa offers access to world‑class amenities including a gym, clubhouse, tennis court, and squash court.

* Location: Khalidiya Vil"
pf-abu-dhabi-415,propertyfinder,https://www.propertyfinder.ae/en/plp/rent/villa-for-rent-abu-dhabi-al-jubail-island-seef-al-jubail-98242194.html,V4 Executive | Landscaped | Huge Plot,600000,AED,rent,apartment,4,5,11611,Al Jubail Island,abu-dhabi,Abu Dhabi,"Abu Dhabi, Al Jubail Island",24.52754783630371,54.48816680908203,2026-06-04T07:41:51Z,"Altura is proud to present this executive 4-bedroom residence, beautifully landscaped and offered fully furnished for **AED 650,000** or unfurnished for **AED 600,000**.

Key Features:
• Living and dining spaces
• Kitchen with cabinets
• Laundry and powder room
• 1 Master bedroom with built-in wardrobes
• 3 Additional bedrooms with built-in wardrobes
• Parking spaces
• Outdoor spaces
• Private bal"
pf-abu-dhabi-416,propertyfinder,https://www.propertyfinder.ae/en/plp/rent/villa-for-rent-abu-dhabi-mohamed-bin-zayed-city-118604910.html,3 BHK | Maid | Utilities Included | Mulhik,130000,AED,rent,apartment,3,5,2670,Abu Dhabi,abu-dhabi,Abu Dhabi,Abu Dhabi,24.333309173583984,54.55467987060547,2026-07-20T17:17:00Z,"VILLA ATTRIBUTES:

3Master Bedroom 

5 washroom

Maid room 

Family living hall 

Laundry room

Side yard

Private entrance mulhik 

Big majlis


CLOSE PROXIMITY TO:
Banking and ATM Services
Children's Play Area
Cycling Paths
Laundry Facilities
Mosque
Nearby Public Park
Ample Public Parking
Convenient Public Transport
Dining Establishments
Educational Institutions
Shopping Centers

PAYMENT ARRANGE"
pf-abu-dhabi-417,propertyfinder,https://www.propertyfinder.ae/en/plp/rent/villa-for-rent-abu-dhabi-al-jubail-island-seef-al-jubail-116827381.html,Single Row  | Spacious Layout | Private Garden,450000,AED,rent,apartment,4,5,8396,Al Jubail Island,abu-dhabi,Abu Dhabi,"Abu Dhabi, Al Jubail Island",24.52754783630371,54.48816680908203,2026-07-16T13:51:42Z,"Huspy is proud to present you this elegant 4 bedroom house in Seef Al Jubail, Al Jubail Island. 

Villa Specs:
- 4 bedrooms
- 5 bathrooms
- 2 parking spaces
- Unfurnished, spacious layout

Discover a perfect blend of luxury and comfort in this stunning villa, featuring an open-plan living area that invites abundant natural light. Each bedroom is thoughtfully designed with generous proportions and "
pf-abu-dhabi-418,propertyfinder,https://www.propertyfinder.ae/en/plp/rent/villa-for-rent-abu-dhabi-yas-island-yas-acres-the-magnolias-112277517.html,Type E - End Unit | 4BR + Maid + Study | Yas Acres,310000,AED,rent,apartment,4,5,3875,Yas Island,abu-dhabi,Abu Dhabi,"Abu Dhabi, Yas Island, Yas Acres",24.509632110595703,54.60892105102539,2026-07-06T06:17:04Z,"End Unit Type E | 4BR + Study + Maid | Spacious Family Home
Discover exceptional family living in this spacious Type E end-unit villa located in The Magnolias at Yas Acres, Yas Island. Offering a generous layout with four bedrooms, a study room, maid’s room, and laundry room, this elegant home is designed for families seeking comfort, privacy, and a premium lifestyle within one of Abu Dhabi’s most"
pf-abu-dhabi-419,propertyfinder,https://www.propertyfinder.ae/en/plp/rent/villa-for-rent-abu-dhabi-al-jubail-island-ain-al-maha-112753104.html,Corner | Executive Type | Second Row From Water,650000,AED,rent,apartment,5,7,15565,Al Jubail Island,abu-dhabi,Abu Dhabi,"Abu Dhabi, Al Jubail Island",24.525314331054688,54.49432373046875,2026-07-07T12:05:10Z,"A five-bedroom V5 Executive villa for rent in Ain Al Maha, Al Jubail Island, with a 15,565 sq ft corner plot and a second-row position from the water. The villa is designed for families who need privacy, generous outdoor space and a quieter island setting within Abu Dhabi.

The layout includes 7+ bathrooms, large living and dining areas, well-separated bedrooms and practical space for daily family"
pf-abu-dhabi-420,propertyfinder,https://www.propertyfinder.ae/en/plp/rent/villa-for-rent-abu-dhabi-yas-island-yas-acres-lea-115936530.html,Spacious 5 Bedrooms Standalone Villa | Single Row,400000,AED,rent,apartment,5,7,9040,Yas Island,abu-dhabi,Abu Dhabi,"Abu Dhabi, Yas Island, Yas Acres",24.51329231262207,54.6095085144043,2026-07-14T13:38:00Z,"5-bedroom villas in Lea at Yas Acres offer a luxurious, customizable waterfront lifestyle on Yas Island, Abu Dhabi. Developed by Aldar Properties, the Lea sub-community stands out because it initially launched as residential plots, allowing buyers to design and construct bespoke upscale villas from scratch. As a result, properties feature distinct high-end architecture, premium materials, and vari"
pf-abu-dhabi-421,propertyfinder,https://www.propertyfinder.ae/en/plp/rent/villa-for-rent-abu-dhabi-al-shamkha-fay-al-reeman-ii-116371494.html,Ready To Move | Family Living | Brand New,220000,AED,rent,apartment,4,7,5490,Al Shamkha,abu-dhabi,Abu Dhabi,"Abu Dhabi, Al Shamkha",24.363597869873047,54.678504943847656,2026-07-15T11:29:24Z,"Huspy is proud to present you this elegant 4 bedroom house in Al Shamkha, Fay Al Reeman.  

Villa Specs:  
- 4 spacious bedrooms  
- Modern design  
- Ample natural light throughout  
- Private outdoor space  

Step inside this stunning villa and enjoy an open-plan layout that enhances the flow of the living areas. The ample windows allow for an abundance of natural light, creating a warm and invi"
pf-abu-dhabi-422,propertyfinder,https://www.propertyfinder.ae/en/plp/rent/villa-for-rent-abu-dhabi-al-jubail-island-seef-al-jubail-115493333.html,√VACANT Waterfront Villa with Private Beach √,849990,AED,rent,apartment,5,7,13881,Al Jubail Island,abu-dhabi,Abu Dhabi,"Abu Dhabi, Al Jubail Island",24.52754783630371,54.48816680908203,2026-07-13T14:07:59Z,"√VACANT Waterfront Villa with Private Beach √

The community living on Jubail Island is distinctive and unlike anything else in the UAE. Six distinct villages are seamlessly woven into the landscape across nature's landscapes and rivers, creating a natural, invigorating living environment like no other.

Villa Overview:

GROUND FLOOR
Outdoor Kitchen with Storage
Driver Room
Maids Room
Modern and L"
pf-abu-dhabi-423,propertyfinder,https://www.propertyfinder.ae/en/plp/rent/villa-for-rent-abu-dhabi-yas-island-west-yas-113717457.html,Landscaped 4 Bedroom | Upcoming End of August,310000,AED,rent,apartment,4,6,6550,Yas Island,abu-dhabi,Abu Dhabi,"Abu Dhabi, Yas Island",24.495838165283203,54.60401153564453,2026-07-09T10:53:06Z,"NOTE : Photos are for Advertisement only, Furniture is not included - but the layout of the unit is the same.

The West Yas 4-Bedroom Villa Type 1A (often referenced as Type A1) is a premium, spacious layout developed by Aldar Properties on Yas Island, Abu Dhabi. Known for its expansive built-up size and high-end finishes, this specific standalone villa layout is designed to support comfortable fa"
pf-abu-dhabi-424,propertyfinder,https://www.propertyfinder.ae/en/plp/rent/villa-for-rent-abu-dhabi-mohamed-bin-zayed-city-110965168.html,Single Row | Cozy Villa 6BR+Maid+Store | 2 Majlis,240000,AED,rent,apartment,6,6,10760,Abu Dhabi,abu-dhabi,Abu Dhabi,Abu Dhabi,24.333309173583984,54.55467987060547,2026-07-03T09:57:21Z,"Top of the Top Properties proudly presents this exceptional 6-bedroom villa in Mohamed Bin Zayed City, offering a massive 10,760 sq. ft. layout designed for large families seeking space, privacy, and comfort. Featuring 2 Majles, a formal dining room, maid’s room, laundry room, multiple storage areas, a pantry, and a spacious kitchen, this villa delivers everything needed for luxurious family livin"
pf-abu-dhabi-425,propertyfinder,https://www.propertyfinder.ae/en/plp/rent/villa-for-rent-abu-dhabi-rabdan-mangrove-village-116369305.html,Ready To Move | Spacious Vacant Villa | Call Now,245000,AED,rent,apartment,4,5,3224,Rabdan,abu-dhabi,Abu Dhabi,"Abu Dhabi, Rabdan",24.391826629638672,54.49300003051758,2026-07-15T10:57:19Z,"Enjoy peaceful waterfront living in this 4-bedroom single-row villa located in the exclusive Mangrove Villas community in Rabdan. Offering privacy, generous space, and a family-friendly environment surrounded by greenery, this villa is ideal for those seeking comfort and convenience close to the city.

Villa Features:

4 spacious bedrooms with built-in wardrobes
Single-row unit ensuring maximum pr"
pf-abu-dhabi-426,propertyfinder,https://www.propertyfinder.ae/en/plp/rent/villa-for-rent-abu-dhabi-al-jubail-island-marsa-al-jubail-97821038.html,Corner 3 bed | Plus rooftop suite and pool,680000,AED,rent,apartment,3,5,4821,Al Jubail Island,abu-dhabi,Abu Dhabi,"Abu Dhabi, Al Jubail Island",24.53082275390625,54.46546936035156,2026-06-03T10:49:37Z,"Introducing an exceptional opportunity to own a stunning 3-bedroom villa that can be converted to 4 bedrooms with the top floor built as a suite with own kitchen and toilet and bath, in the exclusive Al Jubail Island community. This modern residence boasts an expansive built-up area of 4,821 sq.ft, designed for both comfort and elegance. Key features include a private garden, breathtaking views of"
pf-abu-dhabi-427,propertyfinder,https://www.propertyfinder.ae/en/plp/buy/apartment-for-sale-abu-dhabi-saadiyat-island-nouran-living-113259852.html,LOWEST PREMIUM !! 7th Floor | Paid 45% | Park View,799990,AED,sale,apartment,0,1,321,Saadiyat Island,abu-dhabi,Abu Dhabi,"Abu Dhabi, Saadiyat Island",24.522069931030273,54.43386459350586,2026-07-08T10:28:52Z,"PREMIUM DEAL!

A rare opportunity to own a studio apartment in one of Saadiyat Island's most anticipated residential communities -- Nouran Living!

  • High Floor (7th floor)
  • Stunning park view
  • Very low premium! Selling for only AED 800,000
  • Prime in-demand location
  • Paid 45%

Property Details:
• Bright living area
• Built-in wardrobes
• Modern kitchen
• Stylish bathroom
• Parking fa"
pf-abu-dhabi-428,propertyfinder,https://www.propertyfinder.ae/en/plp/buy/apartment-for-sale-abu-dhabi-al-reem-island-city-of-lights-radiant-square-118573006.html,Canal View | Fully Furnished | Radiant Viewz 2,1470000,AED,sale,apartment,1,2,821,Al Reem Island,abu-dhabi,Abu Dhabi,"Abu Dhabi, Al Reem Island, City Of Lights",24.496952056884766,54.40435791015625,2026-07-20T07:51:09Z,"Metropolitan Capital Real Estate (MCRE) is thrilled to offer you this amazing apartment with 1 bedroom for Sale in Radiant Height, Al Reem Island.

Unit Details:
- Canal View
- Floor: Mid
- Built-up area: 821 sq.ft
- Bedrooms: 1
- Bathrooms: 2
- Living and dining area
- Open and fitted kitchen
- Furnished unit
- Car parking space

Features And Amenities:
- Swimming pools | Gym
- Children's play ar"
pf-abu-dhabi-429,propertyfinder,https://www.propertyfinder.ae/en/plp/buy/apartment-for-sale-abu-dhabi-al-reem-island-marina-square-burooj-views-116359192.html,Pool And Canal View | 1BR w/ Balcony | Unfurnished,1200000,AED,sale,apartment,1,2,861,Al Reem Island,abu-dhabi,Abu Dhabi,"Abu Dhabi, Al Reem Island, Marina Square",24.49236488342285,54.39411544799805,2026-07-15T08:28:34Z,"Metropolitan Capital Real Estate is delighted to present you this Beautiful Apartment with 1 Bedrooms, located in Abu Dhabi, Al Reem Island, Marina Square, Burooj Views. Book a Viewing Today!

Ready Details:
    - Status: Rented until 30/08/2026 at AED
    
    - Unit Type: A
    - Built-up Area: 861 sqft
    - View: Pool And Canal 
    - Furnished: No
    - Bedrooms: 1
    - Bathrooms: 2
    - Ki"
pf-abu-dhabi-430,propertyfinder,https://www.propertyfinder.ae/en/plp/buy/apartment-for-sale-abu-dhabi-masdar-city-oasis-residences-oasis-2-116374983.html,Fully Furnished | 2BR Duplex | Modern Living,1310000,AED,sale,apartment,2,3,1136,Masdar City,abu-dhabi,Abu Dhabi,"Abu Dhabi, Masdar City, Oasis Residences",24.429895401000977,54.6218147277832,2026-07-15T12:16:16Z,"Oasis Residences Two offers contemporary living in the heart of Masdar City, one of Abu Dhabi’s most sustainable communities. This stylish 2-bedroom apartment duplex combines modern design, comfort, and functionality, making it an ideal choice for families, professionals, or investors seeking an eco-friendly lifestyle in a prime location. 

Apartment Details:

2 Spacious Bedrooms with Built-In War"
pf-abu-dhabi-431,propertyfinder,https://www.propertyfinder.ae/en/plp/buy/apartment-for-sale-abu-dhabi-al-raha-beach-al-seef-lamar-residences-110525406.html,Remarkable 2BR | Modern Living | Prime Location,2500000,AED,sale,apartment,2,3,1520,Al Raha Beach,abu-dhabi,Abu Dhabi,"Abu Dhabi, Al Raha Beach, Al Seef",24.44552230834961,54.58394241333008,2026-07-02T12:30:34Z,"Experience the perfect harmony of nature and modernity in this stylish 2-bedroom residence at Lamar, Al Raha Beach. Thoughtfully designed to elevate everyday living, Lamar blends architectural elegance with a tranquil waterfront setting — creating a serene sanctuary where comfort, wellness, and sophistication converge.

Note: Pictures are for illustrative purposes only.

Features:

• Glorious Livi"
pf-abu-dhabi-432,propertyfinder,https://www.propertyfinder.ae/en/plp/buy/apartment-for-sale-abu-dhabi-al-reem-island-city-of-lights-radiant-square-110497628.html,3BR+M w/ Balcony | Unique Layout | Fully Upgraded,2850000,AED,sale,apartment,3,4,1537,Al Reem Island,abu-dhabi,Abu Dhabi,"Abu Dhabi, Al Reem Island, City Of Lights",24.496952056884766,54.40435791015625,2026-07-02T05:30:13Z,"Metropolitan Capital Real Estate (MCRE) is excited to bring you this pristine apartment with 3 bedrooms in Radiant Boulevard, Al Reem Island.

Unit Details:
- Only 2 similar layouts in the entire Radiant Square
- Floor: High
- Next to corner unit
- Built-up area: 1,537.08 sq.ft
- Bedrooms: 3
- Bathrooms: 4
- Living and dining area
- Closed kitchen
- Maid's room w/ bath
- Laundry area
- 2 Balconies"
pf-abu-dhabi-433,propertyfinder,https://www.propertyfinder.ae/en/plp/buy/apartment-for-sale-abu-dhabi-al-reem-island-city-of-lights-hydra-avenue-towers-99116268.html,Vacant | Furnished 1BR | Full Sea View+Mangrove,1350000,AED,sale,apartment,1,2,944,Al Reem Island,abu-dhabi,Abu Dhabi,"Abu Dhabi, Al Reem Island, City Of Lights",24.49951934814453,54.40559768676758,2026-06-06T07:03:28Z,"Discover the charm of this 1BR home at C4 Tower, where waterfront scenery enhances everyday living. Hydra Avenue Towers brings together modern facilities and a community designed for comfort and convenience. It’s an ideal setting for those seeking balance and simplicity. Thoughtfully planned interiors and a serene atmosphere make it a perfect retreat within the vibrant City of Lights.

Features:

"
pf-abu-dhabi-434,propertyfinder,https://www.propertyfinder.ae/en/plp/buy/apartment-for-sale-abu-dhabi-al-reem-island-shams-abu-dhabi-the-gate-tower-3-112753446.html,Hot Deal | Ideal 2BR+Study |Rent Refund |Sea View,1900000,AED,sale,apartment,2,3,1367,Al Reem Island,abu-dhabi,Abu Dhabi,"Abu Dhabi, Al Reem Island, Shams Abu Dhabi",24.49410057067871,54.4074821472168,2026-07-07T12:10:45Z,"Experience exceptional living in this modern 2-bedroom apartment at The Gate Tower 3, offering stunning sea and garden views in one of Abu Dhabi’s most sought-after locations. Designed for comfort and sophistication, this high-quality residence features elegant interiors, contemporary finishes, and premium amenities, ensuring a refined urban lifestyle in the heart of the city.

Note: Pictures are "
pf-abu-dhabi-435,propertyfinder,https://www.propertyfinder.ae/en/plp/buy/apartment-for-sale-abu-dhabi-al-raha-beach-the-view-92706648.html,Fabulous 1BR |Low Floor |Rented| Canal Views,1600000,AED,sale,apartment,1,2,865,Al Raha Beach,abu-dhabi,Abu Dhabi,"Abu Dhabi, Al Raha Beach",24.446056365966797,54.59452438354492,2026-05-22T10:12:39Z,"Own this stunning 1-bedroom apartment with beautiful canal views at The View Tower and enjoy a premium waterfront lifestyle. Located in Al Raha Beach, one of the city’s most desirable communities, this residence offers the perfect blend of comfort, convenience, and scenic surroundings. 


Note: Furniture available upon request.

Features:

• Stylish Living and Dining Area
• Fully-Fitted Kitchen wi"
pf-abu-dhabi-436,propertyfinder,https://www.propertyfinder.ae/en/plp/buy/apartment-for-sale-abu-dhabi-al-reem-island-city-of-lights-radiant-square-106413814.html,HOT DEAL | Ready to Move In | with Storage,1840000,AED,sale,apartment,3,2,1058,Al Reem Island,abu-dhabi,Abu Dhabi,"Abu Dhabi, Al Reem Island, City Of Lights",24.496952056884766,54.40435791015625,2026-06-23T11:29:26Z,"Radiant Square is a mixed-use project located on Al Reem Island and is being developed by Radiant Real Estate Projects. The project consists of 5 towers, containing a mixture of residential, commercial, retail, amenities, and facilities for the occupants of the towers.

RADIANT BOULEVARD

All Nationalities are welcome to Purchase
Modern Designs
Top Class Amenities

AMENITIES:
Gymnasium
Swimming Po"
pf-abu-dhabi-437,propertyfinder,https://www.propertyfinder.ae/en/plp/buy/apartment-for-sale-abu-dhabi-al-raha-beach-al-seef-lamar-residences-112731444.html,High Floor | Water Views | Big Layout,1650000,AED,sale,apartment,1,1,1005,Al Raha Beach,abu-dhabi,Abu Dhabi,"Abu Dhabi, Al Raha Beach, Al Seef",24.44552230834961,54.58394241333008,2026-07-07T06:56:39Z,"Betterhomes proudly presents this beautiful 1 bedroom apartment in Lamar Residence.

Discover the charm of Lamar Residence, a premium waterfront community, offering the perfect balance of modern comfort and serene seaside living. Enjoy breathtaking water views and the tranquility of coastal life, complemented by well maintained amenities designed for relaxation and convenience.

Ideally located wi"
pf-abu-dhabi-438,propertyfinder,https://www.propertyfinder.ae/en/plp/buy/apartment-for-sale-abu-dhabi-al-shamkha-reeman-living-116809885.html,Prime Location l Brand New l High ROI,1075000,AED,sale,apartment,2,2,795,Al Shamkha,abu-dhabi,Abu Dhabi,"Abu Dhabi, Al Shamkha",24.40228843688965,54.67921447753906,2026-07-16T10:33:56Z,"The newest residential development by Aldar Properties, located in the heart of Al Shamkha. The project consists of three residential towers that simulate the beauty of the era and harmonious sophistication from all directions. The tower views four unique views that suit all desires.
A groundbreaking new approach that’s bringing home ownership down to earth, with properties to suit your tastes, Am"
pf-abu-dhabi-439,propertyfinder,https://www.propertyfinder.ae/en/plp/buy/apartment-for-sale-abu-dhabi-al-shamkha-reeman-living-107746690.html,ELEGANT COMMUNITY | 2BR W/ BALCONY | HANDOVER SOON,1150000,AED,sale,apartment,2,2,799,Al Shamkha,abu-dhabi,Abu Dhabi,"Abu Dhabi, Al Shamkha",24.40228843688965,54.67921447753906,2026-06-26T11:56:41Z,"Reeman Living is a modern residential apartment community by Aldar Properties, located in Al Shamkha within the Al Reeman masterplan. It offers a range of studios to 3-bedroom apartments, designed with smart layouts, contemporary finishes, and a focus on affordability and flexibility.

Reeman Living is designed for modern urban lifestyles, offering customizable interiors, practical layouts, and a "
pf-abu-dhabi-440,propertyfinder,https://www.propertyfinder.ae/en/plp/buy/apartment-for-sale-abu-dhabi-al-reem-island-shams-abu-dhabi-the-gate-tower-2-114150266.html,Community View I Signature Deal I Luxury Living,1300000,AED,sale,apartment,1,2,852,Al Reem Island,abu-dhabi,Abu Dhabi,"Abu Dhabi, Al Reem Island, Shams Abu Dhabi",24.493572235107422,54.408241271972656,2026-07-10T06:05:45Z,"The Gate Towers located in Al Reem Island, one of the most exciting residential developments in Abu Dhabi. Offers a wide range of amenities in its prime location and has the potential for excellent returns. Mixed-use complex made of three rising towers and The Arc tower, together with a retail and leisure podium located in Shams Abu Dhabi.  

Investing into residential development will lead to cap"
pf-abu-dhabi-441,propertyfinder,https://www.propertyfinder.ae/en/plp/buy/apartment-for-sale-abu-dhabi-al-shamkha-reeman-living-ii-106836057.html,HOT DEAL | Modern Living | Great Location,1199000,AED,sale,apartment,2,2,792,Al Shamkha,abu-dhabi,Abu Dhabi,"Abu Dhabi, Al Shamkha",24.401058197021484,54.67689514160156,2026-06-24T07:24:59Z,"This well-designed 2-bedroom apartment + balcony, available for AED 1,199,000, features a bright and functional layout with contemporary finishes, generous living space, and a private balcony—perfect for comfortable family living or strong rental investment.

Why Choose Reeman Living?
Reeman Living offers a modern, community-focused lifestyle in one of Abu Dhabi’s fastest-developing residential ar"
pf-abu-dhabi-442,propertyfinder,https://www.propertyfinder.ae/en/plp/buy/apartment-for-sale-abu-dhabi-al-shamkha-reeman-living-112300803.html,Hot Deal | 2BR | High ROI | Prime Community,1099999,AED,sale,apartment,2,2,797,Al Shamkha,abu-dhabi,Abu Dhabi,"Abu Dhabi, Al Shamkha",24.40228843688965,54.67921447753906,2026-07-06T11:31:57Z,"Modern 2-Bedroom Apartment | Reeman Living | Al Shamkha | Premium CommunityHome Seekers Real Estate is delighted to present this stylish 2-bedroom apartment in Reeman Living, Al Reeman 1, Al Shamkha, Abu Dhabi. Developed by Aldar, this contemporary community offers an ideal blend of comfort, convenience, and affordability, making it an excellent choice for both homeowners and investors. 
Designed "
pf-abu-dhabi-443,propertyfinder,https://www.propertyfinder.ae/en/plp/buy/apartment-for-sale-abu-dhabi-al-reem-island-shams-abu-dhabi-the-gate-tower-1-117260563.html,Pool View | Corner 2BR | Semi-Furnished | Al Reem,1800000,AED,sale,apartment,2,3,1186,Al Reem Island,abu-dhabi,Abu Dhabi,"Abu Dhabi, Al Reem Island, Shams Abu Dhabi",24.493261337280273,54.408843994140625,2026-07-17T10:19:16Z,"Re/Max Smart Concept proudly presents a 2-bedroom apartment for sale in Gate Tower 1, located in Shams Abu Dhabi, Al Reem Island. This well-maintained residence features bright interiors, premium finishes, and access to comprehensive lifestyle facilities within a landmark development.

Apartment Features
-2-bedroom apartment with open-plan living and dining area
-Modern fitted kitchen with breakfa"
pf-abu-dhabi-444,propertyfinder,https://www.propertyfinder.ae/en/plp/buy/apartment-for-sale-abu-dhabi-al-shamkha-reeman-living-106390910.html,High Floor | facing front community | Hot Deal,1100000,AED,sale,apartment,2,2,799,Al Shamkha,abu-dhabi,Abu Dhabi,"Abu Dhabi, Al Shamkha",24.40228843688965,54.67921447753906,2026-06-23T06:22:19Z,"La Maison Real Estate is delighted to present this 2-bedroom apartment for sale in Reeman Living, Abu Dhabi, offering a high-floor location, modern design, and an exceptional investment opportunity at a highly attractive price.

Property Features:

2 Bedrooms
High Floor
Hot Deal
Spacious living and dining area
Modern kitchen
Built-in wardrobes
Well-appointed bathrooms
Large windows with abundant n"
pf-abu-dhabi-445,propertyfinder,https://www.propertyfinder.ae/en/plp/buy/apartment-for-sale-abu-dhabi-al-shamkha-reeman-living-107297270.html,Great Price | Brand New | Smart Investment,1070000,AED,sale,apartment,2,2,792,Al Shamkha,abu-dhabi,Abu Dhabi,"Abu Dhabi, Al Shamkha",24.40228843688965,54.67921447753906,2026-06-25T11:48:24Z,"Deals Experts Real Estate proudly presents this modern 2-bedroom apartment in Reeman Living, Al Reeman 1, Al Shamkha, Abu Dhabi, offered for sale at AED 1,070,000.

This apartment represents an excellent opportunity to own a home in one of Abu Dhabi’s most promising residential communities. Designed with contemporary architecture and practical living spaces, Reeman Living offers a modern lifestyle"
pf-abu-dhabi-446,propertyfinder,https://www.propertyfinder.ae/en/plp/buy/apartment-for-sale-abu-dhabi-al-shamkha-reeman-living-106419896.html,Elegant Location | High ROI | Family Living,1600000,AED,sale,apartment,3,2,1161,Al Shamkha,abu-dhabi,Abu Dhabi,"Abu Dhabi, Al Shamkha",24.40228843688965,54.67921447753906,2026-06-23T12:47:24Z,"Deals Experts Real Estate proudly presents this exceptional 3-bedroom apartment in Reeman Living, a contemporary residential community offering modern living, convenience, and outstanding value in one of Abu Dhabi’s rapidly developing areas.

Priced at just AED 1,600,000, this apartment is an excellent opportunity for families seeking a spacious home or investors looking to secure a property in a "
pf-abu-dhabi-447,propertyfinder,https://www.propertyfinder.ae/en/plp/buy/apartment-for-sale-abu-dhabi-al-reem-island-shams-abu-dhabi-oceanscape-117695635.html,Ready to Move | Spacious 1BR | Prime Location,1500000,AED,sale,apartment,1,2,1190,Al Reem Island,abu-dhabi,Abu Dhabi,"Abu Dhabi, Al Reem Island, Shams Abu Dhabi",24.507484436035156,54.4053840637207,2026-07-18T06:14:04Z,"Banke International Properties is pleased to present this stylish 1-bedroom apartment in Oceanscape, Located in Al Reem Island, Abu Dhabi, offering a perfect combination of comfort, modern living, and a vibrant waterfront lifestyle.

This well-maintained unit features a bright and spacious layout, complemented by large windows that invite natural light and offer relaxing views. Ideal for both end-"
pf-abu-dhabi-448,propertyfinder,https://www.propertyfinder.ae/en/plp/buy/apartment-for-sale-abu-dhabi-al-raha-beach-al-bandar-al-naseem-residences-a-113716732.html,Sea View | Fully Furnished | Direct Beach Access,2700000,AED,sale,apartment,2,3,1519,Al Raha Beach,abu-dhabi,Abu Dhabi,"Abu Dhabi, Al Raha Beach, Al Bandar",24.45060157775879,54.60020065307617,2026-07-09T10:45:49Z,"Enjoy waterfront living in this fully furnished apartment at Al Naseem Residence A, Al Raha Beach. Featuring stunning sea views and a private balcony, this home offers the perfect blend of luxury, comfort, and convenience.

Property Features:
-Fully furnished
-Panoramic sea views
-Private balcony
-Spacious living and dining area
-Modern kitchen

Community Amenities:
-Swimming pools and gymnasium
-"
pf-abu-dhabi-449,propertyfinder,https://www.propertyfinder.ae/en/plp/buy/apartment-for-sale-abu-dhabi-al-raha-beach-al-raha-lofts-116365142.html,Hot Deal | Duplex Unit | Available Now,1700000,AED,sale,apartment,2,3,1280,Al Raha Beach,abu-dhabi,Abu Dhabi,"Abu Dhabi, Al Raha Beach",24.449399948120117,54.60858154296875,2026-07-15T09:57:11Z,"Huspy is delighted to present you with this 2 bedroom apartment in the sought-after Al Raha Lofts community, Abu Dhabi. 

Apartment Specs:
- Unfurnished duplex 
- 3 bathrooms
- Community view 
- 1 designated parking space
- Balcony for outdoor relaxation

Step into a spacious living area featuring modern finishes and abundant natural light, perfect for creating a cozy atmosphere. The open-plan lay"
pf-abu-dhabi-450,propertyfinder,https://www.propertyfinder.ae/en/plp/buy/apartment-for-sale-abu-dhabi-al-reem-island-city-of-lights-radiant-square-118572524.html,Spacious 3BR Apartment with Maid Room High Floor,2750000,AED,sale,apartment,3,4,1594,Al Reem Island,abu-dhabi,Abu Dhabi,"Abu Dhabi, Al Reem Island, City Of Lights",24.496952056884766,54.40435791015625,2026-07-20T07:42:12Z,"Apartment for sale in Radiant Square Views 1 Al Reem Island

A spacious and well designed 3 bedroom apartment with a maid’s room located in Radiant Square, one of Al Reem Island’s most vibrant and modern residential destinations.

Situated on the 12th floor, this apartment offers a comfortable layout with a total area of 1,594 sqft, providing generous living spaces designed for modern family livin"
pf-abu-dhabi-451,propertyfinder,https://www.propertyfinder.ae/en/plp/buy/apartment-for-sale-abu-dhabi-al-shamkha-reeman-living-115490559.html,Hot Deal | Freehold 2BR Apartment | Handover Soon,1050000,AED,sale,apartment,2,2,785,Al Shamkha,abu-dhabi,Abu Dhabi,"Abu Dhabi, Al Shamkha",24.40228843688965,54.67921447753906,2026-07-13T13:21:33Z,"**Property Features :
* 2-Bedroom Apartment
* Spacious Living & Dining Hall
* Kitchen
* Balcony
* 2 Bathrooms
* Parking Space
* High-Quality Finishes

** Community Amenities :
• Fitness Centers
• Dedicated Running, Walking, And Cycling Tracks
• Elegant Open Seating Areas
• Community Rooms And Majlis
• Children's Play Areas
• Parks And Gardens
• Retail Outlets
• Restaurants
• Cafés


For More Infor"
pf-abu-dhabi-452,propertyfinder,https://www.propertyfinder.ae/en/plp/buy/apartment-for-sale-abu-dhabi-al-shamkha-reeman-living-105108887.html,Vacant | Community View | Invest Now,1650000,AED,sale,apartment,3,2,1138,Al Shamkha,abu-dhabi,Abu Dhabi,"Abu Dhabi, Al Shamkha",24.40228843688965,54.67921447753906,2026-06-20T07:44:18Z,"About Location:
Reeman Living, located in the dynamic Al Shamkha area of Abu Dhabi. This community is designed to provide a harmonious living environment, featuring beautifully landscaped gardens, extensive cycling and walking trails, modern sports facilities, top-tier educational institutions, and essential retail outlets, making it a prime choice for both investors and homeowners.

Unit Features"
pf-abu-dhabi-453,propertyfinder,https://www.propertyfinder.ae/en/plp/buy/apartment-for-sale-abu-dhabi-al-raha-beach-al-seef-lamar-residences-112304306.html,Huge Apt | Lowest Price per Sq Ft |Zero Commission,1450000,AED,sale,apartment,1,2,877,Al Raha Beach,abu-dhabi,Abu Dhabi,"Abu Dhabi, Al Raha Beach, Al Seef",24.44552230834961,54.58394241333008,2026-07-06T12:14:31Z,"Own a Home in One of Abu Dhabi's Most Sought-After Waterfront Communities – Direct Deal | Zero Commission

Exclusively presented by Benchmark Brokers Real Estate, this beautifully designed 1-bedroom residence at Lamar Residences, Al Raha Beach offers the perfect blend of contemporary style and serene waterfront living. Enjoy elegant interiors, premium finishes, and a prime beachfront location in o"
pf-abu-dhabi-454,propertyfinder,https://www.propertyfinder.ae/en/plp/buy/apartment-for-sale-abu-dhabi-al-reem-island-shams-abu-dhabi-the-gate-tower-1-116368738.html,High Floor 1BR | Fully Furnished | City View,1450000,AED,sale,apartment,1,2,968,Al Reem Island,abu-dhabi,Abu Dhabi,"Abu Dhabi, Al Reem Island, Shams Abu Dhabi",24.493261337280273,54.408843994140625,2026-07-15T10:48:54Z,"Apartment for sale in Gate Tower, Shams Abu Dhabi, Al Reem Island

A modern and spacious 1 bedroom apartment with 2 bathrooms located in the iconic Gate Towers, offering a premium lifestyle in one of Abu Dhabi’s most sought after residential communities.

This high floor unit spans 968 sqft and features a bright open plan living and dining area with large windows that allow plenty of natural light"
pf-abu-dhabi-455,propertyfinder,https://www.propertyfinder.ae/en/plp/buy/apartment-for-sale-abu-dhabi-al-reem-island-marina-square-ocean-terrace-116797892.html,Rented | Contemporary 1BR | Elite Facilities,1380000,AED,sale,apartment,1,2,969,Al Reem Island,abu-dhabi,Abu Dhabi,"Abu Dhabi, Al Reem Island, Marina Square",24.49281883239746,54.392730712890625,2026-07-16T05:57:15Z,"Own this refined 1BR furnished residence on Al Reem Island, crafted for those who value comfort and modern style. Its interiors blend elegance with practical flow. Fully furnished spaces enhance convenience and daily ease. A lifestyle enriched by serenity, accessibility, and urban waterfront living unfolds here.

Key Features:

• Well maintained furnished
• Bright open-plan living area with a kitc"
pf-abu-dhabi-456,propertyfinder,https://www.propertyfinder.ae/en/plp/buy/apartment-for-sale-abu-dhabi-al-raha-beach-al-seef-lamar-residences-107731314.html,"Lowest Price|1,426 sqft| Waterfront| 0% Commission",2064000,AED,sale,apartment,2,3,1426,Al Raha Beach,abu-dhabi,Abu Dhabi,"Abu Dhabi, Al Raha Beach, Al Seef",24.44552230834961,54.58394241333008,2026-06-26T08:19:07Z,"Premium 2BR Waterfront Home | No Commission | Direct Deal | Al Raha Beach
A Unique Waterfront Opportunity - Direct Deal, No Commission. 
This expansive 2-bedroom residence at Lamar Residences, Al Raha Beach, presented exclusively by Benchmark Brokers Real Estate, offers an unparalleled blend of space, refinement, and peace – right on the water's edge. 

Property Highlights

2 Bedrooms | 3 Bathroom"
pf-abu-dhabi-457,propertyfinder,https://www.propertyfinder.ae/en/plp/buy/apartment-for-sale-abu-dhabi-al-reem-island-marina-square-burooj-views-118590799.html,Modern Living| Signature Deal| Canal and City View,1200000,AED,sale,apartment,1,2,860,Al Reem Island,abu-dhabi,Abu Dhabi,"Abu Dhabi, Al Reem Island, Marina Square",24.49236488342285,54.39411544799805,2026-07-20T11:41:41Z,"Burooj Views is a prestigious 45-storey residential tower developed by Burooj Properties, located in the heart of Marina Square, Al Reem Island, Abu Dhabi. The tower offers a selection of 1 and 2-bedroom apartments and luxurious 4 and 5-bedroom penthouses, featuring spacious layouts, contemporary interiors, floor-to-ceiling windows, and panoramic views of the Arabian Gulf and Abu Dhabi skyline. As"
pf-abu-dhabi-458,propertyfinder,https://www.propertyfinder.ae/en/plp/buy/apartment-for-sale-abu-dhabi-al-raha-beach-al-seef-lamar-residences-110535083.html,1BHK+Balcony+laundry|Direct Deal|Zero Commission,1495000,AED,sale,apartment,1,2,938,Al Raha Beach,abu-dhabi,Abu Dhabi,"Abu Dhabi, Al Raha Beach, Al Seef",24.44552230834961,54.58394241333008,2026-07-02T15:08:27Z,"Own a spacious 1-bedroom apartment with a balcony in the prestigious Lamar Residences, offering modern waterfront living in one of Abu Dhabi's most sought-after communities. This is a direct deal with zero commission, making it an exceptional opportunity for both end-users and investors. Lamar Residences is a ready-to-move-in freehold waterfront development at Al Raha Beach with premium lifestyle "
pf-abu-dhabi-459,propertyfinder,https://www.propertyfinder.ae/en/plp/buy/apartment-for-sale-abu-dhabi-al-raha-beach-al-seef-lamar-residences-110534878.html,Spacious2BR +Study|Zero Commission|Direct Deal,2233000,AED,sale,apartment,2,3,1426,Al Raha Beach,abu-dhabi,Abu Dhabi,"Abu Dhabi, Al Raha Beach, Al Seef",24.44552230834961,54.58394241333008,2026-07-02T15:02:43Z,"Experience exceptional waterfront living in this spacious 2-bedroom apartment with a study room at Lamar Residences. Offering a generous layout, premium finishes, and a prime location, this home is ideal for families, professionals, or investors looking for long-term value. Available as a direct deal with zero commission, this is an outstanding opportunity to own a premium residence. 

Property De"
pf-abu-dhabi-460,propertyfinder,https://www.propertyfinder.ae/en/plp/buy/apartment-for-sale-abu-dhabi-al-reem-island-najmat-abu-dhabi-marafid-tower-110533766.html,Zero Commission | Spacious 1BR | Prime Location,1716713,AED,sale,apartment,1,2,1206,Al Reem Island,abu-dhabi,Abu Dhabi,"Abu Dhabi, Al Reem Island, Najmat Abu Dhabi",24.483610153198242,54.40634536743164,2026-07-02T14:28:49Z,"Own a spacious 1-bedroom apartment in Marafid Tower, Al Reem Island, offering a generous layout, modern finishes, and a peaceful community view. With its prime location and excellent amenities, this property is an ideal choice for homeowners and investors seeking exceptional value in one of Abu Dhabi's most vibrant communities. 
Property Details:
1 Bedroom
Community View
Size: 1,206 Sq. Ft. 
Selli"
pf-abu-dhabi-461,propertyfinder,https://www.propertyfinder.ae/en/plp/buy/apartment-for-sale-abu-dhabi-al-reem-island-city-of-lights-radiant-square-115936201.html,3BHK+maid | Fully upgraded | Huge size,2850000,AED,sale,apartment,3,4,1540,Al Reem Island,abu-dhabi,Abu Dhabi,"Abu Dhabi, Al Reem Island, City Of Lights",24.496952056884766,54.40435791015625,2026-07-14T13:34:00Z,"History Property proudly presents this 3-bedroom Apartment in Abu Dhabi, located within the well-established Radiant Square community.

This property offers a practical and well-designed layout, ideal for investors and end-users seeking comfort and convenience in a prime location.

With a total size of 1540 sqft, this property offers a balanced living environment within the building.

The property"
pf-abu-dhabi-462,propertyfinder,https://www.propertyfinder.ae/en/plp/buy/apartment-for-sale-abu-dhabi-al-reem-island-city-of-lights-radiant-square-115934212.html,Spacious 2 BHK | Prime Location | High ROI,1600000,AED,sale,apartment,2,2,924,Al Reem Island,abu-dhabi,Abu Dhabi,"Abu Dhabi, Al Reem Island, City Of Lights",24.496952056884766,54.40435791015625,2026-07-14T13:04:56Z,"History Property proudly presents this 2-bedroom Apartment in Abu Dhabi, located within the well-established Al Reem Island community.

This property offers a practical and well-designed layout, ideal for investors and end-users seeking comfort and convenience in a prime location.

With a total size of 924 sqft, this property offers a balanced living environment within the building.

The property "
pf-abu-dhabi-463,propertyfinder,https://www.propertyfinder.ae/en/plp/buy/apartment-for-sale-abu-dhabi-al-reem-island-shams-abu-dhabi-oceanscape-101282515.html,Semi-Furnished|Great Views|Prime Area|Best Living,1500000,AED,sale,apartment,1,2,920,Al Reem Island,abu-dhabi,Abu Dhabi,"Abu Dhabi, Al Reem Island, Shams Abu Dhabi",24.507484436035156,54.4053840637207,2026-06-11T11:53:34Z,"Own this well- maintained 1-bedroom residence at Oceanscape, Al Reem Island. Embrace stunning views in a dynamic setting where waterfront living meets urban convenience. Oceanscape presents distinctive homes in Abu Dhabi, perched above stylish retail spaces and framed by lush gardens and thoughtfully designed landscapes that elevate the area’s allure.

Features:

•	Central Air Conditioning
•	Brigh"
pf-abu-dhabi-464,propertyfinder,https://www.propertyfinder.ae/en/plp/buy/apartment-for-sale-abu-dhabi-al-reem-island-marina-square-marina-heights-2-104238597.html,Fully Furnished | Middle Floor | Hot Deal !!!,1800000,AED,sale,apartment,2,3,1173,Al Reem Island,abu-dhabi,Abu Dhabi,"Abu Dhabi, Al Reem Island, Marina Square",24.491737365722656,54.394874572753906,2026-06-18T09:07:21Z,"Marina Heights 2 by Tamouh Investments represents a benchmark in Abu Dhabi's residential development.
A commitment to quality, design, and sustainable community living.

This 2-bedroom apartment offers comfortable living within one of Al Reem Island’s most established waterfront residential areas.



>> Apartment Features:

-2 spacious bedrooms
-Bright living and dining area
-3 Bathrooms
- Area Si"
pf-abu-dhabi-465,propertyfinder,https://www.propertyfinder.ae/en/plp/buy/apartment-for-sale-abu-dhabi-al-raha-beach-al-raha-lofts-2PkwzaHGGMS.html,Canal View| Neat and Cozy Home| Ideal Community,1750000,AED,sale,apartment,2,2,1025,Al Raha Beach,abu-dhabi,Abu Dhabi,"Abu Dhabi, Al Raha Beach",24.449399948120117,54.60858154296875,2026-02-27T06:58:03Z,"Al Raha Lofts blends modern design with tranquil canal views, offering chic lofts and apartments featuring open layouts, large windows, and private balconies filled with light and fresh air.

To find out more! Please contact us today to discuss and arrange your viewing of this wonderful property with one of our motivated experienced sales team and property consultants.

Unit Features:
Spacious Liv"
pf-abu-dhabi-466,propertyfinder,https://www.propertyfinder.ae/en/plp/buy/apartment-for-sale-abu-dhabi-al-reem-island-city-of-lights-radiant-viewz-towers-105977431.html,Canal View | High Floor | Prime Investment,1399999,AED,sale,apartment,1,2,857,Al Reem Island,abu-dhabi,Abu Dhabi,"Abu Dhabi, Al Reem Island, City Of Lights",24.49734115600586,54.40439224243164,2026-06-22T12:12:39Z,"Canal View | High Floor | Prime Investment Opportunity | Radiant Viewz 2
Own a premium high-floor apartment with stunning canal views in Radiant Viewz 2, part of the landmark Radiant Square development in the heart of City of Lights, Al Reem Island. Combining modern design, exceptional amenities, and a strategic location, this residence is ideal for both end-users and investors seeking strong retu"
pf-abu-dhabi-467,propertyfinder,https://www.propertyfinder.ae/en/plp/buy/apartment-for-sale-abu-dhabi-al-shamkha-reeman-living-109027336.html,Perfect Investment | Unique 2 BR Apartment,1150000,AED,sale,apartment,2,2,792,Al Shamkha,abu-dhabi,Abu Dhabi,"Abu Dhabi, Al Shamkha",24.40228843688965,54.67921447753906,2026-06-29T06:55:40Z,"Modern 2-bedroom apartment located in Reeman Living by Aldar, a standout community in Al Shamkha, Abu Dhabi. 

This residence reflects cutting-edge design and top-tier construction, delivering an elevated lifestyle defined by elegance, efficiency, and urban sophistication. 

Apartment Features:
• Excellent Finishes
• Open-Plan Living And Dining Area
• Open-Kitchen with Cabinets
• 2 Bedroom
• Built"
pf-abu-dhabi-468,propertyfinder,https://www.propertyfinder.ae/en/plp/buy/apartment-for-sale-abu-dhabi-al-reem-island-city-of-lights-radiant-square-107740830.html,FURNISHED 2BR | VACANT UNIT | PRIME AREA,1600000,AED,sale,apartment,2,2,910,Al Reem Island,abu-dhabi,Abu Dhabi,"Abu Dhabi, Al Reem Island, City Of Lights",24.496952056884766,54.40435791015625,2026-06-26T10:28:58Z,"KULM Exclusive Properties highly recommends this Beautiful Apartment with 2 Bedrooms, located in Abu Dhabi, Al Reem Island, City Of Lights, Radiant Boulevard. Book a Viewing Today!

Ready Details:
- Balcony
- Floor: High
- Furnished
- Built-up Area: 910 sqft
- View: Partial Canal
- Living and dining area
- Bedrooms: 2
- Bathrooms: 2
- Kitchen: Fitted
- Car parking space



Features And Amenities:
"
pf-abu-dhabi-469,propertyfinder,https://www.propertyfinder.ae/en/plp/buy/apartment-for-sale-abu-dhabi-al-reem-island-city-of-lights-radiant-square-113701982.html,Full sea view | High Floor | 2Br + Maid,2500000,AED,sale,apartment,2,3,1559,Al Reem Island,abu-dhabi,Abu Dhabi,"Abu Dhabi, Al Reem Island, City Of Lights",24.496952056884766,54.40435791015625,2026-07-09T08:14:53Z,"History Property proudly presents this 2-bedroom with Maid Apartment in Abu Dhabi, located within the well-established Al Reem Island community.

This property offers a practical and well-designed layout, ideal for investors and end-users seeking comfort and convenience in a prime location.

With a total size of 1559 sqft, this property offers a balanced living environment within the building.

Th"
pf-abu-dhabi-470,propertyfinder,https://www.propertyfinder.ae/en/plp/buy/apartment-for-sale-abu-dhabi-al-reem-island-shams-abu-dhabi-oceanscape-113265297.html,Sea and city view | High floor | spacious layout,1800000,AED,sale,apartment,2,3,1280,Al Reem Island,abu-dhabi,Abu Dhabi,"Abu Dhabi, Al Reem Island, Shams Abu Dhabi",24.507484436035156,54.4053840637207,2026-07-08T11:31:57Z,"History Property proudly presents this 2-bedroom Apartment in Abu Dhabi, located within the well-established Al Reem Island community.

This property offers a practical and well-designed layout, ideal for investors and end-users seeking comfort and convenience in a prime location.

With a total size of 1280 sqft, this property offers a balanced living environment within the building.

The property"
pf-abu-dhabi-471,propertyfinder,https://www.propertyfinder.ae/en/plp/buy/apartment-for-sale-abu-dhabi-al-raha-beach-al-seef-lamar-residences-115499369.html,REMARKABLE 2BR W/ 2 TERRACES | ELEGANT LAYOUT,2500000,AED,sale,apartment,2,2,1520,Al Raha Beach,abu-dhabi,Abu Dhabi,"Abu Dhabi, Al Raha Beach, Al Seef",24.44552230834961,54.58394241333008,2026-07-13T17:39:03Z,"Experience the perfect harmony of nature and modernity in this stylish 2-bedroom residence at Lamar, Al Raha Beach. Thoughtfully designed to elevate everyday living, Lamar blends architectural elegance with a tranquil waterfront setting - creating a serene sanctuary where comfort, wellness, and sophistication converge.


Features:

• Glorious Living and Dining Area
• Fully-Fitted Kitchen with Cabi"
pf-abu-dhabi-472,propertyfinder,https://www.propertyfinder.ae/en/plp/buy/apartment-for-sale-abu-dhabi-al-raha-beach-al-seef-lamar-residences-77773989.html,Vacant And Ready|Spacious|Best Location,2070000,AED,sale,apartment,2,3,1390,Al Raha Beach,abu-dhabi,Abu Dhabi,"Abu Dhabi, Al Raha Beach, Al Seef",24.44552230834961,54.58394241333008,2026-04-17T05:49:27Z,"This Brand New Two Bedroom apartment is situated in one of the highly demanded locations in the capital. The apartment has a beautiful view of the Al Raha Beach and a glimpse of the Aldar Head Quarters. It has a good sized kitchen, and comfortably sized bathrooms. The spacious bedrooms are bright with floor to ceiling windows giving it great lighting.  

Amenities:  The communal pool, beach access"
pf-abu-dhabi-473,propertyfinder,https://www.propertyfinder.ae/en/plp/buy/apartment-for-sale-abu-dhabi-al-raha-beach-al-muneera-al-maha-100853082.html,Low Floor | Rented | Partial Sea View,2690000,AED,sale,apartment,2,3,1546,Al Raha Beach,abu-dhabi,Abu Dhabi,"Abu Dhabi, Al Raha Beach, Al Muneera",24.451480865478516,54.605350494384766,2026-06-10T12:55:22Z,"Al Raha Beach is a real estate development by Aldar Properties in the Al Raha area of Abu Dhabi, United Arab Emirates. Located on a beach along the highway to Dubai, neighboring Abu Dhabi International Airport, Khalifa City and Yas Island.

Unit Features :
Apartment 2BR
3 Bathrooms
1546 SQFT
Partial Sea View
Low Floor
Covered Car Parking
Fully Fitted Kitchen
Spacious Living / Dinning Area
Rented u"
pf-abu-dhabi-474,propertyfinder,https://www.propertyfinder.ae/en/plp/buy/apartment-for-sale-abu-dhabi-al-reem-island-shams-abu-dhabi-the-gate-tower-1-110045408.html,1BR+Study | High ROI | Prime Gate Towers,1300000,AED,sale,apartment,1,2,943,Al Reem Island,abu-dhabi,Abu Dhabi,"Abu Dhabi, Al Reem Island, Shams Abu Dhabi",24.493261337280273,54.408843994140625,2026-07-01T10:12:39Z,"History Property proudly presents this exceptional 1-bedroom apartment with a dedicated study room in The Gate Towers, one of the most prestigious residential landmarks on Al Reem Island.

This thoughtfully designed residence offers a spacious and functional layout, combining modern elegance with everyday practicality. The additional study room provides the flexibility to create a home office, gue"
pf-abu-dhabi-475,propertyfinder,https://www.propertyfinder.ae/en/plp/buy/apartment-for-sale-abu-dhabi-al-reem-island-najmat-abu-dhabi-marina-bay-by-damac-106858340.html,High Floor | Sea View | Ready to move in,1150000,AED,sale,apartment,1,2,1001,Al Reem Island,abu-dhabi,Abu Dhabi,"Abu Dhabi, Al Reem Island, Najmat Abu Dhabi",24.48465347290039,54.404136657714844,2026-06-24T12:42:04Z,"La Maison Real Estate is pleased to present this 1-bedroom apartment for sale in Marina Bay by DAMAC, offering a high-floor location, stunning sea views, and views of Reem Mall, making it an excellent choice for both homeowners and investors.

Property Features:
1 Bedroom
High Floor
Sea View
Reem Mall View
Ready to Move In
Spacious Living and Dining Area
Modern Open Kitchen
Built-in Wardrobes
Qual"
pf-abu-dhabi-476,propertyfinder,https://www.propertyfinder.ae/en/plp/buy/apartment-for-sale-abu-dhabi-al-reem-island-marina-square-tala-tower-118575521.html,Exclusive Deal | Dashing Community | 2BR+Balcony,2170000,AED,sale,apartment,2,3,1503,Al Reem Island,abu-dhabi,Abu Dhabi,"Abu Dhabi, Al Reem Island, Marina Square",24.491762161254883,54.392704010009766,2026-07-20T08:27:27Z,"Tala Tower is a prestigious 49-storey residential tower developed by Aldar Properties, located in the sought-after Marina Square community on Al Reem Island, Abu Dhabi. Completed in 2011, the tower comprises approximately 375 residential units, offering spacious 1, 2, and 3-bedroom apartments with contemporary interiors, smart home features, floor-to-ceiling windows, and private balconies overlook"
pf-abu-dhabi-477,propertyfinder,https://www.propertyfinder.ae/en/plp/buy/apartment-for-sale-abu-dhabi-al-reem-island-marina-square-burooj-views-107281598.html,Fully Furnished | Canal View | Balcony,1250000,AED,sale,apartment,1,2,861,Al Reem Island,abu-dhabi,Abu Dhabi,"Abu Dhabi, Al Reem Island, Marina Square",24.49236488342285,54.39411544799805,2026-06-25T08:31:30Z,"About Location:
Burooj View is located in Marina Square, a mixed development on the western coast of Al Reem Island consisting of residential and commercial components, separated from the main Abu Dhabi Island by a relatively narrow channel of water. The scheme overlooks Abu Dhabi Mall and the former Navy Site.

Unit Features:
 Spacious Living\Dining Area
 Modern Kitchen
 En suite Bedroom
 Built-i"
pf-abu-dhabi-478,propertyfinder,https://www.propertyfinder.ae/en/plp/buy/apartment-for-sale-abu-dhabi-al-reem-island-shams-abu-dhabi-the-gate-tower-3-92708132.html,City View | Modern Layout | Premium Location,1200000,AED,sale,apartment,1,1,680,Al Reem Island,abu-dhabi,Abu Dhabi,"Abu Dhabi, Al Reem Island, Shams Abu Dhabi",24.49410057067871,54.4074821472168,2026-05-22T10:37:11Z,"Deals Experts Real Estate presents an excellent investment opportunity in The Gate Tower 3, Shams Gate District, Al Reem Island — a highly demanded address known for its iconic architecture, prime location, and vibrant lifestyle.

This 1-bedroom apartment, offered for SALE at AED 1,200,000, features a bright and modern layout with floor-to-ceiling windows showcasing a stunning city view. The unit "
pf-abu-dhabi-479,propertyfinder,https://www.propertyfinder.ae/en/plp/buy/apartment-for-sale-abu-dhabi-al-reem-island-city-of-lights-radiant-square-106859485.html,Spacious 2BD+Maid | High Floor | Canal View,2500000,AED,sale,apartment,2,4,1559,Al Reem Island,abu-dhabi,Abu Dhabi,"Abu Dhabi, Al Reem Island, City Of Lights",24.496952056884766,54.40435791015625,2026-06-24T12:55:23Z,"Radiant Square is a distinctive building in the heart of Al Reem Island, opposite of Shams Boutique market and a spacious boulevard, and a good choice for large families. Radiant Square is an innovative multi-tower mixed-use development located in Reem Island, developed by Radiant Enterprises Real Estate Company. Comprising of five towers, Radiant Square is designed to meet the diverse needs of it"
pf-abu-dhabi-480,propertyfinder,https://www.propertyfinder.ae/en/plp/buy/apartment-for-sale-abu-dhabi-al-ghadeer-al-ghadeer-2-93149600.html,Exclusive Unit I Cozy Living I Great Community,1350000,AED,sale,apartment,2,2,1056,Al Ghadeer,abu-dhabi,Abu Dhabi,"Abu Dhabi, Al Ghadeer",24.838090896606445,55.01758575439453,2026-05-23T11:54:04Z,"Aldar Properties proudly presents this well-designed  apartment located in Al Ghadeer Phase 2, a peaceful and self-sustained community strategically positioned between Abu Dhabi and Dubai. This apartment offers a balanced lifestyle, combining comfort, affordability, and convenient access to key business and leisure destinations. 

Community Amenities & Facilities
Gated community with 24/7 security"
pf-abu-dhabi-481,propertyfinder,https://www.propertyfinder.ae/en/plp/buy/apartment-for-sale-abu-dhabi-al-reem-island-marina-square-ocean-terrace-110982755.html,√ Furnished! High Level and VACANT | Exclusive √,1290000,AED,sale,apartment,1,2,883,Al Reem Island,abu-dhabi,Abu Dhabi,"Abu Dhabi, Al Reem Island, Marina Square",24.49281883239746,54.392730712890625,2026-07-03T13:57:41Z,"√ Furnished! High Level and VACANT | Exclusive √

This high-floor apartment offers stunning sky line views and comes fully furnished. Located on Reem Island, it’s the perfect opportunity to move into a ready-to-live-in home with both comfort and convenience.

Apartment Features:

- Living and dining area
- Kitchen with built-in cupboards
- Spacious and ensuite bedroom
- Bathroom and powder room
- "
pf-abu-dhabi-482,propertyfinder,https://www.propertyfinder.ae/en/plp/buy/apartment-for-sale-abu-dhabi-saadiyat-island-saadiyat-beach-saadiyat-beach-residences-75781430.html,HOT DEAL | Cheapest 3BR | Saadiyat Beach Residence,3499999,AED,sale,apartment,3,4,2164,Saadiyat Island,abu-dhabi,Abu Dhabi,"Abu Dhabi, Saadiyat Island, Saadiyat Beach",24.55066680908203,54.452701568603516,2026-04-12T09:45:11Z,"Experience premium island living in this spacious 3-bedroom apartment in Saadiyat Beach Residences. Offering 2,164 SQFT (201 SQM) of well-designed living space, this vacant home features 3 bedrooms, 4 bathrooms, a bright living and dining area, built-in wardrobes, a private balcony, and pleasant park and community views. Ready for immediate occupancy, it presents an excellent opportunity for both "
pf-abu-dhabi-483,propertyfinder,https://www.propertyfinder.ae/en/plp/buy/apartment-for-sale-abu-dhabi-al-reem-island-najmat-abu-dhabi-marafid-tower-114152999.html,Elegant 1BR | Great Investment Opportunity,1744129,AED,sale,apartment,1,2,1157,Al Reem Island,abu-dhabi,Abu Dhabi,"Abu Dhabi, Al Reem Island, Najmat Abu Dhabi",24.483610153198242,54.40634536743164,2026-07-10T07:49:34Z,"Renaissance Real Estate is proud to present this exceptional 1-bedroom apartment in Marafid Tower, Al Reem Island, offering contemporary design, premium finishes, and an outstanding waterfront lifestyle. Whether you're looking for your next home or a high-return investment, this property is an excellent opportunity in one of Abu Dhabi's most desirable communities.

Property Features:
Spacious 1 Be"
pf-abu-dhabi-484,propertyfinder,https://www.propertyfinder.ae/en/plp/buy/apartment-for-sale-abu-dhabi-al-reem-island-najmat-abu-dhabi-marafid-tower-108615935.html,Premium Upgraded Homes at Najmat - No Commission,2542000,AED,sale,apartment,2,4,1539,Al Reem Island,abu-dhabi,Abu Dhabi,"Abu Dhabi, Al Reem Island, Najmat Abu Dhabi",24.483610153198242,54.40634536743164,2026-06-28T17:34:48Z,"Discover premium upgraded furnished apartments at Marafid Tower, Najmat, Reem Island. Enjoy spacious freehold units with luxury renovations in common areas, stunning views of the water, mangroves, and Reem Island, plus convenient access to schools, colleges, hospitals, and shopping destinations. Call today—No Commission! Let us help you find your dream home hassle-free.

Property Features:
• 2 Bed"
pf-abu-dhabi-485,propertyfinder,https://www.propertyfinder.ae/en/plp/buy/apartment-for-sale-abu-dhabi-al-reem-island-city-of-lights-radiant-square-101694368.html,Canal View 2Br |Balcony |Hot Deal |Good Investment,1700000,AED,sale,apartment,2,2,930,Al Reem Island,abu-dhabi,Abu Dhabi,"Abu Dhabi, Al Reem Island, City Of Lights",24.496952056884766,54.40435791015625,2026-06-12T07:24:42Z,"Radiant Boulevard is a modern residential development designed to offer contemporary living with stylish architecture, premium finishes, and excellent community facilities. The project provides residents with a comfortable lifestyle and strong investment potential in one of Abu Dhabi’s most sought-after residential destinations.
Located in Al Reem Island, the development enjoys excellent connectiv"
pf-abu-dhabi-486,propertyfinder,https://www.propertyfinder.ae/en/plp/buy/apartment-for-sale-abu-dhabi-al-reem-island-shams-abu-dhabi-the-gate-tower-1-76564105.html,Hot Deal | Flawless Condition | Rented W/High ROI,1250000,AED,sale,apartment,1,1,720,Al Reem Island,abu-dhabi,Abu Dhabi,"Abu Dhabi, Al Reem Island, Shams Abu Dhabi",24.493261337280273,54.408843994140625,2026-04-14T08:23:50Z,"Apartment for sale in The Gate Tower 1, Shams Abu Dhabi

Live in a beautifully designed 1-bedroom apartment on Al Reem Island,
right in the heart of Abu Dhabi. Take in breathtaking sea views and
enjoy modern architecture that enhances the city's skyline. Nestled
in one of the most desirable, well-established neighborhoods, this
home offers an exceptional lifestyle for you and your loved ones.

Apa"
pf-abu-dhabi-487,propertyfinder,https://www.propertyfinder.ae/en/plp/buy/apartment-for-sale-abu-dhabi-al-reem-island-julphar-residence-119037444.html,Vaccant | Beautiful Views | 2 Balconies,1895000,AED,sale,apartment,2,3,1432,Al Reem Island,abu-dhabi,Abu Dhabi,"Abu Dhabi, Al Reem Island",24.493257522583008,54.400508880615234,2026-07-21T10:51:29Z,"Size: 1432 sqft.
Vaccant
Apartment Features:- 
Bright Apartment Spacious 
Open Plan Living/Dining Room 
Fully
Full Seaview Apartments
Beautiful Terrace
Five Star Hotel Lobby
Pet Friendly
World Class Facilities and Amenities
Double Glazed Windows
Fully Equipped Gymnasium
Landscaped Gardens
Swimming Pools
Spa and Jacuzzi
Sauna and Steam Rooms
Secured Car Parks
Concierge
24 Hours Security and Mainten"
pf-abu-dhabi-488,propertyfinder,https://www.propertyfinder.ae/en/plp/buy/villa-for-sale-abu-dhabi-saadiyat-island-saadiyat-lagoons-116373654.html,Super-Hot Deal! | Exclusive 4BR+Maid | Prime Area,7599999,AED,sale,apartment,4,5,7749,Saadiyat Island,abu-dhabi,Abu Dhabi,"Abu Dhabi, Saadiyat Island",24.55137825012207,54.441139221191406,2026-07-15T11:56:59Z,"Saadiyat Lagoon Villas meet the highest standards of quality both in terms of construction and finish and fittings. They are in a serene environment. Best facilities and amenities are available in the project’s community and neighborhood. Saadiyat Beach Villas is regarded as Abu Dhabi premier address. 

Features:

- Villa 4BR+M
-Cozy Master Bedrooms
-Flexible Payments Plan
-Open-Plan Living + Dini"
pf-abu-dhabi-489,propertyfinder,https://www.propertyfinder.ae/en/plp/buy/villa-for-sale-abu-dhabi-saadiyat-island-saadiyat-lagoons-113242327.html,Luxurious Living | Selling At OP | Al Sidr,8200000,AED,sale,apartment,4,5,5005,Saadiyat Island,abu-dhabi,Abu Dhabi,"Abu Dhabi, Saadiyat Island",24.55137825012207,54.441139221191406,2026-07-08T05:40:10Z,"Saadiyat Lagoons, developed by Aldar Properties on the eastern side of Saadiyat Island in Abu Dhabi, is an upscale residential community centered around sustainable, nature‑focused living. The development offers a refined selection of 4‑, 5‑, and 6‑bedroom villas designed with generous layouts and environmentally conscious features. Surrounded by serene mangroves, Saadiyat Lagoons provides residen"
pf-abu-dhabi-490,propertyfinder,https://www.propertyfinder.ae/en/plp/buy/villa-for-sale-abu-dhabi-rabdan-seashore-118579672.html,Partial Water View | Near Beach | Prime Location,2400000,AED,sale,apartment,3,4,1892,Rabdan,abu-dhabi,Abu Dhabi,"Abu Dhabi, Rabdan",24.390899658203125,54.49740982055664,2026-07-20T09:15:49Z,"Louvre Real Estate presents this waterfront 3-bedroom villa in Seashore, Rabdan. Positioned close to the village entrance and exit, this home also enjoys a partial water view and is just a short stroll from the shoreline, offering a lifestyle that blends accessibility with tranquility.

Whether you're relaxing in the garden or enjoying the nearby waterfront, this residence delivers the space and s"
pf-abu-dhabi-491,propertyfinder,https://www.propertyfinder.ae/en/plp/buy/villa-for-sale-abu-dhabi-al-reef-al-reef-villas-arabian-style-71085320.html,Closed study I Shaded car park I Prime location,1550000,AED,sale,apartment,2,3,1262,Al Reef,abu-dhabi,Abu Dhabi,"Abu Dhabi, Al Reef, Al Reef Villas",24.458860397338867,54.670841217041016,2026-04-01T06:11:09Z,"View: Community View
Type: Double row
Size: 1262.62 sqft 


This perfect family home and located in the heart of the Arabian village, only few minutes' walk from the community center. Downstairs is a spacious living and dining room area with open kitchen concept and direct access to your private garden. Two bedrooms are located on the first floor, one with en-suite bathroom and one has a separate "
pf-abu-dhabi-492,propertyfinder,https://www.propertyfinder.ae/en/plp/buy/villa-for-sale-abu-dhabi-khalifa-city-zayed-city-khalifa-city-c-bloom-living-118590890.html,Bloom Cordoba | Corner Unit | Ready to Move In,6550000,AED,sale,apartment,5,6,6735,Khalifa City,abu-dhabi,Abu Dhabi,"Abu Dhabi, Khalifa City, Zayed City (Khalifa City C)",24.40033531188965,54.64225387573242,2026-07-20T11:43:42Z,"Inspired by the eternal elegance of the architecture of in the hills of southern Spain, where cultures from across the Mediterranean brought their innovation and sensibilities for millennia, the Mediterranean theme is fully expressed in every facet of the community and the well-designed homes along Cordoba’s graceful palm-lined avenues.

PROPERTY DETAILS:
- Spacious Living/Dining Area
- Modern Kit"
pf-abu-dhabi-493,propertyfinder,https://www.propertyfinder.ae/en/plp/buy/villa-for-sale-abu-dhabi-khalifa-city-zayed-city-khalifa-city-c-bloom-living-116827346.html,Bloom Cordoba | Brand New | Ready To Move In,7300000,AED,sale,apartment,6,7,8263,Khalifa City,abu-dhabi,Abu Dhabi,"Abu Dhabi, Khalifa City, Zayed City (Khalifa City C)",24.40033531188965,54.64225387573242,2026-07-16T13:50:23Z,"Inspired by the eternal elegance of the architecture of in the hills of southern Spain, where cultures from across the Mediterranean brought their innovation and sensibilities for millennia, the Mediterranean theme is fully expressed in every facet of the community and the well-designed homes along Cordoba’s graceful palm-lined avenues.

PROPERTY DETAILS:
- Spacious Living/Dining Area
- Modern Kit"
pf-abu-dhabi-494,propertyfinder,https://www.propertyfinder.ae/en/plp/buy/villa-for-sale-abu-dhabi-baniyas-baniyas-east-bawabat-al-sharq-116376009.html,Elegant 4BR+M | Generous Layout | Ideal Layout,3599999,AED,sale,apartment,4,5,5470,Baniyas,abu-dhabi,Abu Dhabi,"Abu Dhabi, Baniyas, Baniyas East",24.311141967773438,54.62177658081055,2026-07-15T12:29:40Z,"Discover this villa in Bawabat Al Sharq, offering a comfortable lifestyle in a well-established community. With convenient access to key destinations across Abu Dhabi, residents enjoy a peaceful environment while staying close to essential services such as schools, hospitals, and shopping centers. 

Property Features:

4BR Villa
Maid’s Room
Driver’s Room
Premium-quality finishes
Spacious living an"
pf-abu-dhabi-495,propertyfinder,https://www.propertyfinder.ae/en/plp/buy/villa-for-sale-abu-dhabi-al-shamkha-fay-alreeman-117256105.html,Single Row | Corner Unit | Mediterranean Style,5800000,AED,sale,apartment,6,7,11322,Al Shamkha,abu-dhabi,Abu Dhabi,"Abu Dhabi, Al Shamkha",24.404666900634766,54.68175506591797,2026-07-17T09:11:36Z,"Fay Al Reeman, developed by Aldar Properties, is a prestigious residential community in Al Shamkha, Abu Dhabi. It features customizable villas ranging from 4 to 6 bedrooms, equipped with modern amenities such as multipurpose sports courts, children's play areas, green spaces, and community retail outlets. Designed with sustainability at its core, the project adheres to the Estidama Pearl 2 classif"
pf-abu-dhabi-496,propertyfinder,https://www.propertyfinder.ae/en/plp/buy/villa-for-sale-abu-dhabi-baniyas-baniyas-east-bawabat-al-sharq-113270323.html,Single Row | Excellent Condition | G+2 Villa,5000000,AED,sale,apartment,4,5,5230,Baniyas,abu-dhabi,Abu Dhabi,"Abu Dhabi, Baniyas, Baniyas East",24.311141967773438,54.62177658081055,2026-07-08T12:22:05Z,"Baniyas Villas present well‑appointed, spacious residences designed to accommodate comfortable family living with generous interiors, private outdoor areas, and dedicated service spaces. Set within a calm suburban district of Abu Dhabi, the community offers convenient access to schools, retail centers, parks, and major transport routes, creating a practical and well‑connected residential environme"
pf-abu-dhabi-497,propertyfinder,https://www.propertyfinder.ae/en/plp/buy/villa-for-sale-abu-dhabi-al-shamkha-fay-alreeman-118576375.html,SINGLE ROW CORNER | Mediterranean STYLE| HUGE PLOT,5200000,AED,sale,apartment,5,8,8590,Al Shamkha,abu-dhabi,Abu Dhabi,"Abu Dhabi, Al Shamkha",24.404666900634766,54.68175506591797,2026-07-20T08:38:15Z,"Discover this exceptional 5-bedroom villa in Fay Al Reeman 1, Al Reeman 2, Al Shamkha, Abu Dhabi, offered for sale at AED 5,300,000. Situated on a premium single-row corner plot, this spacious villa offers enhanced privacy, open surroundings, and an ideal setting for modern family living.

Designed with comfort and functionality in mind, the property features 5 generously sized bedrooms, a dedicat"
pf-abu-dhabi-498,propertyfinder,https://www.propertyfinder.ae/en/plp/buy/villa-for-sale-abu-dhabi-al-shamkha-fay-alreeman-118148058.html,Brand New | Double Row | Elegant Design | Hot Deal,3950000,AED,sale,apartment,4,5,5489,Al Shamkha,abu-dhabi,Abu Dhabi,"Abu Dhabi, Al Shamkha",24.404666900634766,54.68175506591797,2026-07-19T13:16:25Z,"Masterpiece 4 BR Villa in Fay Al Reeman of Pure Luxury FOR Sale.


Discover refined family living in this spacious 4-bedroom villa located in the highly sought-after Fay Al Reeman, Al Shamkhah – Abu Dhabi.
Designed for modern Emirati living, this villa offers generous spaces, privacy, and long-term value in a fully integrated community.



>> Property Highlights:

- 4 Bedrooms
- 5 Bathrooms.
-buil"
pf-abu-dhabi-499,propertyfinder,https://www.propertyfinder.ae/en/plp/buy/villa-for-sale-abu-dhabi-al-reef-al-reef-villas-desert-style-118588525.html,Prime 5-BR Villa | Best For Living | For SALE !!!,2850000,AED,sale,apartment,5,6,2942,Al Reef,abu-dhabi,Abu Dhabi,"Abu Dhabi, Al Reef, Al Reef Villas",24.45367431640625,54.67158126831055,2026-07-20T11:10:29Z,"FOR SALE 5 Bedroom Villa Desert Style Al Reef Abu Dhabi

Property Overview
Type 5 Bedroom Villa
Style Desert Style
Location Al Reef Villas Abu Dhabi
Master Developer Manazel Real Estate
Status For Sale

About the Area
Established and highly popular freehold villa community in Abu Dhabi
Features traditional desert inspired architecture with clean sand tone finishes
Ideal environment for large famil"
pf-abu-dhabi-500,propertyfinder,https://www.propertyfinder.ae/en/plp/buy/villa-for-sale-abu-dhabi-al-shamkha-alreeman-118573071.html,Single Row | Move In Ready | Contemporary Elegance,4500000,AED,sale,apartment,6,7,5490,Al Shamkha,abu-dhabi,Abu Dhabi,"Abu Dhabi, Al Shamkha",24.401140213012695,54.68006134033203,2026-07-20T07:52:29Z,"Al Reeman Villas present a refined collection of contemporary, customizable residences within a master‑planned community in Al Shamkha, thoughtfully designed to accommodate sophisticated, family‑oriented living. With modern architectural standards, comprehensive community infrastructure, and strategic connectivity to major transport corridors and key destinations across Abu Dhabi, the development "
pf-abu-dhabi-501,propertyfinder,https://www.propertyfinder.ae/en/plp/buy/villa-for-sale-abu-dhabi-ghantoot-aljurf-al-jurf-gardens-al-jurf-gardens-phase-12-115466124.html,Vacant Unit |Corner Villa |Luxury 5BR |Huge Layout,8500000,AED,sale,apartment,5,7,17437,Ghantoot,abu-dhabi,Abu Dhabi,"Abu Dhabi, Ghantoot, AlJurf, Al Jurf Gardens",24.853548049926758,54.81339645385742,2026-07-13T08:04:24Z,"Metropolitan Capital Real Estate (MCRE) is delighted to present you this grand villa with 5 bedrooms for sale in Budoor, Al Jurf Gardens, Ghantoot.

Villa Features:
- Corner unit
- Plot area: 17,437 sq.ft
- Bedrooms: 5
- Bathrooms: 7
- Outdoor sitting place
- Living room | Dining room
- Open and fitted kitchen
- Walk-in closet | Built-in wardrobes
- Maid's room with bath
- Laundry area
- Storage s"
pf-abu-dhabi-502,propertyfinder,https://www.propertyfinder.ae/en/plp/buy/villa-for-sale-abu-dhabi-al-shamkha-fay-alreeman-88735958.html,Vacant|Fabulous 4BR|Stylish Layout|Calm Lifestyle,4200000,AED,sale,apartment,4,5,5490,Al Shamkha,abu-dhabi,Abu Dhabi,"Abu Dhabi, Al Shamkha",24.404666900634766,54.68175506591797,2026-05-13T07:36:43Z,"Own this stunning 4BR villa in Fay Al Reeman and enjoy a calm lifestyle. Located in a lively community, it’s close to Abu Dhabi International Airport and major roads, making it easy to travel. Surrounded by gardens, parks, and open spaces, the villa supports an active, outdoor lifestyle. With cycling paths and a mix of homes and shops, this neighborhood offers a welcoming atmosphere and a convenie"
pf-abu-dhabi-503,propertyfinder,https://www.propertyfinder.ae/en/plp/buy/villa-for-sale-abu-dhabi-al-shamkha-fay-alreeman-118594202.html,Double Row | Mediterranean | Premium Finishing,3750000,AED,sale,apartment,3,3,5489,Al Shamkha,abu-dhabi,Abu Dhabi,"Abu Dhabi, Al Shamkha",24.404666900634766,54.68175506591797,2026-07-20T12:28:20Z,"Masterpiece 3 BR Villa in Fay Al Reeman of Pure Luxury FOR Sale.


Discover refined family living in this spacious 3-bedroom villa located in the highly sought-after Fay Al Reeman, Al Shamkhah, Abu Dhabi.
Designed for modern Emirati living, this villa offers generous spaces, privacy, and long-term value in a fully integrated community.



>> Property Highlights:

- 3 Bedrooms
- 3 Bathrooms.
-built"
pf-abu-dhabi-504,propertyfinder,https://www.propertyfinder.ae/en/plp/buy/villa-for-sale-abu-dhabi-al-jubail-island-ain-al-maha-110524004.html,Magnificent Villa| V5 Select| Extended Garden,15500000,AED,sale,apartment,5,6,18207,Al Jubail Island,abu-dhabi,Abu Dhabi,"Abu Dhabi, Al Jubail Island",24.525314331054688,54.49432373046875,2026-07-02T12:12:45Z,"Surrounded by thousands of mangrove trees, picturesque estuaries and a sparkling waterfront, Al Jubail Island is home to six village communities that offer the best in residential estates.

The island is located in a protected natural environment and home to some of the most stunning and diverse wildlife and greenery.
Jubail Island is a neighborhood unlike any other located within a protected natu"
pf-abu-dhabi-505,propertyfinder,https://www.propertyfinder.ae/en/plp/buy/villa-for-sale-abu-dhabi-al-jubail-island-souk-al-jubail-112750157.html,Type V4 Executive | Premium Amenities | Prime Home,11500000,AED,sale,apartment,4,5,7820,Al Jubail Island,abu-dhabi,Abu Dhabi,"Abu Dhabi, Al Jubail Island",24.532920837402344,54.48407745361328,2026-07-07T11:16:35Z,"Move to this unit as one of your options as it will surely provide you with a magnificent lifestyle that you wont regret. In it, you are going to be provided with utmost comfort. 

Also you will get to enjoy features like: 
- Spacious Living/ Dining Area
- Modern Kitchen w/ Cabinets
- (1) Master Bedroom w/ Master Bathroom
- (3) Cozy Bedrooms
- Modern Bathrooms
- Powder Room
- Maids Room w/ Attache"
pf-abu-dhabi-506,propertyfinder,https://www.propertyfinder.ae/en/plp/buy/villa-for-sale-abu-dhabi-al-shamkha-alreeman-ii-114164626.html,Single Row | Freehold Villa | Move In Ready,4050000,AED,sale,apartment,5,6,5490,Al Shamkha,abu-dhabi,Abu Dhabi,"Abu Dhabi, Al Shamkha",24.39023780822754,54.67357635498047,2026-07-10T10:50:25Z,"Al Reeman Villas present a refined collection of contemporary, customizable residences within a master‑planned community in Al Shamkha, thoughtfully designed to accommodate sophisticated, family‑oriented living. With modern architectural standards, comprehensive community infrastructure, and strategic connectivity to major transport corridors and key destinations across Abu Dhabi, the development "
pf-abu-dhabi-507,propertyfinder,https://www.propertyfinder.ae/en/plp/buy/villa-for-sale-abu-dhabi-al-shamkha-fay-alreeman-115468017.html,Single Row Corner Villa | Fully Paid | Brand New !,5470000,AED,sale,apartment,6,8,5520,Al Shamkha,abu-dhabi,Abu Dhabi,"Abu Dhabi, Al Shamkha",24.404666900634766,54.68175506591797,2026-07-13T08:29:57Z,"Spacious 6-bedroom villa located in Fay Al Reeman 1, offering a modern layout and generous living spaces in a well-planned, family-friendly community. This villa is ideal for end-users seeking comfort, privacy, and long-term value in one of Abu Dhabi’s most in-demand residential developments.

Property Details:
• 6 Bedrooms
• 7 Bathrooms
• Spacious living and dining area
• Modern kitchen
• Maid’s "
pf-abu-dhabi-508,propertyfinder,https://www.propertyfinder.ae/en/plp/buy/villa-for-sale-abu-dhabi-al-shamkha-fay-alreeman-100389076.html,Corner Unit | 5BR Villa | Ideal Family Home,4800000,AED,sale,apartment,5,6,5130,Al Shamkha,abu-dhabi,Abu Dhabi,"Abu Dhabi, Al Shamkha",24.404666900634766,54.68175506591797,2026-06-09T07:48:00Z,"Discover exceptional family living in this spacious 5-bedroom corner villa located in the highly sought-after Fay Al Reeman community. Offering enhanced privacy, generous indoor and outdoor spaces, and contemporary design, this beautiful home is perfectly suited for families seeking comfort, functionality, and a vibrant community lifestyle.

As a corner unit, the villa benefits from additional out"
pf-abu-dhabi-509,propertyfinder,https://www.propertyfinder.ae/en/plp/buy/villa-for-sale-abu-dhabi-mohamed-bin-zayed-city-113695808.html,Prime Location | Corner Villa | Hot Price!,5800000,AED,sale,apartment,6,12,9999,Abu Dhabi,abu-dhabi,Abu Dhabi,Abu Dhabi,24.333309173583984,54.55467987060547,2026-07-09T05:53:11Z,"Spacious 6-Bedroom Villa for Sale | Mohammed Bin Zayed City | Abu Dhabi
Discover this exceptional 6-bedroom villa in the heart of Mohammed Bin Zayed City, offering an expansive built-up area of 9,999 sq. ft. Designed for large families seeking comfort, privacy, and convenience, this impressive home features generous living spaces and premium finishes throughout.

Property Features:
6 Spacious Bedr"
pf-abu-dhabi-510,propertyfinder,https://www.propertyfinder.ae/en/plp/buy/villa-for-sale-abu-dhabi-al-jubail-island-ain-al-maha-110529445.html,Partial Sea View | Corner Villa | Large Plot,9000000,AED,sale,apartment,4,6,9909,Al Jubail Island,abu-dhabi,Abu Dhabi,"Abu Dhabi, Al Jubail Island",24.525314331054688,54.49432373046875,2026-07-02T13:28:15Z,"Experience exceptional island living in this elegant 4-bedroom villa in the exclusive Ain Al Maha community, Jubail Island, where contemporary luxury meets tranquil natural surroundings. Positioned in a sought-after second-row waterfront location, this beautifully designed residence enjoys partial sea views, lush green surroundings, and a peaceful lifestyle in one of Abu Dhabi’s most desirable isl"
pf-abu-dhabi-511,propertyfinder,https://www.propertyfinder.ae/en/plp/buy/villa-for-sale-abu-dhabi-al-samha-manazel-al-reef-2-111404748.html,3Bedroom + MaidsRoom |Best Location |Available Now,1800000,AED,sale,apartment,3,4,1689,Al Samha,abu-dhabi,Abu Dhabi,"Abu Dhabi, Al Samha",24.668636322021484,54.76280212402344,2026-07-04T07:30:24Z,"Property Description
This 3 bedroom plus maidroom villa is available for sale in Al Reef 2, Manazil Al Samha, Abu Dhabi.   The property offers enhanced privacy and faces the community area. With an area size of 1668 square feet, the villa features a contemporary duplex design that includes a spacious living and dining area, a modern kitchen, and comfortable bedrooms. The corner position provides a"
pf-abu-dhabi-512,propertyfinder,https://www.propertyfinder.ae/en/plp/buy/villa-for-sale-abu-dhabi-al-jubail-island-seef-al-jubail-113728462.html,Near Community Center | Big Plot | Freehold,9000000,AED,sale,apartment,4,7,8395,Al Jubail Island,abu-dhabi,Abu Dhabi,"Abu Dhabi, Al Jubail Island",24.52754783630371,54.48816680908203,2026-07-09T13:22:11Z,"Own this exceptional villa in Seef Al Jubail, one of Jubail Island's most exclusive waterfront communities. Ideally located near the Community Center and set on a large plot, this elegant home offers generous indoor and outdoor living spaces, contemporary architecture, and an outstanding lifestyle for families seeking privacy, comfort, and long-term value.

Property Features:

Spacious Bedrooms wi"
pf-abu-dhabi-513,propertyfinder,https://www.propertyfinder.ae/en/plp/buy/villa-for-sale-abu-dhabi-saadiyat-island-saadiyat-reserve-the-dunes-117253526.html,Hot deal | 5 Bedroom Large Villa | Pool and Garden,13000000,AED,sale,apartment,5,10,10877,Saadiyat Island,abu-dhabi,Abu Dhabi,"Abu Dhabi, Saadiyat Island, Saadiyat Reserve",24.523595809936523,54.43989944458008,2026-07-17T08:32:34Z,"Brought to you by Driven Properties, 
This 5 Bedroom Villa is located in The Dunes, Saadiyat Reserve, Saadiyat Island.

Unit Details:

  * Ready To Move in
  * Standalone Villa
  * View: Community
  * Kitchen: Open and Fully Fitted
  * Bathrooms: 10
  * No. of Parking: 5
  * Total Area: 10877.00 square feet
  * Furnished: Fitted

Features:

  * Balcony
  * Cable-ready
  * Central air conditioning
"
pf-abu-dhabi-514,propertyfinder,https://www.propertyfinder.ae/en/plp/buy/villa-for-sale-abu-dhabi-al-shamkha-fay-alreeman-110499984.html,Double Row | Corner | Huge Plot | Hottest Deal !!,4800000,AED,sale,apartment,5,6,8117,Al Shamkha,abu-dhabi,Abu Dhabi,"Abu Dhabi, Al Shamkha",24.404666900634766,54.68175506591797,2026-07-02T07:26:40Z,"Masterpiece 5 BR Villa in Fay Al Reeman of Pure Luxury FOR Sale.


Discover refined family living in this spacious 5-bedroom villa located in the highly sought-after Fay Al Reeman, Al Shamkhah – Abu Dhabi.
Designed for modern Emirati living, this villa offers generous spaces, privacy, and long-term value in a fully integrated community.



>> Property Highlights:

- 5 Bedrooms
- 6 Bathrooms.
-Plot"
pf-abu-dhabi-515,propertyfinder,https://www.propertyfinder.ae/en/plp/buy/villa-for-sale-abu-dhabi-al-reef-al-reef-villas-contemporary-style-103260373.html,Single Row | Vacant 4BR+Maid+Garden | Al Reef,2695000,AED,sale,apartment,4,5,2858,Al Reef,abu-dhabi,Abu Dhabi,"Abu Dhabi, Al Reef, Al Reef Villas",24.45672035217285,54.67571258544922,2026-06-16T11:11:18Z,"Re/Max Smart Concept proudly presents this 4-bedroom villa for sale in Contemporary Style, Al Reef Villas, Al Reef, Abu Dhabi.

Designed for family living, this vacant single row 4-bedroom villa offers 2858 sqft BUA with a maid room, study room, 5 bathrooms, private garden, terrace, and parking. Its spacious layout and owner-occupied condition make it a strong choice for end users seeking privacy,"
pf-abu-dhabi-516,propertyfinder,https://www.propertyfinder.ae/en/plp/buy/villa-for-sale-abu-dhabi-al-shamkha-alreeman-105956674.html,Single Row | Move In Ready | Luxury Premium Finish,4500000,AED,sale,apartment,6,7,5490,Al Shamkha,abu-dhabi,Abu Dhabi,"Abu Dhabi, Al Shamkha",24.401140213012695,54.68006134033203,2026-06-22T08:11:10Z,"Al Reeman Villas present a refined collection of contemporary, customizable residences within a master‑planned community in Al Shamkha, thoughtfully designed to accommodate sophisticated, family‑oriented living. With modern architectural standards, comprehensive community infrastructure, and strategic connectivity to major transport corridors and key destinations across Abu Dhabi, the development "
pf-abu-dhabi-517,propertyfinder,https://www.propertyfinder.ae/en/plp/buy/villa-for-sale-abu-dhabi-saadiyat-island-saadiyat-lagoons-112730735.html,Single Row | High Ceiling | Warm Finishing,9600000,AED,sale,apartment,5,8,8904,Saadiyat Island,abu-dhabi,Abu Dhabi,"Abu Dhabi, Saadiyat Island",24.55137825012207,54.441139221191406,2026-07-07T06:18:15Z,"Experience the pinnacle of sophisticated living with this single-row 5-bedroom plus maid’s villa. Masterfully designed to harmonize with the surrounding mangrove forests, this home features extraordinarily high ceilings and a grand staircase that amplify the sense of space and light.

Villa Features:
Ground Floor
•	Living room
•	Majlis
•	2 Seperate dining rooms
•	Show & prep kitchen
•	Guest bedroo"
pf-abu-dhabi-518,propertyfinder,https://www.propertyfinder.ae/en/plp/buy/villa-for-sale-abu-dhabi-al-shamkha-fay-alreeman-116383310.html,Hot Deal| Single Row Corner | Ready For Mortgage,5800000,AED,sale,apartment,6,8,10979,Al Shamkha,abu-dhabi,Abu Dhabi,"Abu Dhabi, Al Shamkha",24.404666900634766,54.68175506591797,2026-07-15T14:29:53Z,"Experience premium family living in this spacious 6-bedroom villa in Fay Al Reeman 1, Al Shamkha. Positioned on a single row corner plot, this ready-to-move-in home offers exceptional privacy, generous outdoor space, and a modern layout—making it an outstanding opportunity for both end-users and investors.
Property Highlights6 Spacious BedroomsCorner UnitSingle Row for Maximum PrivacyReady to Move"
pf-abu-dhabi-519,propertyfinder,https://www.propertyfinder.ae/en/plp/buy/villa-for-sale-abu-dhabi-madinat-al-riyad-116370533.html,Massive 5BR+Maid Villa|Brand New|Ready to Move,5500000,AED,sale,apartment,5,8,11525,Abu Dhabi,abu-dhabi,Abu Dhabi,Abu Dhabi,24.346105575561523,54.745948791503906,2026-07-15T11:13:07Z,"Presenting an exceptional 5-bedroom villa that combines expansive living spaces, modern comfort, and outstanding family functionality. Spanning an impressive 11,525 sqft, this residence offers a rare opportunity to own a home designed for those who appreciate space, privacy, and flexibility. With generous interiors, multiple living areas, and premium community facilities, this villa provides the i"
pf-abu-dhabi-520,propertyfinder,https://www.propertyfinder.ae/en/plp/buy/villa-for-sale-abu-dhabi-rabdan-mangrove-village-114595571.html,Spacious 5BR Villa | Private Beach | No Commission,4999999,AED,sale,apartment,5,6,5890,Rabdan,abu-dhabi,Abu Dhabi,"Abu Dhabi, Rabdan",24.391826629638672,54.49300003051758,2026-07-11T06:42:16Z,"NOTE: NO COMMISSION

NOTE: NO ADMIN FEES

NOTE: READY TO MOVE

ES Real Estate is proud to present this elegant 5-bedroom villa located in Mangrove Village, Rabdan, Abu Dhabi.

Property Features:

* 5 spacious bedrooms with built-in wardrobes
* Bright and expansive living and dining areas
* Closed kitchen with ample storage and quality finishes
* Maid’s room and driver’s room
* Private garden and o"
pf-abu-dhabi-521,propertyfinder,https://www.propertyfinder.ae/en/plp/buy/villa-for-sale-abu-dhabi-rabdan-mangrove-village-113269367.html,Elegant 5BHK | Peaceful Living | Good Price,4899999,AED,sale,apartment,5,6,5670,Rabdan,abu-dhabi,Abu Dhabi,"Abu Dhabi, Rabdan",24.391826629638672,54.49300003051758,2026-07-08T12:11:40Z,"Designed to provide privacy and comfort, the community features spacious villas with practical layouts and elegant finishes, ideal for families seeking a tranquil lifestyle with excellent city connectivity. Mangrove Village combines natural beauty with modern convenience in one of Abu Dhabi’s most sought-after island locations.

PROPERTY FEATURES:

• Contemporary villa architecture with elegant de"
pf-abu-dhabi-522,propertyfinder,https://www.propertyfinder.ae/en/plp/buy/villa-for-sale-abu-dhabi-saadiyat-island-saadiyat-beach-saadiyat-beach-villas-113718512.html,Luxurious Villa | Pristine Condition | Landscaped,19000000,AED,sale,apartment,5,6,8232,Saadiyat Island,abu-dhabi,Abu Dhabi,"Abu Dhabi, Saadiyat Island, Saadiyat Beach",24.551273345947266,54.449562072753906,2026-07-09T11:08:56Z,"Saadiyat Beach Villas on Saadiyat Island is an exclusive residential community offering elegant island living within one of Abu Dhabi’s most prestigious coastal destinations. Surrounded by pristine beaches, lush landscapes, and world-class cultural landmarks, the community is designed for families seeking privacy, space, and a refined lifestyle close to premium leisure, dining, and retail experien"
pf-abu-dhabi-523,propertyfinder,https://www.propertyfinder.ae/en/plp/buy/villa-for-sale-abu-dhabi-saadiyat-island-saadiyat-lagoons-107318280.html,PRISTINE 5BR | SINGLE ROW CORNER | ELITE LIFESTYLE,10995000,AED,sale,apartment,5,7,8585,Saadiyat Island,abu-dhabi,Abu Dhabi,"Abu Dhabi, Saadiyat Island",24.55137825012207,54.441139221191406,2026-06-25T17:31:04Z,"Own this exquisite 5 BR villa and discover the splendor of Saadiyat Lagoons. This tranquil residential community is situated on Saadiyat Island, Abu Dhabi, where the epitome of luxury living coexists with the wonders of nature. Tucked between the vibrant Cultural Spine and the serene Eco Corniche, this oasis offers an ideal fusion of urban convenience and natural tranquility.

Features:

• Standar"
pf-abu-dhabi-524,propertyfinder,https://www.propertyfinder.ae/en/plp/buy/villa-for-sale-abu-dhabi-al-jubail-island-seef-al-jubail-114184200.html,Spacious | Elegant | Single‑row | Island Lifestyle,14999999,AED,sale,apartment,5,8,6243,Al Jubail Island,abu-dhabi,Abu Dhabi,"Abu Dhabi, Al Jubail Island",24.52754783630371,54.48816680908203,2026-07-10T18:18:13Z,"Modern 5BR Villa  Vacant  Jubail Island
Presented by ITW Properties
About ITW Properties
ITW Properties is a trusted real estate brokerage in Abu Dhabi, known for professionalism, transparency, and strong market expertise. We guide clients with care and deliver tailored solutions to help them find the perfect home or investment.

Property Details
Area: Jubail Island
Project: TBC
Type: Villa
Bedroo"
pf-abu-dhabi-525,propertyfinder,https://www.propertyfinder.ae/en/plp/buy/villa-for-sale-abu-dhabi-rabdan-mangrove-village-113263923.html,Zero Commission | Beach Community Lifestyle,5000000,AED,sale,apartment,5,6,4579,Rabdan,abu-dhabi,Abu Dhabi,"Abu Dhabi, Rabdan",24.391826629638672,54.49300003051758,2026-07-08T11:18:28Z,"Discover an exceptional lifestyle opportunity in Mangrove Village, one of Abu Dhabi’s most established and sought-after waterfront communities. This elegant 5-bedroom villa offers spacious interiors, modern design, and private outdoor living areas that perfectly accommodate family life.

Villa Highlights:

• Five Large En-Suite Bedrooms
• Spacious Family Living Area
• Formal Majlis
• Modern Open K"
pf-abu-dhabi-526,propertyfinder,https://www.propertyfinder.ae/en/plp/buy/villa-for-sale-abu-dhabi-mohamed-bin-zayed-city-mohamed-bin-zayed-city-villas-112311205.html,7BR Single Row | Prime Finishing | Negotiable!!!,8800000,AED,sale,apartment,7,9,14798,Mohamed Bin Zayed City,abu-dhabi,Abu Dhabi,"Abu Dhabi, Mohamed Bin Zayed City",24.33371925354004,54.55443572998047,2026-07-06T13:55:45Z,"Discover the perfect family home in Mohammed Bin Zayed City, a well-established community known for its peaceful atmosphere, excellent connectivity, and family-friendly lifestyle. Offering a secure and sustainable environment, the area has become a preferred choice for residents seeking comfort and convenience. With its spacious homes and more affordable housing options, Mohammed Bin Zayed City co"
pf-abu-dhabi-527,propertyfinder,https://www.propertyfinder.ae/en/plp/buy/villa-for-sale-abu-dhabi-ghantoot-aljurf-al-jurf-gardens-phase-2-kayan-115909297.html,Single Row 4BR + M | Walk to beach | Ready Soon,5249999,AED,sale,apartment,4,6,5500,Ghantoot,abu-dhabi,Abu Dhabi,"Abu Dhabi, Ghantoot, AlJurf",24.853843688964844,54.801048278808594,2026-07-14T06:28:03Z,"Discover a unique lifestyle surrounded by nature and tranquility at Al Jurf Gardens, one of the UAE’s most exclusive waterfront communities. Presented by Maison 71, this elegant single row 4-bedroom villa for sale offers exceptional privacy, spacious living areas, and a refined architectural design inspired by timeless contemporary living.

Property Features:

4 Spacious Bedrooms
Maid’s Room
Brigh"
pf-abu-dhabi-528,propertyfinder,https://www.propertyfinder.ae/en/plp/buy/villa-for-sale-abu-dhabi-al-shamkha-fay-alreeman-113721792.html,Corner Villa |6BR +Maid|Huge Plot,6100000,AED,sale,apartment,6,9,11025,Al Shamkha,abu-dhabi,Abu Dhabi,"Abu Dhabi, Al Shamkha",24.404666900634766,54.68175506591797,2026-07-09T11:50:56Z,"Introducing Fay Al Reeman1, Al Shamkha in Abu Dhabi, you're looking at a vibrant and emerging residential community. Fay Al Reeman1 offers a mix of luxurious and spacious villas designed to cater to various family sizes and preferences. This development is part of the larger Al Shamkha area, known for its serene environment and comprehensive amenities that cater to the needs of its residents. 

Ab"
pf-abu-dhabi-529,propertyfinder,https://www.propertyfinder.ae/en/plp/buy/villa-for-sale-abu-dhabi-al-shamkha-alreeman-110526417.html,Great Deal| Luxurious Villa|Peaceful Community,4500000,AED,sale,apartment,5,6,5489,Al Shamkha,abu-dhabi,Abu Dhabi,"Abu Dhabi, Al Shamkha",24.401140213012695,54.68006134033203,2026-07-02T12:44:31Z,"**Please ask for the Original pictures **

Alreeman is a new investment zone located in Al Shamkha, Abu Dhabi UAE. Residential and commercial plots are open to all nationalities. You can build a villa just as you like it with a single plot of land. The land plots include a series of residential clusters that will feature single and multi-residential villas and apartments.

Nearby locations:
Mafraq"
pf-abu-dhabi-530,propertyfinder,https://www.propertyfinder.ae/en/plp/buy/villa-for-sale-abu-dhabi-al-shamkha-fay-alreeman-109482642.html,Single Row | Mediterranean Style | Facing the Mall,4210000,AED,sale,apartment,4,6,5489,Al Shamkha,abu-dhabi,Abu Dhabi,"Abu Dhabi, Al Shamkha",24.404666900634766,54.68175506591797,2026-06-30T08:15:18Z,"La Maison Real Estate is pleased to present this exceptional 4-bedroom villa for sale in Fay Al Reeman I, Abu Dhabi. Situated on a single row and facing the mall, this Mediterranean-style villa offers privacy, elegance, and an ideal family lifestyle in one of Abu Dhabi's most sought-after communities.

Property Features

4-bedroom villa
Single row location
Facing the mall
Mediterranean architectur"
pf-abu-dhabi-531,propertyfinder,https://www.propertyfinder.ae/en/plp/buy/villa-for-sale-abu-dhabi-al-shamkha-alreeman-ii-103265067.html,4BR+M Villa - Private Pool - Park Facing - Ready,3900000,AED,sale,apartment,4,6,5489,Al Shamkha,abu-dhabi,Abu Dhabi,"Abu Dhabi, Al Shamkha",24.39023780822754,54.67357635498047,2026-06-16T12:13:10Z,"VIP Line Real Estate is pleased to present this brand-new 4 Bedroom villa in Al Reeman 2, Al Shamkha, offering modern design, premium finishes, and a prime location with direct park views. As a first-occupant property, this villa provides a perfect combination of comfort, privacy, and contemporary family living.

Property Features:
     - 4 Spacious Bedrooms
     - Bright Living and Dining Area
  "
pf-abu-dhabi-532,propertyfinder,https://www.propertyfinder.ae/en/plp/buy/villa-for-sale-abu-dhabi-ghantoot-aljurf-al-jurf-gardens-82349306.html,Luxury Lifestyle | Cozy Community I High End Finis,8499999,AED,sale,apartment,5,7,8444,Ghantoot,abu-dhabi,Abu Dhabi,"Abu Dhabi, Ghantoot, AlJurf",24.85140609741211,54.8082389831543,2026-04-28T06:02:41Z,"Luxury 5-Bedroom Villa for Sale in Ghantoot, Abu Dhabi
Experience serene coastal living in this spacious 5-bedroom villa located on the Ghantoot waterfront, combining privacy, elegance, and easy access to Abu Dhabi and Dubai. Perfect for family living or high-value investment. 

Villa Features:
5 Bedrooms | 7 Bathrooms
Built-up area: 8,444 sq. ft
3 Parking spaces
Spacious layout ideal for large fa"
pf-abu-dhabi-533,propertyfinder,https://www.propertyfinder.ae/en/plp/buy/villa-for-sale-abu-dhabi-ghantoot-aljurf-al-jurf-gardens-74257261.html,Luxury Living | 4BR Villa | Premium Community | Al,6999999,AED,sale,apartment,4,6,5806,Ghantoot,abu-dhabi,Abu Dhabi,"Abu Dhabi, Ghantoot, AlJurf",24.85140609741211,54.8082389831543,2026-04-08T15:24:52Z,"Luxury Living | 4BR Villa | Premium Community | Al Jurf Gardens
4-Bedroom Villa for Sale in Al Jurf Gardens, Ghantoot – Abu Dhabi

Property Details:
• Bedrooms: 4
• Bathrooms: 6
• Size: 5,805 sq. ft
• Type: Luxury Villa
• Parking: Available
• Location: Al Jurf Gardens, Ghantoot

Property Overview:
Experience tranquil living in this luxurious 4-bedroom villa located in Al Jurf Gardens, a prestigiou"
pf-abu-dhabi-534,propertyfinder,https://www.propertyfinder.ae/en/plp/buy/villa-for-sale-abu-dhabi-al-salam-street-bloom-gardens-bloom-gardens-villas-113267349.html,Luxury 3BR Villa | Private Outdoor Majlis + Garden,4899999,AED,sale,apartment,3,4,4420,Al Salam Street,abu-dhabi,Abu Dhabi,"Abu Dhabi, Al Salam Street, Bloom Gardens",24.432836532592773,54.461544036865234,2026-07-08T11:50:55Z,"Bloom Gardens is a premium gated residential community located in Abu Dhabi, developed by Bloom Holding. The project offers a selection of elegant villas and townhouses designed with modern architecture and spacious layouts, ideal for family living. 

Unit Features:

Bright living & Dinning Area
3bed + M + Driver’s room
Outdoor majlis + garden
Guest bathroom
Large yard + outdoor kitchen
Modern Kit"
pf-abu-dhabi-535,propertyfinder,https://www.propertyfinder.ae/en/plp/buy/villa-for-sale-abu-dhabi-al-shamkha-fay-al-reeman-ii-106861556.html,Single Row | Corner | Handover July | Hot Deal,4850000,AED,sale,apartment,5,7,7946,Al Shamkha,abu-dhabi,Abu Dhabi,"Abu Dhabi, Al Shamkha",24.363597869873047,54.678504943847656,2026-06-24T13:17:15Z,"La Maison Real Estate is pleased to present this exceptional 5-bedroom villa for sale in Fay Al Reeman II, offering a spacious layout, premium positioning, and a family-oriented lifestyle within one of Abu Dhabi’s most sought-after villa communities.

Property Features:
5 Bedrooms
Maid’s Room
Driver’s Room
Single Row
Corner Unit
4 Parking Spaces
Spacious Living and Dining Areas
Modern Kitchen
Buil"
pf-abu-dhabi-536,propertyfinder,https://www.propertyfinder.ae/en/plp/buy/villa-for-sale-abu-dhabi-ghantoot-aljurf-al-jurf-gardens-phase-2-kayan-107305087.html,Corner Villa | Luxurious | Best Facilities,2900000,AED,sale,apartment,2,3,3350,Ghantoot,abu-dhabi,Abu Dhabi,"Abu Dhabi, Ghantoot, AlJurf",24.853843688964844,54.801048278808594,2026-06-25T13:14:44Z,"This stunning corner 2-bedroom villa, with a maid’s room and private garden, is located in the highly sought-after Al Jurf Gardens, Abu Dhabi. Offering luxurious living with abundant open space, this villa provides an exceptional lifestyle in a serene and exclusive community.

Why Choose Al Jurf Gardens?
- Prime Location: Al Jurf is one of the most prestigious areas in Abu Dhabi, offering resident"
pf-abu-dhabi-537,propertyfinder,https://www.propertyfinder.ae/en/plp/buy/villa-for-sale-abu-dhabi-al-shamkha-fay-alreeman-92272167.html,Friendly Community | Brand New | Prime Location,3995000,AED,sale,apartment,4,6,5490,Al Shamkha,abu-dhabi,Abu Dhabi,"Abu Dhabi, Al Shamkha",24.404666900634766,54.68175506591797,2026-05-21T12:38:59Z,"Fay Alreeman combines contemporary architecture with generous living spaces in the prime area of Al Shamkhah. This thoughtfully planned community offers seamless connectivity to major destinations, delivering a harmonious lifestyle enriched with comfort, elegance, and peace. 

Villa Features:
- Spacious Bedroom
- Spacious Bathroom
- Walk-in Closet
- Living/Dining Area
- Kitchen
- Laundry Area
- Ma"
pf-abu-dhabi-538,propertyfinder,https://www.propertyfinder.ae/en/plp/buy/villa-for-sale-abu-dhabi-al-shamkha-alreeman-107742300.html,Single Row | Corner | High Finishing | Big Plot,6200000,AED,sale,apartment,6,10,10760,Al Shamkha,abu-dhabi,Abu Dhabi,"Abu Dhabi, Al Shamkha",24.401140213012695,54.68006134033203,2026-06-26T10:46:47Z,"La Maison Real Estate is pleased to present this exceptional 6-bedroom villa for sale in Al Reeman I, offering a spacious layout, premium high-end finishes, and a prime single-row corner with a roundabout view on a generous plot.

Property Features:
6 Bedrooms
Single Row
Large Plot
Roundabout View
High-End Finishing
Spacious Living and Dining Areas
Modern Kitchen
Built-in Wardrobes
Private Outdoor"
pf-abu-dhabi-539,propertyfinder,https://www.propertyfinder.ae/en/plp/buy/villa-for-sale-abu-dhabi-al-shamkha-alreeman-113263615.html,Exclusive | Single Row | Semi Corner | Negotiable,9500000,AED,sale,apartment,8,10,8395,Al Shamkha,abu-dhabi,Abu Dhabi,"Abu Dhabi, Al Shamkha",24.401140213012695,54.68006134033203,2026-07-08T11:14:38Z,"Discover the allure of Al Reeman, a luxury Villa that epitomizes sophistication and comfort. Nestled within the vibrant Al Shamkhah community in Abu Dhabi, this unit promises an exquisite lifestyle accentuated by lavish amenities and prime living spaces.

Villa Features:
Expansive living and dining areas
8 -spacious bedrooms with built-in wardrobes
Modern 10-Bathrooms
Single Row - semi Corner
Vaca"
pf-abu-dhabi-540,propertyfinder,https://www.propertyfinder.ae/en/plp/buy/villa-for-sale-abu-dhabi-rabdan-mangrove-village-103246692.html,4BR+Maids | For Expats | Beach Access,5350000,AED,sale,apartment,4,5,2824,Rabdan,abu-dhabi,Abu Dhabi,"Abu Dhabi, Rabdan",24.391826629638672,54.49300003051758,2026-06-16T08:42:53Z,"Altura is proud to present this 4-bedroom plus maid’s unit in Mangrove Village, featuring a fully renovated ground floor with a modern open-plan layout, while the well-maintained upper floor remains in its original condition, ready for immediate use.

Ground Floor: Modern Upgrades
Fully upgraded layout with a bright, open-plan living environment
Brand-new kitchen: Sleek cabinetry, integrated appli"
pf-abu-dhabi-541,propertyfinder,https://www.propertyfinder.ae/en/plp/buy/villa-for-sale-abu-dhabi-khalifa-city-golf-gardens-113274867.html,Luxurious Villa | Private Pool | With Maids Room !,4999999,AED,sale,apartment,5,6,5894,Khalifa City,abu-dhabi,Abu Dhabi,"Abu Dhabi, Khalifa City",24.42061996459961,54.531959533691406,2026-07-08T13:13:25Z,"Hero Real Estate presents an elegant 5-bedroom villa with spacious living and good amenities in Golf Gardens, Khalifa City, Abu Dhabi.

This Unit is Available for sale, sale price: 5,000,000

Adjacent to Abu Dhabi Golf Club is the upscale residential development known as Golf Gardens. The Gardens Club Community Centre, a hub for resident gatherings and the location of numerous facilities, is surro"
pf-abu-dhabi-542,propertyfinder,https://www.propertyfinder.ae/en/plp/buy/villa-for-sale-abu-dhabi-al-jubail-island-nad-al-dhabi-105951338.html,Corner Villa| Park Facing| Water View| Ready Soon,15200000,AED,sale,apartment,5,7,6663,Al Jubail Island,abu-dhabi,Abu Dhabi,"Abu Dhabi, Al Jubail Island",24.539569854736328,54.4782600402832,2026-06-22T06:46:22Z,"Discover a rare residential masterpiece in this spectacular corner villa at Nad Al Dhabi, the most exclusive village on Jubail Island. This soon to be handed over unit is park-facing on one side and offers unobstructed water views of the sparkling estuaries on the other. Final phases are trending for immediate 2026 delivery.

Property Highlights:
•	Island's unique flora and fauna
•	Five master ens"
pf-abu-dhabi-543,propertyfinder,https://www.propertyfinder.ae/en/plp/buy/villa-for-sale-abu-dhabi-al-shamkha-fay-alreeman-100847629.html,Brand New | Prime Location | Luxurious Villa,4200000,AED,sale,apartment,4,6,5489,Al Shamkha,abu-dhabi,Abu Dhabi,"Abu Dhabi, Al Shamkha",24.404666900634766,54.68175506591797,2026-06-10T11:52:04Z,"About Location:
Al Shamkha is one of the most popular freehold areas in Abu Dhabi. Some areas around the community were redeveloped in 2016. The Municipality of Abu Dhabi and Abu Dhabi Housing Authority has overseen the development of residential plots within the area.

Unit Features:
Spacious, Sun Filled Living\Dining Area
Majlis
4 En suite Bedrooms
Walk-in Closet
Built-in Wardrobes
First Rate Ba"
pf-abu-dhabi-544,propertyfinder,https://www.propertyfinder.ae/en/plp/buy/villa-for-sale-abu-dhabi-rabdan-mangrove-village-119021639.html,Premium Community | Good Investment | High Resale,4900000,AED,sale,apartment,5,6,5735,Rabdan,abu-dhabi,Abu Dhabi,"Abu Dhabi, Rabdan",24.391826629638672,54.49300003051758,2026-07-21T05:50:23Z,"Experience spacious and private living in this elegant 5-bedroom villa located in Mangrove Village, Rabdan, one of Abu Dhabi’s most serene and well-established waterfront communities. Designed for families seeking comfort, space, and a peaceful environment, this villa offers a rare opportunity to live surrounded by nature while staying close to the city.

Villa Features:

5 generously sized bedroo"
pf-abu-dhabi-545,propertyfinder,https://www.propertyfinder.ae/en/plp/buy/villa-for-sale-abu-dhabi-al-reef-al-reef-villas-contemporary-style-117702591.html,HOT EXCLUSIVE DEAL | SINGLE ROW | EXTENDED GARDEN,2000000,AED,sale,apartment,3,4,2424,Al Reef,abu-dhabi,Abu Dhabi,"Abu Dhabi, Al Reef, Al Reef Villas",24.45672035217285,54.67571258544922,2026-07-18T09:25:06Z,"Discover this stunning 3-bedroom villa in the sought-after Al Reef Villas community, Abu Dhabi. Nestled within a well-established, family-friendly neighborhood, this home offers the perfect balance of comfort, convenience, and contemporary design. Al Reef Villas are thoughtfully crafted with modern living in mind, surrounded by lush landscaped gardens and serene community parks. This is more than "
pf-abu-dhabi-546,propertyfinder,https://www.propertyfinder.ae/en/plp/buy/villa-for-sale-abu-dhabi-al-shamkha-alreeman-112287196.html,√ Premium Single Row+Modern Villa+Majlis √,6350000,AED,sale,apartment,6,7,8190,Al Shamkha,abu-dhabi,Abu Dhabi,"Abu Dhabi, Al Shamkha",24.401140213012695,54.68006134033203,2026-07-06T08:48:52Z,"√ Premium Single Row+Modern Villa+Majlis √

Located in the rapidly growing Al Shamkha district, Alreeman 1 is a freehold residential community offering buyers the opportunity to build custom villas in a well-planned suburban environment. The community is popular among families and investors looking for spacious plots and villas, peaceful surroundings, and long-term growth potential.

VILLA FEATURE"
pf-abu-dhabi-547,propertyfinder,https://www.propertyfinder.ae/en/plp/buy/villa-for-sale-abu-dhabi-al-shamkha-fay-alreeman-107311608.html,Premium Deal | Ready Villa 4BR+ Maid | Big Patio,4100000,AED,sale,apartment,4,7,5490,Al Shamkha,abu-dhabi,Abu Dhabi,"Abu Dhabi, Al Shamkha",24.404666900634766,54.68175506591797,2026-06-25T14:08:55Z,"** Villa Features :
• Ready To Move In
• High-Quality Construction And Premium Finishes
• Close To Project Facilities And Services
• Spacious Interior Spaces
• Spacious Private Garden / Large Yard
• Large Majlis With Private Bathroom
• Driver’s Room With Bathroom
• Built-In Wardrobes


** The Villa Consists Of :
* Ground Floor :
• Big Majlis
• Dining Room
• Living Room
• Kitchen With Cabinets
• Ma"
pf-abu-dhabi-548,propertyfinder,https://www.propertyfinder.ae/en/plp/buy/villa-for-sale-abu-dhabi-al-jubail-island-seef-al-jubail-92693656.html,Single row | Vacant | With Pool | Elite Community,8750000,AED,sale,apartment,4,6,8395,Al Jubail Island,abu-dhabi,Abu Dhabi,"Abu Dhabi, Al Jubail Island",24.52754783630371,54.48816680908203,2026-05-22T07:03:21Z,"About Location : 
Enjoy a lifestyle where dreams become reality, offering an unmatched living experience in Jubail Island. 

To find out more! Please contact us today to discuss all your inquiries, and book this unit with one of our motivated experienced sales team and property consultants.

Unit Features:
 Stylish Living and Dining Room
 Elegant 4 Bedrooms
 Walk-in-Closet
 Fully Fitted Kitchen wi"
pf-abu-dhabi-549,propertyfinder,https://www.propertyfinder.ae/en/plp/buy/villa-for-sale-abu-dhabi-saadiyat-island-saadiyat-reserve-the-dunes-106421158.html,Prime Offer| Upgraded 6BR+ M+D| Ready to Move in,10500000,AED,sale,apartment,4,8,6587,Saadiyat Island,abu-dhabi,Abu Dhabi,"Abu Dhabi, Saadiyat Island, Saadiyat Reserve",24.523595809936523,54.43989944458008,2026-06-23T13:06:20Z,"The Dunes at Saadiyat Reserve on Saadiyat Island presents an exceptional opportunity to own a luxury villa in one of Abu Dhabi’s most prestigious communities. Known for its pristine beaches, natural surroundings, and vibrant cultural scene, Saadiyat Island offers a lifestyle like no other. 
This fully upgraded 6-bedroom villa with maid’s and driver’s rooms is ideal for families seeking space, comf"
pf-sharjah-550,propertyfinder,https://www.propertyfinder.ae/en/plp/rent/apartment-for-rent-sharjah-al-taawun-new-al-taawun-road-116368865.html,BRAND NEW BUILDING 1 MONTH FREE 1BHK Apt.,27999,AED,rent,apartment,1,1,870,Al Taawun,sharjah,Sharjah,"Sharjah, Al Taawun",25.310016632080078,55.37631607055664,2026-07-15T10:50:33Z,"Discover a cozy haven in the heart of Al Taawun, Sharjah, with this inviting 1 bedroom, 1 bathroom apartment situated on New Al Taawun Road. Priced at 39999 AED per year, this unfurnished gem offers a blend of convenience and comfort. Stepping inside, you'll find an 870 sq ft space designed to meet your residential needs. The apartment features a spacious balcony where you can enjoy your morning c"
pf-sharjah-551,propertyfinder,https://www.propertyfinder.ae/en/plp/rent/apartment-for-rent-sharjah-al-nahda-al-nahda-residential-complex-116368685.html,"1 MONTH FREE DIRECT, ACCESS STADIUM METRO STATION",28999,AED,rent,apartment,1,1,870,Al Nahda,sharjah,Sharjah,"Sharjah, Al Nahda",25.300670623779297,55.379669189453125,2026-07-15T10:49:04Z,"Living in Al Nahda Residential Complex isn’t just about finding a place to rest—it’s about tapping into a lifestyle that blends convenience, comfort, and connection. This charming one-bedroom apartment offers exactly that. With its sleek layout, you’ll discover how a smaller space can deliver outsized advantages that suit your daily rhythm. The 870 square foot apartment unfolds with thoughtful des"
pf-sharjah-552,propertyfinder,https://www.propertyfinder.ae/en/plp/rent/apartment-for-rent-sharjah-al-taawun-new-al-taawun-road-116369087.html,1 MONTH FREE DIRECT ACCESS TO UNION METRO STATION,25999,AED,rent,apartment,1,1,870,Al Taawun,sharjah,Sharjah,"Sharjah, Al Taawun",25.310016632080078,55.37631607055664,2026-07-15T10:54:18Z,"Life in Al Taawun moves at its own rhythm, and this apartment captures that energy perfectly. Positioned on the Dubai-Sharjah border, it offers more than just a place to rest—it's a gateway to a vibrant community and stunning waterfront views. The layout maximizes the 870 sq ft space, creating an open environment that feels both intimate and airy. Though unfurnished, it stands ready for you to imp"
pf-sharjah-553,propertyfinder,https://www.propertyfinder.ae/en/plp/rent/apartment-for-rent-sharjah-al-khan-jawaher-residences-118586669.html,Elegant residence | Resort Living Awaits,65000,AED,rent,apartment,1,2,725,Al Khan,sharjah,Sharjah,"Sharjah, Al Khan, Maryam Island",25.325483322143555,55.36188507080078,2026-07-20T10:42:31Z,"""Enjoy the privilege of island living in one of Sharjah’s most prestigious waterfront destinations""

Experience waterfront living at its finest in this beautifully designed 1-bedroom residence at Jawaher Residences, Maryam Island. Featuring serene amenities views, elegant interiors, and resort-style facilities, this home offers the perfect blend of comfort, lifestyle, and coastal charm.

Property "
pf-sharjah-554,propertyfinder,https://www.propertyfinder.ae/en/plp/rent/apartment-for-rent-sharjah-vida-residences-aljada-vida-1-112316585.html,Vida Residences 1 BR Apt w open view Balcony,65000,AED,rent,apartment,1,2,750,Aljada,sharjah,Sharjah,"Sharjah, Aljada, Vida Residences",25.32030487060547,55.47844314575195,2026-07-06T17:05:23Z,"Sunlight dances through the generous windows of this 750 sqft, semi-furnished apartment on the fifth floor, creating an inviting space that feels both bright and intimate. Designed for those who appreciate thoughtful living, this unit offers a seamless blend of comfort and practicality, where every detail has been carefully considered to enhance daily life. The open-plan living and dining area flo"
pf-sharjah-555,propertyfinder,https://www.propertyfinder.ae/en/plp/rent/apartment-for-rent-sharjah-aljada-vida-residences-vida-2-115924178.html,Boulevard View || Spacious 2BHK || Luxury Living,105000,AED,rent,apartment,2,3,1186,Aljada,sharjah,Sharjah,"Sharjah, Aljada, Vida Residences",25.320039749145508,55.478206634521484,2026-07-14T10:30:30Z,"Step into a new standard of living at Vida Residences, where modern design blends seamlessly with lifestyle hospitality. Developed in collaboration with Vida Hotels & Resorts, these branded residences offer a dynamic yet comfortable environment—perfectly suited for today’s urban lifestyle.
Located within Aljada, one of Sharjah’s most vibrant destinations, residents enjoy a refined balance of elega"
pf-sharjah-556,propertyfinder,https://www.propertyfinder.ae/en/plp/rent/apartment-for-rent-sharjah-aljada-naseej-district-tiraz-116827349.html,For Rent _Brand New 1Bhk Smart Home_Pool View,60000,AED,rent,apartment,1,2,686,Aljada,sharjah,Sharjah,"Sharjah, Aljada, Naseej District",25.3150691986084,55.4720458984375,2026-07-16T13:50:25Z,"luxury Apartment for Rent | Tiraz 7 | Aljada | AED 60,000

Discover comfortable and contemporary living in this elegant 1-bedroom apartment located in Tiraz 7, Aljada. Perfectly designed for individuals or couples, this home offers a modern layout, bright interiors, and access to one of Sharjah’s most vibrant communities.

The apartment features a spacious living and dining area with large windows"
pf-sharjah-557,propertyfinder,https://www.propertyfinder.ae/en/plp/rent/apartment-for-rent-sharjah-muwaileh-al-mamsha-souks-retail-115464141.html,Fully Furnished Apartment Ready For Move In,52000,AED,rent,apartment,1,1,620,Muwaileh,sharjah,Sharjah,"Sharjah, Muwaileh, Al Mamsha",25.308109283447266,55.4671516418457,2026-07-13T07:25:45Z,"Rekaz Al Dar Real Estate presents a brand new, fully furnished 1-bedroom apartment available for rent in the prestigious Al Mamsha project, located in Muwaileh, Sharjah. This ""first tenant"" unit features a modern design, an open view, and is completely ready for immediate move-in.

Key Features:

Property Type: Fully Furnished Residential Apartment (First Tenant).

Layout: 1 Bedroom + Living Room "
pf-sharjah-558,propertyfinder,https://www.propertyfinder.ae/en/plp/rent/apartment-for-rent-sharjah-vida-residences-aljada-vida-1-115479909.html,Luxury 1BR | Boulevard View | Hotel-Style Living |,80000,AED,rent,apartment,1,2,906,Aljada,sharjah,Sharjah,"Sharjah, Aljada, Vida Residences",25.32030487060547,55.47844314575195,2026-07-13T11:05:36Z,"Luxury 1BR | Boulevard View | Hotel-Style Living | Largest Layout

Rekaz Al Dar Properties LLC proudly presents this spacious 1-bedroom apartment in Vida Residences 1, Aljada. Enjoy premium hotel-style living with a stunning Boulevard View from one of the largest 1-bedroom layouts in the project.

Property Details:
Project: Vida Residences 1, Aljada
Type: 1 Bedroom Apartment
BUA: 906 Sq. Ft.
Floor"
pf-sharjah-559,propertyfinder,https://www.propertyfinder.ae/en/plp/rent/apartment-for-rent-sharjah-aljada-the-boulevard-3-114615224.html,Luxury Spacious Apartment Available For Rent,90000,AED,rent,apartment,2,3,1140,Aljada,sharjah,Sharjah,"Sharjah, Aljada",25.3153133392334,55.47476577758789,2026-07-11T13:43:31Z,"Rekaz Al Dar Real Estate presents a luxury 2-bedroom apartment (2BHK) for annual rent in the premium ""Boulevard 3"" development, Sharjah. This modern unit features a unique layout with two master bedrooms and a stunning, direct view of the Stadium, offering the perfect blend of comfort and lifestyle.

Key Features:

Property Type: Residential Apartment for Rent.

Layout: 2 Bedrooms (Both Master) + "
pf-sharjah-560,propertyfinder,https://www.propertyfinder.ae/en/plp/rent/apartment-for-rent-sharjah-vida-residences-aljada-vida-1-117272393.html,Vida Residence | Elegant Homes | Modern Amenities,74999,AED,rent,apartment,1,2,950,Aljada,sharjah,Sharjah,"Sharjah, Aljada, Vida Residences",25.32030487060547,55.47844314575195,2026-07-17T13:21:15Z,"We are Offer you  1BR Fully Furnished For Rent AlJada  Sharjah. It is located Near Sharjah University.
*Grab this Unit Before it is Rented out* :""

Payment Details
Rent> 75k Aed Full cash
Deposit> 5% Refundable
Office Fee > 5% Aed

Apartments details :-
* 1BR
* 02Bathroom
* 01 Balcony
* Built in wardrobes
* Spacious Hall
* Central Gas

**** Facilities ***
* Parking Free
* Gym Available
* Swimming "
pf-sharjah-561,propertyfinder,https://www.propertyfinder.ae/en/plp/rent/apartment-for-rent-sharjah-aljada-naseej-district-sokoon-116815190.html,Brand New | Spacious Layout | Main View,65000,AED,rent,apartment,1,2,686,Aljada,sharjah,Sharjah,"Sharjah, Aljada, Naseej District",25.318153381347656,55.47466278076172,2026-07-16T11:32:47Z,"Experience modern living in the heart of Aljada with this well-maintained 1-bedroom apartment in Sokoon. Offering a practical layout, high-quality finishes, and a spacious balcony with a direct road view, this apartment is ideal for professionals and couples seeking comfort and convenience in one of Sharjah's most sought-after communities.

The apartment features a bright living and dining area, a"
pf-sharjah-562,propertyfinder,https://www.propertyfinder.ae/en/plp/rent/apartment-for-rent-sharjah-aljada-naseej-district-sokoon-116390953.html,VIDA View | Luxury 1BHK | SoKoon AlJada,63000,AED,rent,apartment,1,2,750,Aljada,sharjah,Sharjah,"Sharjah, Aljada, Naseej District",25.318153381347656,55.47466278076172,2026-07-15T22:57:39Z,"Apartments in Aljada have seen consistent interest from residents seeking a modern lifestyle in Sharjah. This 750 sqft unit is well-positioned within the development, offering a practical layout that appeals to those who value a balance of convenience and contemporary living. The community's growth continues to drive demand for these configurations, making this a reliable choice for anyone looking"
pf-sharjah-563,propertyfinder,https://www.propertyfinder.ae/en/plp/rent/apartment-for-rent-sharjah-aljada-naseej-district-tiraz-115942064.html,SPECIAL PRICE!_CLOSE KAITCHEN_OPEN VIEW_BRAND NEW!,54900,AED,rent,apartment,1,2,620,Aljada,sharjah,Sharjah,"Sharjah, Aljada, Naseej District",25.3150691986084,55.4720458984375,2026-07-14T15:41:00Z,"Elegant Urban Living in the Heart of Aljada – Spacious 1-Bedroom Apartment for Rent at Tiraz

Discover modern comfort, smart design, and peaceful surroundings in this beautifully crafted 1-bedroom apartment located in Tiraz, one of the most tranquil and well-designed communities within the vibrant Aljada master development. Ready for immediate move-in, this home is ideal for individuals or couples"
pf-sharjah-564,propertyfinder,https://www.propertyfinder.ae/en/plp/rent/apartment-for-rent-sharjah-vida-residences-aljada-vida-1-115938876.html,VIDA BRAND!_BOULEVARD VIEW_CLOSE KITCHEN_BARND NEW,104900,AED,rent,apartment,2,3,1187,Aljada,sharjah,Sharjah,"Sharjah, Aljada, Vida Residences",25.32030487060547,55.47844314575195,2026-07-14T14:20:27Z,"Redefining Contemporary Living – At Vida Residences by Arada, Sharjah
READY TO MOVE!

Experience a lifestyle that blends elegance and sophistication at Vida Residences by Arada, one of the landmark residential developments within Aljada. Here, modern design meets exceptional quality in a vibrant environment designed for both families and investors.

Key Highlights:

Prime location in the heart of "
pf-sharjah-565,propertyfinder,https://www.propertyfinder.ae/en/plp/rent/apartment-for-rent-sharjah-vida-residences-aljada-vida-1-115933581.html,VIDA BRAND!_POOL VIEW_LUXURY LIVING_BARND NEW!,69900,AED,rent,apartment,1,2,727,Aljada,sharjah,Sharjah,"Sharjah, Aljada, Vida Residences",25.32030487060547,55.47844314575195,2026-07-14T12:55:17Z,"Redefining Contemporary Living – At Vida Residences by Arada, Sharjah
READY TO MOVE!

Experience a lifestyle that blends elegance and sophistication at Vida Residences by Arada, one of the landmark residential developments within Aljada. Here, modern design meets exceptional quality in a vibrant environment designed for both families and investors.

Key Highlights:

Prime location in the heart of "
pf-sharjah-566,propertyfinder,https://www.propertyfinder.ae/en/plp/rent/apartment-for-rent-sharjah-aljada-naseej-district-sokoon-115943253.html,Ready to Move In | Community Living,120000,AED,rent,apartment,3,3,1377,Aljada,sharjah,Sharjah,"Sharjah, Aljada, Naseej District",25.318153381347656,55.47466278076172,2026-07-14T16:23:34Z,"Live in a brand-new 3-bedroom apartment in Sokoon, Aljada, one of Sharjah’s most sought-after lifestyle destinations. Offering a modern design, spacious interiors, and a prime location within the community, this apartment is ideal for families looking for comfort, convenience, and quality living.

Apartment Features:

3 Bedrooms
Spacious and practical layout
Bright living and dining area
Modern ki"
pf-sharjah-567,propertyfinder,https://www.propertyfinder.ae/en/plp/rent/apartment-for-rent-sharjah-aljada-the-boulevard-3-114615864.html,2BR Both Master| Stadium View| Semi-Closed Kitchen,90000,AED,rent,apartment,2,3,1140,Aljada,sharjah,Sharjah,"Sharjah, Aljada",25.3153133392334,55.47476577758789,2026-07-11T14:03:06Z,"Discover comfortable and modern living in this spacious 2-bedroom apartment in Boulevard 3, Aljada. Offering 1,140 sq. ft. of well-designed living space, this apartment features both bedrooms as master suites, a semi-closed kitchen, and a beautiful stadium view, making it an ideal home for families and professionals.

The apartment boasts a bright living and dining area, contemporary finishes, bui"
pf-sharjah-568,propertyfinder,https://www.propertyfinder.ae/en/plp/rent/apartment-for-rent-sharjah-aljada-naseej-district-sokoon-116825690.html,Monthly Payment | Brand New | premuim Location,59980,AED,rent,apartment,1,2,720,Aljada,sharjah,Sharjah,"Sharjah, Aljada, Naseej District",25.318153381347656,55.47466278076172,2026-07-16T13:27:33Z,"Experience modern living in this brand-new 1-bedroom apartment in the highly sought-after Sokoon, Aljada. Designed with comfort and elegance in mind, this spacious apartment features a bright open-plan living and dining area, a contemporary kitchen with high-quality finishes, a generously sized bedroom with built-in wardrobes, a stylish bathroom, and a private balcony that brings in plenty of natu"
pf-sharjah-569,propertyfinder,https://www.propertyfinder.ae/en/plp/rent/apartment-for-rent-sharjah-aljada-naseej-district-sokoon-117698134.html,| POOL VIEW | BRAND NEW| 2BHK+3BATHROOM | ALJADA |,84999,AED,rent,apartment,1,3,1150,Aljada,sharjah,Sharjah,"Sharjah, Aljada, Naseej District",25.318153381347656,55.47466278076172,2026-07-18T08:03:47Z,"### **2 Bedroom Apartment for Rent – Sakoon Building, Aljada, Sharjah**

* Spacious **2-bedroom apartment** with a well-planned layout spanning **1,150 sq. ft.**
* Located in the premium **Sakoon Building, Aljada**, one of Sharjah's most vibrant and modern communities.
* Features **3 stylish bathrooms**, offering maximum comfort and convenience for families and guests.
* Enjoy a relaxing **pool vi"
pf-sharjah-570,propertyfinder,https://www.propertyfinder.ae/en/plp/rent/apartment-for-rent-sharjah-aljada-naseej-district-sokoon-113268291.html,2Master Room| Brand New | Best Price,90000,AED,rent,apartment,2,3,1210,Aljada,sharjah,Sharjah,"Sharjah, Aljada, Naseej District",25.318153381347656,55.47466278076172,2026-07-08T12:00:17Z,"EliteHome is delighted to present 2bedroom Spacious Home for rent in the sokoon at Aljada, a masterfully designed community in Sharjah, known for its vibrant atmosphere and cutting-edge architecture.

Property Features:
*2 Bedroom.
*3 Bathrooms.
*Big Balcony.

Location :
The project enjoys a strategic location that provides easy access to many of Sharjah’s most prominent destinations and attractio"
pf-sharjah-571,propertyfinder,https://www.propertyfinder.ae/en/plp/rent/apartment-for-rent-sharjah-muwaileh-commercial-al-zahia-zohour-1-112292868.html,Modern 1BR Apartment in Prime Uptown Al Zahia,48000,AED,rent,apartment,1,2,633,Muwaileh Commercial,sharjah,Sharjah,"Sharjah, Muwaileh Commercial, Al Zahia",25.31446647644043,55.45927810668945,2026-07-06T09:55:07Z,"One-Bedroom Apartment for Rent in Uptown Al Zahia – Zohour Building

Enjoy a modern and comfortable lifestyle in this beautifully designed one-bedroom apartment located in Zohour Building within Uptown Al Zahia, one of Sharjah's most sought-after residential communities. Known for its contemporary architecture, prime location, and integrated lifestyle, Uptown Al Zahia offers an exceptional living "
pf-sharjah-572,propertyfinder,https://www.propertyfinder.ae/en/plp/rent/apartment-for-rent-sharjah-aljada-naseej-district-tiraz-118153224.html,Modern 1BR Apartment | Tiraz 7 | Aljada,55000,AED,rent,apartment,1,2,710,Aljada,sharjah,Sharjah,"Sharjah, Aljada, Naseej District",25.3150691986084,55.4720458984375,2026-07-19T16:41:30Z,"Discover contemporary living in this stylish 1-bedroom apartment located in Tiraz 7, Aljada, one of Sharjah's most vibrant and sought-after communities.

Designed with comfort and functionality in mind, this apartment features a bright open-plan layout, modern finishes, and floor-to-ceiling windows that create a spacious and inviting atmosphere. The sleek kitchen seamlessly connects to the living "
pf-sharjah-573,propertyfinder,https://www.propertyfinder.ae/en/plp/rent/apartment-for-rent-sharjah-vida-residences-aljada-vida-1-118152820.html,1BR Apartment | Vida 1 Aljada | Ready to Move,65000,AED,rent,apartment,1,2,750,Aljada,sharjah,Sharjah,"Sharjah, Aljada, Vida Residences",25.32030487060547,55.47844314575195,2026-07-19T16:16:04Z,"Enjoy contemporary living in this elegant 1-bedroom apartment located in Vida Residence 1, Aljada, one of Sharjah’s most desirable lifestyle destinations.

Designed with modern comfort in mind, this bright and spacious apartment features an open-plan layout, premium finishes, and floor-to-ceiling windows that fill the home with natural light. The stylish kitchen seamlessly connects to the living a"
pf-sharjah-574,propertyfinder,https://www.propertyfinder.ae/en/plp/rent/apartment-for-rent-sharjah-aljada-naseej-district-sokoon-109027608.html,2BR Full Pool Views | 4 Cheques | Brand New,85000,AED,rent,apartment,2,3,1074,Aljada,sharjah,Sharjah,"Sharjah, Aljada, Naseej District",25.318153381347656,55.47466278076172,2026-06-29T07:08:16Z,"Better homes presents you this 2 Bedroom apartment in Sokoon 1, Aljada, Sharjah.

1-4 cheques
Security deposit 5%
Agency fee 5%+VAT
SEWA and GAS deposit
Municipality contract attestation 4%

Features:
● High Floor
● Pool View with balcony from whole of apartment 
● Smart Home
● Unfurnished

Aljada is Sharjah's ""new downtown,"" a massive, modern mixed-use community in Muwaileh featuring homes, work,"
pf-sharjah-575,propertyfinder,https://www.propertyfinder.ae/en/plp/rent/apartment-for-rent-sharjah-vida-residences-aljada-vida-1-110504265.html,BOULEVARD VIEW | 2BR For Rent | High floor,110000,AED,rent,apartment,2,3,1230,Aljada,sharjah,Sharjah,"Sharjah, Aljada, Vida Residences",25.32030487060547,55.47844314575195,2026-07-02T08:31:49Z,"Built-in wardrobes in both bedrooms provide practical storage solutions that keep the 1230 sqft floor plan organized and clear of clutter. This unfurnished apartment offers a flexible layout, allowing you to arrange your furniture and personal belongings to suit your specific needs and aesthetic preferences.

The interior features a generous living area that connects directly to the kitchen, which"
pf-sharjah-576,propertyfinder,https://www.propertyfinder.ae/en/plp/rent/apartment-for-rent-sharjah-aljada-naseej-district-sokoon-110503118.html,Lavish 1BR For Rent | Sokoon AlJada |All Amenities,60000,AED,rent,apartment,1,2,650,Aljada,sharjah,Sharjah,"Sharjah, Aljada, Naseej District",25.318153381347656,55.47466278076172,2026-07-02T08:15:22Z,"Set up your home office in the quiet corner of this 650 sqft one-bedroom apartment. The unfurnished layout provides a flexible floor plan, allowing you to arrange your furniture to suit your daily routine. Located in the Aljada community, this residence offers a straightforward living environment for those who value a balanced lifestyle within a modern development.

The 650 sqft interior features "
pf-sharjah-577,propertyfinder,https://www.propertyfinder.ae/en/plp/rent/apartment-for-rent-sharjah-aljada-naseej-district-tiraz-114595636.html,Poll View! upgrade 1Bhk with Balcony poll View,55000,AED,rent,apartment,1,2,753,Aljada,sharjah,Sharjah,"Sharjah, Aljada, Naseej District",25.3150691986084,55.4720458984375,2026-07-11T06:47:47Z,"Description

We Offer you Stunning Apartments in-
Ideal Location, Low Rent, Family Building
Easy Exit To Dubai...

We Have many flats / Residential or commercial with different prices & layout in very affordable prices . Studio 1BHK . 2BHK . 3BHK available, For more information please call


• Well Equipped Close kitchen
• Sun light Open view

Payment Method:
Rent 55,000.00/- ( 4,6 CHQ )
Security "
pf-sharjah-578,propertyfinder,https://www.propertyfinder.ae/en/plp/rent/apartment-for-rent-sharjah-aljada-naseej-district-sokoon-116797225.html,Real Listing-Brand New Classy 2BHK-0% Commissin.,95000,AED,rent,apartment,2,3,1122,Aljada,sharjah,Sharjah,"Sharjah, Aljada, Naseej District",25.318153381347656,55.47466278076172,2026-07-16T05:33:09Z,"Al Marwan Real Estate is excited to present this newly listed, Brand new 2-bedroom apartment in a prime Sharjah Aljada location. The apartment offers stunning full views of the swimming pool and features spacious living and dining areas, perfect for relaxing or entertaining guests. The layout is thoughtfully designed to maximize comfort and functionality. Aljada Sharjah was built with the vision o"
pf-sharjah-579,propertyfinder,https://www.propertyfinder.ae/en/plp/rent/apartment-for-rent-sharjah-aljada-vida-residences-116375625.html,Great Deal! | 2 cheques | Spacious 2BHK,125000,AED,rent,apartment,2,3,1185,Aljada,sharjah,Sharjah,"Sharjah, Aljada",25.318153381347656,55.47466278076172,2026-07-15T12:23:43Z,"Almirax Real Estate proudly presents this spacious 2-bedroom Apartment in Vida Residence


Experience a lifestyle that blends elegance and sophistication at Vida Residences by Arada, one of the landmark residential developments within Aljada. Here, modern design meets exceptional quality in a vibrant environment designed for both families and investors.


Property Details :

2 Bedroom
3 Bathroom
B"
pf-sharjah-580,propertyfinder,https://www.propertyfinder.ae/en/plp/rent/apartment-for-rent-sharjah-aljada-naseej-district-sokoon-109026886.html,Brand New | Spacious Layout | Main View,65000,AED,rent,apartment,1,2,686,Aljada,sharjah,Sharjah,"Sharjah, Aljada, Naseej District",25.318153381347656,55.47466278076172,2026-06-29T06:32:05Z,"Experience modern living in the heart of Aljada with this well-maintained 1-bedroom apartment in Sokoon. Offering a practical layout, high-quality finishes, and a spacious balcony with a direct road view, this apartment is ideal for professionals and couples seeking comfort and convenience in one of Sharjah's most sought-after communities.

The apartment features a bright living and dining area, a"
pf-sharjah-581,propertyfinder,https://www.propertyfinder.ae/en/plp/rent/apartment-for-rent-sharjah-aljada-naseej-district-sokoon-116382505.html,Ground floor | 1bhk Apartment | Beautiful View |,59999,AED,rent,apartment,1,2,795,Aljada,sharjah,Sharjah,"Sharjah, Aljada, Naseej District",25.318153381347656,55.47466278076172,2026-07-15T14:05:24Z,"District Four Real Estate is pleased to offer you spacious luxury apartment - Brand new Apartment - with Open View, Free Parking, in Downtown of Sharjah Muwaileh 

Al-jada sakoon Community is the 1st Community Nearer to Dubai.

Apartment Details :

•Extra Huge 1bhk With  View
•Builtin Kitchen Appliances 
•Builtin Wardrobe
•Gated Community
•Parking 
•Gym & Pool
•Kids Play Area 
•Luxury Life Style

"
pf-sharjah-582,propertyfinder,https://www.propertyfinder.ae/en/plp/rent/apartment-for-rent-sharjah-aljada-naseej-district-sokoon-114610410.html,Brand New | Luxury Living | Amenities | Al-Jada |,60000,AED,rent,apartment,1,2,803,Aljada,sharjah,Sharjah,"Sharjah, Aljada, Naseej District",25.318153381347656,55.47466278076172,2026-07-11T11:56:38Z,"Apartment Details:

• Luxirious 1Bhk With Balcony Community View
• Builtin Wardrobe
• Builtin Kitchen Appliances
• Luxury Life Style
• Gym & Pool
• Parking
• Al-Jada Community
• Security
• Kids Play Area

Rent: 60000 AED

This property is approved from Municipality for rent.

Full family area, 24 Hours security systems, Neat and clean building, Fire Extinguisher Available for Safety

The process o"
pf-sharjah-583,propertyfinder,https://www.propertyfinder.ae/en/plp/rent/apartment-for-rent-sharjah-vida-residences-aljada-vida-1-88766445.html,Boulevard View | Lavish 1 BR In Vida | Just 75k,75000,AED,rent,apartment,1,2,763,Aljada,sharjah,Sharjah,"Sharjah, Aljada, Vida Residences",25.32030487060547,55.47844314575195,2026-05-13T13:57:33Z,"Aljada unveils a living experience that feels both contemporary and serene, perfectly suited for someone valuing a compact yet well-designed space. The 763 square feet of this apartment presents a thoughtfully arranged floor plan that makes every square inch count, ensuring that functionality meets modern comfort without unnecessary clutter. A single bedroom and two bathrooms strike an ideal balan"
pf-sharjah-584,propertyfinder,https://www.propertyfinder.ae/en/plp/rent/apartment-for-rent-sharjah-aljada-naseej-district-sokoon-114611027.html,Corner unit | 3bhk apartment | Panoramic view |,134999,AED,rent,apartment,3,3,1750,Aljada,sharjah,Sharjah,"Sharjah, Aljada, Naseej District",25.318153381347656,55.47466278076172,2026-07-11T12:10:45Z,"District Four Real Estate is pleased to offer you spacious luxury apartment - Brand new Apartment - with Open View, Free Parking, in Downtown of Sharjah Muwaileh 

Al-jada Sakoon2  Community is the 1st Community Nearer to Dubai.

Apartment Details :

•Extra Huge 3bhk With Community View
•Builtin Kitchen Appliances 
•Builtin Wardrobe
•Gated Community
•Parking 
•Gym & Pool
•Kids Play Area
•Luxury Li"
pf-sharjah-585,propertyfinder,https://www.propertyfinder.ae/en/plp/rent/apartment-for-rent-sharjah-aljada-naseej-district-sokoon-114610945.html,Brand new | 1bhk Apartment | Pool pacing |,57999,AED,rent,apartment,1,2,780,Aljada,sharjah,Sharjah,"Sharjah, Aljada, Naseej District",25.318153381347656,55.47466278076172,2026-07-11T12:10:18Z,"District Four Real Estate is pleased to offer you spacious luxury apartment - Brand new Apartment - with Open View, Free Parking, in Downtown of Sharjah Muwaileh 

Al-jada  (Sakoon3 ) Community is the 1st Community Nearer to Dubai.

Apartment Details :

•Extra Huge 1bhk With Pool View
•Builtin Kitchen Appliances 
•Builtin Wardrobe
•Gated Community
•Parking 
•Gym & Pool
•Kids Play Area
•Luxury Life"
pf-sharjah-586,propertyfinder,https://www.propertyfinder.ae/en/plp/rent/apartment-for-rent-sharjah-aljada-vida-residences-106857815.html,Luxury Living | Boulevard View | Brand New Unit,75000,AED,rent,apartment,1,2,763,Aljada,sharjah,Sharjah,"Sharjah, Aljada",25.318153381347656,55.47466278076172,2026-06-24T12:35:52Z,"Experience premium living in the heart of Aljada with this brand-new 1-bedroom apartment in the prestigious Vida Residences. Offering contemporary design, high-quality finishes, and stunning views overlooking the Main Boulevard, this residence is perfect for professionals and couples seeking an upscale lifestyle.

Property Details:

1 Bedroom
2 Bathrooms
763 Sq. Ft.
Brand New & Ready to Move In
Sp"
pf-sharjah-587,propertyfinder,https://www.propertyfinder.ae/en/plp/rent/apartment-for-rent-sharjah-aljada-naseej-district-sokoon-114183786.html,Brand new | lavish 1bhk | Ready to move |,63999,AED,rent,apartment,1,2,800,Aljada,sharjah,Sharjah,"Sharjah, Aljada, Naseej District",25.318153381347656,55.47466278076172,2026-07-10T17:50:35Z,"District Four Real Estate is pleased to offer you spacious luxury apartment - Brand new Apartment - with Open View, Free Parking, in Downtown of Sharjah Muwaileh 

Al-jada Community is the 1st Community Nearer to Dubai.

Apartment Details :

•Extra Huge 1bhk With Pool View
•Builtin Kitchen Appliances 
•Builtin Wardrobe
•Gated Community
•Parking 
•Gym & Pool
•Kids Play Area
•Luxury Life Style


Ren"
pf-sharjah-588,propertyfinder,https://www.propertyfinder.ae/en/plp/rent/apartment-for-rent-sharjah-al-khan-indigo-beach-residence-118577829.html,Beach View | Luxury One Bedroom | All Amenities,53000,AED,rent,apartment,1,1,690,Al Khan,sharjah,Sharjah,"Sharjah, Al Khan, Maryam Island",25.323322296142578,55.36033630371094,2026-07-20T08:54:23Z,"Welcome to Maryam Island, a groundbreaking waterfront development situated in the heart of Sharjah. Positioned between the Arabian Sea and the vibrant city of Sharjah, Maryam Island provides a seamless blend of luxury living and retail experiences.



Apartment Detail 
• one Bedroom 
• one Washroom
• Balcony 
• unFurnished 
• Area : 690sqft
• 1 Allotted Parking
• Fully Fitted Kitchen
• All Ameniti"
pf-sharjah-589,propertyfinder,https://www.propertyfinder.ae/en/plp/rent/apartment-for-rent-sharjah-aljada-misk-apartments-118574373.html,1 BR Apartment in Aljada with Pool and Gym,63000,AED,rent,apartment,1,2,840,Aljada,sharjah,Sharjah,"Sharjah, Aljada",25.31706428527832,55.47468566894531,2026-07-20T08:12:46Z,"Your daily commute is straightforward from this 840 sq ft apartment located on the fourth floor. This one-bedroom, two-bathroom residence provides a practical layout for those seeking a home in the Aljada development by Arada. The unit is positioned to offer a functional living environment within a modern community setting.

This unfurnished apartment allows you to arrange the space to suit your p"
pf-sharjah-590,propertyfinder,https://www.propertyfinder.ae/en/plp/rent/apartment-for-rent-sharjah-sharjah-waterfront-city-ajmal-makan-city-blue-beach-residence-117279450.html,1BHK in Al Hamriya | 2BTH - open sea view,70000,AED,rent,apartment,1,2,912,Sharjah Waterfront City,sharjah,Sharjah,"Sharjah, Sharjah Waterfront City, Ajmal Makan City",25.499691009521484,55.5344352722168,2026-07-17T16:29:43Z,"A unique opportunity to rent a fully furnished apartment in Ajmal Makan City, Al Hamriya. Featuring an open sea view, high-end finishes, and modern furnishings, this tranquil location offers a luxurious lifestyle, making it the perfect choice for immediate occupancy.

A one-bedroom apartment is now available for annual rent in Ajmal Makan City, Al Hamriya. Fully furnished and ready to move in, it "
pf-sharjah-591,propertyfinder,https://www.propertyfinder.ae/en/plp/rent/apartment-for-rent-sharjah-aljada-naseej-district-sokoon-113730082.html,Luxury Brand New 3BR | Balcony | Open View | Offer,134999,AED,rent,apartment,3,4,1386,Aljada,sharjah,Sharjah,"Sharjah, Aljada, Naseej District",25.318153381347656,55.47466278076172,2026-07-09T13:48:37Z,"Silver Stone Real Estate is pleased to offer you Spacious Luxury apartment- Brand new Appartment- with Open View, Free parking in Downtown of Sharjah.

Al-Jada Community is the 1st community Nearer to Dubai.

Appartment Details:-

* Modern 3 Bedroom's With Balcony & Open View
* Builtin Kitchen Appliances
* Builtin Wardrobe
* Open Community
* 24/7 Security 
* Covered Parking 
* Gym & Pool
* Kids Pl"
pf-sharjah-592,propertyfinder,https://www.propertyfinder.ae/en/plp/rent/apartment-for-rent-sharjah-muwaileh-commercial-al-zahia-zohour-2-115041714.html,1 BR Apartment in Muwaileh Commercial with Balcony,65000,AED,rent,apartment,1,2,850,Muwaileh Commercial,sharjah,Sharjah,"Sharjah, Muwaileh Commercial, Al Zahia",25.3148136138916,55.458168029785156,2026-07-12T11:46:41Z,"This one-bedroom apartment in Muwaileh Commercial offers a practical layout across 850 sqft. Located on the sixth floor, the unit provides a straightforward living environment that is ready for your personal furniture and decor choices.

The interior includes two bathrooms and a walk-in closet, which helps keep your living space organized. The unfurnished layout allows you to arrange the living ar"
pf-sharjah-593,propertyfinder,https://www.propertyfinder.ae/en/plp/rent/apartment-for-rent-sharjah-al-khan-jawaher-residences-115940983.html,Modern Living Luxury 1BR Elegant Interiors Balcony,64990,AED,rent,apartment,1,2,850,Al Khan,sharjah,Sharjah,"Sharjah, Al Khan, Maryam Island",25.325483322143555,55.36188507080078,2026-07-14T15:13:10Z,"Welcome to Al Imran Real Estate Services!
Dear Landlords, List your units with us for quick and best services.


Highlights:
* Luxurious Apartment 
* Community Area
* Coffee Cafe
* Redefined Location
* High-Quality Finishes
* 1 Car Parkings Free 

Unit Details:
Spacious 1BR Apartment
2 Bathroom
Fully Furnished 
Balcony 
Pool View 
Fully fitted - Bright Kitchen
Centralized A/C and Gas

Building Fac"
pf-sharjah-594,propertyfinder,https://www.propertyfinder.ae/en/plp/rent/apartment-for-rent-sharjah-al-khan-maryam-beach-residence-118616430.html,Modern 1 Bedroom | Pool View | Balcony | AED 56K,55999,AED,rent,apartment,1,1,750,Al Khan,sharjah,Sharjah,"Sharjah, Al Khan, Maryam Island",25.323965072631836,55.3626823425293,2026-07-20T23:38:50Z,"Modern 1 Bedroom Apartment | Pool View | Balcony | Maryam Island | AED 56K

Experience waterfront living in this modern 1-bedroom apartment located in the prestigious Maryam Island, Sharjah. Featuring a beautiful pool view, a private balcony, and a bright, spacious layout, this apartment is perfect for individuals or couples seeking comfort and convenience.

The apartment offers a well-designed li"
pf-sharjah-595,propertyfinder,https://www.propertyfinder.ae/en/plp/rent/apartment-for-rent-sharjah-aljada-vida-residences-vida-3-119029307.html,Fully Furnished 1 BR Only 80k Vida 4 Aljada,79999,AED,rent,apartment,1,2,820,Aljada,sharjah,Sharjah,"Sharjah, Aljada, Vida Residences",25.319936752319336,55.47773742675781,2026-07-21T08:51:07Z,"Start your day with a workout in the shared gym or a refreshing swim in the shared pool. This 820 sqft apartment is located on the 5th floor and provides a comfortable living environment. The layout is designed to maximize the available space, making it a practical choice for those seeking a well-maintained home in a vibrant area.

This furnished one-bedroom apartment includes two bathrooms and co"
pf-sharjah-596,propertyfinder,https://www.propertyfinder.ae/en/plp/rent/apartment-for-rent-sharjah-aljada-naseej-district-sokoon-118585935.html,Aljada Sokoon 2BHK Semi Close Kitchen/Pool View,84999,AED,rent,apartment,2,3,1150,Aljada,sharjah,Sharjah,"Sharjah, Aljada, Naseej District",25.318153381347656,55.47466278076172,2026-07-20T10:33:21Z,"The cooler months make the balcony the highlight of this home, providing a space to enjoy the water view and landmark scenery. When summer returns, the central A/C keeps the 1,150 sqft interior comfortable. This unfurnished two-bedroom apartment offers a practical layout with three bathrooms, allowing you to arrange the space to suit your personal needs.

The interior includes built-in wardrobes a"
pf-sharjah-597,propertyfinder,https://www.propertyfinder.ae/en/plp/rent/apartment-for-rent-sharjah-aljada-vida-residences-vida-2-112734745.html,"1 BR Apartment with Study in Aljada, Sharjah",70000,AED,rent,apartment,1,2,850,Aljada,sharjah,Sharjah,"Sharjah, Aljada, Vida Residences",25.320039749145508,55.478206634521484,2026-07-07T08:15:10Z,"Access this second-floor apartment through the building lobby, where you will find one dedicated covered parking slot for your vehicle. This 850 sqft unit is semi-furnished and features an upgraded interior, providing a practical living environment for those seeking a balance of comfort and utility in a modern setting.

The layout includes one bedroom and two bathrooms, complemented by a functiona"
pf-sharjah-598,propertyfinder,https://www.propertyfinder.ae/en/plp/rent/apartment-for-rent-sharjah-aljada-the-gate-2-at-aljada-118143533.html,2 BR Upgraded Apartment in Aljada by Arada,100000,AED,rent,apartment,2,3,1280,Aljada,sharjah,Sharjah,"Sharjah, Aljada",25.318397521972656,55.47443389892578,2026-07-19T10:59:42Z,"This two-bedroom apartment in Aljada, developed by Arada, offers a 1,280 sqft layout. The upgraded interior provides a functional living environment, ready for your personal touch. It includes three bathrooms and one dedicated parking slot.

The unfurnished 1,280 sqft interior features two bedrooms and three bathrooms, providing a practical setup for daily living. The layout includes built-in ward"
pf-sharjah-599,propertyfinder,https://www.propertyfinder.ae/en/plp/rent/apartment-for-rent-sharjah-aljada-vida-residences-vida-2-111845839.html,1 BR Apartment with Landmark View in Aljada,75000,AED,rent,apartment,1,2,850,Aljada,sharjah,Sharjah,"Sharjah, Aljada, Vida Residences",25.320039749145508,55.478206634521484,2026-07-05T08:44:49Z,"Bring your own furniture to personalize this semi-furnished 850 sqft apartment, which provides a balance of essential appliances and room for your own style. Located on the second floor, this upgraded unit includes one bedroom and two bathrooms, offering a practical layout for daily living.

The interior space is well-appointed, featuring a study that can serve as a home office or quiet retreat. Y"
pf-sharjah-600,propertyfinder,https://www.propertyfinder.ae/en/plp/rent/apartment-for-rent-sharjah-aljada-misk-apartments-111417317.html,"2 BR Apartment in Al Jada, 1200 Sqft",90000,AED,rent,apartment,2,3,1200,Aljada,sharjah,Sharjah,"Sharjah, Aljada",25.31706428527832,55.47468566894531,2026-07-04T11:33:34Z,"This 2-bedroom apartment in Al Jada spans 1200 sqft and sits on the 5th floor. The unit provides a view of the landmark and comes fully furnished, offering a practical living arrangement for those seeking a move-in ready home in a modern development.

The interior layout includes three bathrooms and a dedicated study, which serves as a quiet workspace or reading area. The kitchen comes equipped wi"
pf-sharjah-601,propertyfinder,https://www.propertyfinder.ae/en/plp/rent/apartment-for-rent-sharjah-aljada-misk-apartments-115943891.html,1 BR Apartment with closed kitchen-Rent 70k,70000,AED,rent,apartment,1,2,940,Aljada,sharjah,Sharjah,"Sharjah, Aljada",25.31706428527832,55.47468566894531,2026-07-14T16:54:23Z,"The building provides a professional lobby for residents and guests, alongside efficient maintenance services and secure covered parking for one vehicle. This 940 sqft, one-bedroom apartment is situated on the first floor and offers a clear view of the local landmark. The layout is unfurnished, allowing you to arrange your own furniture and decor to suit your personal preferences.

The interior sp"
pf-sharjah-602,propertyfinder,https://www.propertyfinder.ae/en/plp/rent/apartment-for-rent-sharjah-aljada-vida-residences-vida-2-115943679.html,1 BR Apartment in vida 2 Aljada with open view,70000,AED,rent,apartment,1,2,903,Aljada,sharjah,Sharjah,"Sharjah, Aljada, Vida Residences",25.320039749145508,55.478206634521484,2026-07-14T16:48:24Z,"Built-in wardrobes and a walk-in closet provide organized storage solutions in this 903 sqft apartment. Located on the 3rd floor, the unit is semi-furnished, allowing for personal touches while including essential kitchen appliances. The layout is vastu-compliant and features central air conditioning to maintain a comfortable temperature throughout the year.

The interior space is designed for pra"
pf-sharjah-603,propertyfinder,https://www.propertyfinder.ae/en/plp/rent/apartment-for-rent-sharjah-vida-residences-aljada-vida-1-115933676.html,2 BR Apartment in Aljada with open view,105000,AED,rent,apartment,2,3,1305,Aljada,sharjah,Sharjah,"Sharjah, Aljada, Vida Residences",25.32030487060547,55.47844314575195,2026-07-14T12:56:52Z,"This 2-bedroom apartment in Aljada, developed by Arada, spans 1305 sqft and sits on the 5th floor. The unit is semi-furnished, providing a balance of essential fixtures and room for personal touches. Its layout is Vastu-compliant, ensuring a balanced flow throughout the living spaces. This property is a practical choice for those seeking a residence within a modern, forward-thinking community in S"
pf-sharjah-604,propertyfinder,https://www.propertyfinder.ae/en/plp/rent/apartment-for-rent-sharjah-aljada-misk-apartments-115943680.html,Modern luxurious 1bhk + American Kitchen in Misk,64990,AED,rent,apartment,1,2,850,Aljada,sharjah,Sharjah,"Sharjah, Aljada",25.31706428527832,55.47468566894531,2026-07-14T16:48:28Z,"PAYMENT DETAILS. . . . . ""**
RENT. . . . . 65k
*Apartment Details*
● 1 Bedroom Apartment 
● 850 square feet 
● 2 WashRoom 
● Barbecue Area
● Gym Pool
● Gated Community 
● Spacious Master Hall 
● Master Bedroom 
● American Kitchen
● Central Gas 
● Central Ac
● Wardrobe 
*Building Features*
● Maintenance 
● 24/7 Security CCTV Maintenance 
*Location:*
● Near To safari Mall
● Close To Super Market 
● "
pf-sharjah-605,propertyfinder,https://www.propertyfinder.ae/en/plp/rent/apartment-for-rent-sharjah-al-khan-indigo-beach-residence-116899974.html,Partial Sea View | Fully Furnished | Luxury 1-BR,60000,AED,rent,apartment,1,1,750,Al Khan,sharjah,Sharjah,"Sharjah, Al Khan, Maryam Island",25.323322296142578,55.36033630371094,2026-07-17T01:17:33Z,"ONE CHEQUE PAYMENT ( 60,000 AED )
4 CHEQUES PAYMENTS ( 70,000  AED )



A Luxurious, Partial Sea View Fully Furnished 1 bedroom apartment for Rent in the fascinating Maryam Island beach resort High-end finishing and the latest technology safety and security systems with the beautiful view overlooking the pool and park area

Property Details:
• Rent 60,000 Aed
• 1 Bedroom
• 1 Washroom
• Area : 750 "
pf-sharjah-606,propertyfinder,https://www.propertyfinder.ae/en/plp/rent/apartment-for-rent-sharjah-al-khan-rimal-residences-116893198.html,Fully Lavish Furnished | Pool View | Luxury 2-BR,90000,AED,rent,apartment,2,2,1200,Al Khan,sharjah,Sharjah,"Sharjah, Al Khan, Maryam Island",25.32334327697754,55.3626708984375,2026-07-17T01:09:41Z,"A luxurious,Pool View Fully Furnished 2 bedrooms apartment for Rent in the fascinating Maryam Island beach resort High-end finishing and the latest technology safety and security systems with the beautiful view overlooking the pool and park area.

Property Details:
• Pool View 
• Rent 90,000 Aed
• 2 Bedrooms
• 2 Washrooms
• Area : 1200 Sqft
• Allotted Parking
• Spacious Hall
• Spacious Bedrooms
• "
pf-sharjah-607,propertyfinder,https://www.propertyfinder.ae/en/plp/rent/apartment-for-rent-sharjah-al-khan-jawaher-residences-117047125.html,Brand New | Pool View | Fully Furnished 1-BR |,60000,AED,rent,apartment,1,2,750,Al Khan,sharjah,Sharjah,"Sharjah, Al Khan, Maryam Island",25.325483322143555,55.36188507080078,2026-07-17T01:03:22Z,"ONE CHEQUE PAYMENT RENT (60,000 AED )
4 CHEQUES PAYMENTS RENT (65,000 AED )


A Luxurious,Brand New Pool View Fully Furnished 1 bedroom apartment for Rent in the fascinating Maryam Island beach resort High-end finishing and the latest technology safety and security systems with the beautiful view overlooking the pool and park area

Property Details:

• Rent 60,000 Aed
• 1 Bedroom
• 2 Washrooms
• A"
pf-sharjah-608,propertyfinder,https://www.propertyfinder.ae/en/plp/rent/apartment-for-rent-sharjah-aljada-misk-apartments-115923677.html,1 BR Apartment with American kitchen+open view,63000,AED,rent,apartment,1,2,856,Aljada,sharjah,Sharjah,"Sharjah, Aljada",25.31706428527832,55.47468566894531,2026-07-14T10:25:01Z,"Constructed two years ago, this apartment building maintains a clean and professional lobby area that welcomes residents home. Located on the third floor, this 856 sqft unit provides a practical layout that maximizes the available space for comfortable daily living. The interior is semi-furnished, offering a balance of essential fixtures while leaving room for personal touches to make the space yo"
pf-sharjah-609,propertyfinder,https://www.propertyfinder.ae/en/plp/rent/apartment-for-rent-sharjah-aljada-misk-apartments-117714098.html,Luxurious 1 BR Fully Furnished with Balcony,70000,AED,rent,apartment,1,2,820,Aljada,sharjah,Sharjah,"Sharjah, Aljada",25.31706428527832,55.47468566894531,2026-07-18T13:21:28Z,"The balcony provides a private outdoor space to enjoy the fresh air and views of the surrounding Aljada community. This 820 sqft apartment is situated in a two-year-old building developed by Arada, offering a comfortable living environment that balances indoor and outdoor living.

Inside, the layout includes one bedroom and two bathrooms, making it a practical choice for individuals or couples. Th"
pf-sharjah-610,propertyfinder,https://www.propertyfinder.ae/en/plp/rent/apartment-for-rent-sharjah-al-khan-jawaher-residences-115462873.html,Splendid 1-BR | Pool view | Ready To Move | Gym,60000,AED,rent,apartment,1,1,700,Al Khan,sharjah,Sharjah,"Sharjah, Al Khan, Maryam Island",25.325483322143555,55.36188507080078,2026-07-13T06:34:50Z,"Welcome to Maryam Island, a groundbreaking waterfront development situated in the heart of Sharjah. Positioned between the Arabian Sea and the vibrant city of Sharjah, Maryam Island provides a seamless blend of luxury living and retail experiences.

Kindly Note 
One Payment 60,000
With 4 Payment 65,000 

Apartment Detail 
• one Bedroom 
• one Washroom
• Balcony 
• Furnished 
• Area : 700sqft
• 1 A"
pf-sharjah-611,propertyfinder,https://www.propertyfinder.ae/en/plp/rent/apartment-for-rent-sharjah-al-khan-rimal-residences-115050713.html,Fully Luxury Furnished | Two Bedroom | Ready gym,90000,AED,rent,apartment,2,2,1200,Al Khan,sharjah,Sharjah,"Sharjah, Al Khan, Maryam Island",25.32334327697754,55.3626708984375,2026-07-12T20:18:13Z,"Welcome to Maryam Island, a groundbreaking waterfront development situated in the heart of Sharjah. Positioned between the Arabian Sea and the vibrant city of Sharjah, Maryam Island provides a seamless blend of luxury living and retail experiences.


Apartment Detail 
• Two Bedroom 
• Two Washroom
• Pool  view
• Balcony 
• Furnished 
• Area : 1200sqft
• 1 Allotted Parking
• Fully Fitted Kitchen
• "
pf-sharjah-612,propertyfinder,https://www.propertyfinder.ae/en/plp/rent/apartment-for-rent-sharjah-vida-residences-aljada-vida-1-115469640.html,"1-BR Apartment with Water View in Aljada, Sharjah",65000,AED,rent,apartment,1,2,850,Aljada,sharjah,Sharjah,"Sharjah, Aljada, Vida Residences",25.32030487060547,55.47844314575195,2026-07-13T08:46:38Z,"Arada has established a reputation for creating forward-thinking communities, and this new apartment in Aljada reflects their commitment to contemporary living. The 850 sq. ft. layout provides a practical, well-proportioned space that allows for flexible interior arrangements. As an unfurnished unit, it offers the freedom to select your own finishes and furniture to suit your personal style. The f"
pf-sharjah-613,propertyfinder,https://www.propertyfinder.ae/en/plp/rent/apartment-for-rent-sharjah-aljada-naseej-district-sokoon-115465299.html,1 BR Apartment in Aljada with Water View,62000,AED,rent,apartment,1,2,850,Aljada,sharjah,Sharjah,"Sharjah, Aljada, Naseej District",25.318153381347656,55.47466278076172,2026-07-13T07:50:45Z,"This 1-bedroom apartment spans 850 sq ft and offers a direct view of the water. Located in the Aljada community by Arada, this residence provides a practical layout for those seeking a new home in a modern development.

The interior is delivered unfurnished, allowing you to arrange the space to suit your personal preferences. The floor plan includes a dedicated study, which provides a quiet area f"
pf-sharjah-614,propertyfinder,https://www.propertyfinder.ae/en/plp/rent/apartment-for-rent-sharjah-aljada-naseej-district-sokoon-115464866.html,1 BR Apartment in Aljada with Private Garden,62000,AED,rent,apartment,1,2,810,Aljada,sharjah,Sharjah,"Sharjah, Aljada, Naseej District",25.318153381347656,55.47466278076172,2026-07-13T07:41:43Z,"Unlike many 1-bedroom apartments in the Northern Emirates that lack outdoor space, this 810 sqft unit features a private garden. The layout is unfurnished, allowing you to arrange your furniture and decor to suit your personal preferences. The floor plan includes two bathrooms, which adds a level of convenience rarely found in one-bedroom configurations. Large windows bring in natural light, while"
pf-sharjah-615,propertyfinder,https://www.propertyfinder.ae/en/plp/rent/apartment-for-rent-sharjah-al-khan-indigo-beach-residence-114167142.html,Ready To Move | Fully Furnished One Bedroom | Gym,70000,AED,rent,apartment,1,1,710,Al Khan,sharjah,Sharjah,"Sharjah, Al Khan, Maryam Island",25.323322296142578,55.36033630371094,2026-07-10T11:25:12Z,"Welcome to Maryam Island, a groundbreaking waterfront development situated in the heart of Sharjah. Positioned between the Arabian Sea and the vibrant city of Sharjah, Maryam Island provides a seamless blend of luxury living and retail experiences.


Apartment Detail 
• One Bedroom 
• one Washroom
• Partial Sea view
• Balcony 
• Furnished 
• Area : 710sqft
• 1 Allotted Parking
• Fully Fitted Kitch"
pf-sharjah-616,propertyfinder,https://www.propertyfinder.ae/en/plp/rent/apartment-for-rent-sharjah-aljada-naseej-district-sokoon-116362099.html,3 BR Apartment in Aljada with 2 Parking Slots,125000,AED,rent,apartment,3,3,1650,Aljada,sharjah,Sharjah,"Sharjah, Aljada, Naseej District",25.318153381347656,55.47466278076172,2026-07-15T09:09:36Z,"Available for rent on a yearly basis, this 3-bedroom apartment spans 1,650 sq ft and is delivered unfurnished. The unit is Vastu-compliant and features an upgraded interior, providing a flexible layout for your personal furniture and decor choices. Two dedicated parking slots are included with the lease.

The interior layout includes three bedrooms and three bathrooms, with built-in wardrobes and "
pf-sharjah-617,propertyfinder,https://www.propertyfinder.ae/en/plp/rent/apartment-for-rent-sharjah-aljada-naseej-district-sokoon-116382590.html,1BR | Ready to Take | Best Priced | Sokoon Aljada,65000,AED,rent,apartment,1,2,810,Aljada,sharjah,Sharjah,"Sharjah, Aljada, Naseej District",25.318153381347656,55.47466278076172,2026-07-15T14:05:44Z,"1BHK Apartment for Rent in Aljada by Arada Developments

DFR is here to proudly presents this spacious 1BHK apartment in Aljada, one of Sharjah’s most dynamic and modern lifestyle destinations, offering a perfect blend of comfort, convenience, and contemporary living.

Payment Plan Options:

1 Payment: AED **,000 — full upfront payment with a special discounted rate.
2 Payments: AED 6*,000 payable"
pf-sharjah-618,propertyfinder,https://www.propertyfinder.ae/en/plp/rent/apartment-for-rent-sharjah-al-majaz-al-majaz-3-115488178.html,4BHK in Majaz 3 | Free AC - Parking - Gym - Pool,160000,AED,rent,apartment,4,4,2100,Al Majaz,sharjah,Sharjah,"Sharjah, Al Majaz",25.332984924316406,55.37381362915039,2026-07-13T12:49:40Z,"An exceptional opportunity to rent a luxurious apartment with a direct sea view, combining spacious living areas, high-end finishes, and comprehensive amenities to provide you and your family with a sophisticated living experience in one of Sharjah's most desirable areas.

Apartment Features:

4 spacious bedrooms

Large living room

Maid's room

Built-in wardrobes

Air conditioning included (free "
pf-sharjah-619,propertyfinder,https://www.propertyfinder.ae/en/plp/rent/apartment-for-rent-sharjah-aljada-naseej-district-sokoon-116390326.html,Brand New Luxury 1 BR with Balcony in Aljada,65000,AED,rent,apartment,1,2,800,Aljada,sharjah,Sharjah,"Sharjah, Aljada, Naseej District",25.318153381347656,55.47466278076172,2026-07-15T21:29:57Z,"The living room is wide enough to accommodate a comfortable seating area that flows directly onto the balcony. This 800 sqft unfurnished apartment provides a clean layout, allowing you to arrange your furniture to suit your personal style. The unit includes one bedroom and two bathrooms, with built-in wardrobes that keep storage organized and off the floor. The kitchen comes equipped with essentia"
pf-sharjah-620,propertyfinder,https://www.propertyfinder.ae/en/plp/rent/apartment-for-rent-sharjah-al-khan-sapphire-beach-residence-114184730.html,Luxury 1-BR with Terrace | All Amenities | Gym |,60000,AED,rent,apartment,1,1,810,Al Khan,sharjah,Sharjah,"Sharjah, Al Khan, Maryam Island",25.32728385925293,55.3623161315918,2026-07-10T19:44:45Z,"Property Details :







• 1 Bedroom 





• 1 Washroom





• Terrace





• Unfurnished





• Area : 810 sqft





• Allotted Parking





• Spacious Hall





• Spacious Bedroom





• Open Kitchen With Cabinets











Amenities :











• Children's Play Area





• GYM





• Pool





• Covered Parking





• Centralized AC





• Heating





• Lobby In The Building





• Nearby "
pf-sharjah-621,propertyfinder,https://www.propertyfinder.ae/en/plp/rent/apartment-for-rent-sharjah-aljada-naseej-district-sokoon-113737955.html,1Year Warranty Upgraded Aljada Sakoon Brand New BU,56890,AED,rent,apartment,1,2,775,Aljada,sharjah,Sharjah,"Sharjah, Aljada, Naseej District",25.318153381347656,55.47466278076172,2026-07-09T17:42:20Z,"This 775 sqft apartment on the second floor offers a functional layout with one bedroom and two bathrooms. Upon entering unit 206, you are greeted by an open, unfurnished living space that allows for complete customization of your home environment. The upgraded interior features clean lines and a practical flow, connecting the living area to the kitchen. Large windows provide a view of the water, "
pf-sharjah-622,propertyfinder,https://www.propertyfinder.ae/en/plp/rent/apartment-for-rent-sharjah-al-khan-sapphire-beach-residence-112832392.html,Beach View | Splendid One Bedroom | Ready To move,55000,AED,rent,apartment,1,1,700,Al Khan,sharjah,Sharjah,"Sharjah, Al Khan, Maryam Island",25.32728385925293,55.3623161315918,2026-07-07T18:30:18Z,"Welcome to Maryam Island, a groundbreaking waterfront development situated in the heart of Sharjah. Positioned between the Arabian Sea and the vibrant city of Sharjah, Maryam Island provides a seamless blend of luxury living and retail experiences.


Apartment Detail 
• One Bedroom 
• one Washroom
• Beach view
• Balcony 
• unFurnished 
• Area : 700 sqft
• 1 Allotted Parking
• Fully Fitted Kitchen
"
pf-sharjah-623,propertyfinder,https://www.propertyfinder.ae/en/plp/rent/apartment-for-rent-sharjah-al-khan-cyan-beach-residence-113738975.html,Luxurious 1-BR | All Amenities | Prime Location |,55000,AED,rent,apartment,1,1,710,Al Khan,sharjah,Sharjah,"Sharjah, Al Khan, Maryam Island",25.327938079833984,55.35765838623047,2026-07-09T19:36:59Z,"Property Details :







• 1 Bedroom 





• 1 Washroom





• Balcony





• Furnished





• Area : 710 sqft





• Allotted Parking





• Spacious Hall





• Spacious Bedroom





• Open Kitchen With Cabinets











Amenities :











• Children's Play Area





• GYM





• Pool





• Covered Parking





• Centralized AC





• Heating





• Lobby In The Building





• Nearby Be"
pf-sharjah-624,propertyfinder,https://www.propertyfinder.ae/en/plp/rent/apartment-for-rent-sharjah-al-khan-cyan-beach-residence-113738985.html,Luxury 1-BR | Splendid Community | All Amenities,55000,AED,rent,apartment,1,1,698,Al Khan,sharjah,Sharjah,"Sharjah, Al Khan, Maryam Island",25.327938079833984,55.35765838623047,2026-07-09T19:36:58Z,"Property Details :

Price is 55k with one cheque







• 1 Bedroom 





• 1 Washroom





• Balcony





• Furnished





• Area : 698 sqft





• Allotted Parking





• Spacious Hall





• Spacious Bedroom





• Open Kitchen With Cabinets











Amenities :











• Children's Play Area





• GYM





• Pool





• Covered Parking





• Centralized AC





• Heating





• Lobby In"
pf-sharjah-625,propertyfinder,https://www.propertyfinder.ae/en/plp/rent/apartment-for-rent-sharjah-aljada-naseej-district-sokoon-115500715.html,1 BR | Brand New | Ready to Move | Sokoon | Aljada,58000,AED,rent,apartment,1,2,780,Aljada,sharjah,Sharjah,"Sharjah, Aljada, Naseej District",25.318153381347656,55.47466278076172,2026-07-13T19:20:56Z,"1BHK Apartment for Rent in Aljada by Arada Developments

DFR is here to proudly presents this spacious 1BHK apartment in Aljada, one of Sharjah’s most dynamic and modern lifestyle destinations, offering a perfect blend of comfort, convenience, and contemporary living.

Payment Plan Options:

1 Payment: AED **,000 — full upfront payment with a special discounted rate.
2 Payments: AED 5*,000 payable"
pf-sharjah-626,propertyfinder,https://www.propertyfinder.ae/en/plp/rent/apartment-for-rent-sharjah-aljada-naseej-district-sokoon-115929594.html,Aljada Sokoon Brand New Furnished 1BHK 12 Cheques,74999,AED,rent,apartment,1,2,750,Aljada,sharjah,Sharjah,"Sharjah, Aljada, Naseej District",25.318153381347656,55.47466278076172,2026-07-14T11:51:13Z,"Lush green spaces and natural landscaping define the surroundings of this modern community in Sharjah. This 750 sq. ft. apartment sits within a development that prioritizes contemporary architecture and an active lifestyle. The residence provides a clear view of the water and local landmarks, creating a calm environment for daily living. Its layout is Vastu compliant, ensuring a balanced flow thro"
pf-sharjah-627,propertyfinder,https://www.propertyfinder.ae/en/plp/rent/apartment-for-rent-sharjah-al-khan-cyan-beach-residence-114184722.html,Luxurious | Fully Furnished 1-BR Apartment | All f,55000,AED,rent,apartment,1,1,750,Al Khan,sharjah,Sharjah,"Sharjah, Al Khan, Maryam Island",25.327938079833984,55.35765838623047,2026-07-10T19:44:49Z,"Maryam Island boasts a spectacular site commanding stunning Views. It represents a comfort of luxury & adventurous activities within a world-class integrated community.

A luxurious, apartment for Rent in the fascinating Maryam Island beach resort.



High-end finishing and the latest technology safety and security systems with the beautiful view overlooking the pool and park area.



Property Det"
pf-sharjah-628,propertyfinder,https://www.propertyfinder.ae/en/plp/rent/villa-for-rent-sharjah-tilal-city-masaar-kaya-117698143.html,HOT DEAL I LIFT I POOLI G+2 I LANDSCAPE I READY,430000,AED,rent,apartment,5,8,7000,Tilal City,sharjah,Sharjah,"Sharjah, Tilal City, Masaar",25.25731086730957,55.592124938964844,2026-07-18T08:04:54Z,"# Luxury 5-Bedroom Signature Villa with Private Pool | Masaar
kaya


**Rekaz Al Dar Properties** proudly presents this exceptional **5-bedroom Signature Villa** in **Masaar**, Arada's prestigious forest-inspired community in Sharjah. Designed for those who appreciate luxury, privacy, and spacious living, this magnificent residence offers premium finishes, elegant architecture, and outstanding amen"
pf-sharjah-629,propertyfinder,https://www.propertyfinder.ae/en/plp/rent/villa-for-rent-sharjah-tilal-city-masaar-kaya-115505090.html,Luxury 4-Bedroom Villa with Private Pool for Rent,300000,AED,rent,apartment,4,6,5000,Tilal City,sharjah,Sharjah,"Sharjah, Tilal City, Masaar",25.25731086730957,55.592124938964844,2026-07-13T21:14:05Z,"Experience an exceptional lifestyle in this luxurious 4-bedroom villa with a private swimming pool located in the prestigious Kaya, Masaar community by Arada. Designed with contemporary architecture, elegant interiors, and premium finishes, this stunning villa offers the perfect blend of comfort, privacy, and sophistication for modern family living.

The villa features expansive open-plan living a"
pf-sharjah-630,propertyfinder,https://www.propertyfinder.ae/en/plp/rent/villa-for-rent-sharjah-tilal-city-tilal-city-a-115495275.html,Brand New Luxury 5BR Villa|Easy Access to Dubai,155000,AED,rent,apartment,5,6,3800,Tilal City,sharjah,Sharjah,"Sharjah, Tilal City",25.265644073486328,55.585567474365234,2026-07-13T15:00:23Z,"Access this five-bedroom apartment through the building entrance, which includes two dedicated covered parking slots for your vehicles. Spanning 3,800 sqft, this residence provides a substantial footprint for those needing extra room. The layout is semi-furnished, allowing you to integrate your own pieces while utilizing the existing kitchen appliances provided in the unit.

The interior features "
pf-sharjah-631,propertyfinder,https://www.propertyfinder.ae/en/plp/rent/villa-for-rent-sharjah-sharjah-sustainable-city-116799061.html,Corner 3bedRoom All Room Master Just 140k 4 pay,140000,AED,rent,apartment,3,5,3550,Sharjah,sharjah,Sharjah,Sharjah,25.35654640197754,55.55231857299805,2026-07-16T06:11:09Z,"This unfurnished three-bedroom villa spans 3550 sqft across two floors, offering a practical layout for those who prefer to customize their living environment. The property includes five bathrooms and a built-up area of 3850 sqft, providing ample room for daily activities and personal organization.

The interior layout focuses on functional space, allowing you to arrange your furniture and decor t"
pf-sharjah-632,propertyfinder,https://www.propertyfinder.ae/en/plp/rent/villa-for-rent-sharjah-tilal-city-masaar-kaya-108601924.html,Luxury 4-BR Villa with Private Pool for Rent-KAYA,255000,AED,rent,apartment,4,6,5000,Tilal City,sharjah,Sharjah,"Sharjah, Tilal City, Masaar",25.25731086730957,55.592124938964844,2026-06-28T08:49:48Z,"Experience refined family living in this exceptional 4-bedroom villa with a private swimming pool in Kaya, Masaar, one of Sharjah's most prestigious gated communities by Arada. Surrounded by lush greenery and designed with contemporary architecture, this home offers the perfect combination of luxury, comfort, and privacy.

The villa features spacious open-plan living and dining areas filled with n"
pf-sharjah-633,propertyfinder,https://www.propertyfinder.ae/en/plp/rent/villa-for-rent-sharjah-al-badie-hoshi-hoshi-1-115471118.html,Upgraded 5BedRoom with Balcony For Rent in Hoshi,175000,AED,rent,apartment,5,7,7000,Al Badie,sharjah,Sharjah,"Sharjah, Al Badie, Hoshi",25.264724731445312,55.51609420776367,2026-07-13T09:05:14Z,"Unlike many standard villas in the area, this 5-bedroom residence in Al Badie features a significant 7000 sqft layout that has been fully upgraded. The two-story home provides a generous amount of space for those who prefer an unfurnished environment, allowing you to arrange the interior to suit your specific needs. The floor plan is practical, with seven bathrooms and a dedicated maid's room, ens"
pf-sharjah-634,propertyfinder,https://www.propertyfinder.ae/en/plp/rent/villa-for-rent-sharjah-tilal-city-tilal-city-a-118581342.html,5-Bedroom Modern Villa | for Rent,189999,AED,rent,apartment,5,7,4300,Tilal City,sharjah,Sharjah,"Sharjah, Tilal City",25.265644073486328,55.585567474365234,2026-07-20T09:38:33Z,"5-Bedroom Villa with Study Room | Spacious Family Home for Rent in Tilal City, Sharjah

Description:
Discover this beautifully designed 5-bedroom villa for rent in Tilal City, Sharjah, offering the perfect combination of space, comfort, and modern living. Spread across 4,350 sq. ft., this spacious home features five generously sized bedrooms, a dedicated study room, a maid’s room, and a stunning s"
pf-sharjah-635,propertyfinder,https://www.propertyfinder.ae/en/plp/rent/villa-for-rent-sharjah-tilal-city-masaar-kaya-118579703.html,Lavish 5bed pool villa II Kaya II Masaar,320000,AED,rent,apartment,5,6,5850,Tilal City,sharjah,Sharjah,"Sharjah, Tilal City, Masaar",25.25731086730957,55.592124938964844,2026-07-20T09:16:20Z,"Key Features:
Close to the entertainment and retail zone
Direct access to parks from every home
Easy access to active park with outdoor sporting facilities
Easy access to five-kilometer cycling path
Garden access to forested green spine with walks and quiet zones
Modern, contemporary design with floor-to-ceiling windows
Warm and cool exterior color schemes.

Facilities
Smart home features
Smart li"
pf-sharjah-636,propertyfinder,https://www.propertyfinder.ae/en/plp/rent/villa-for-rent-sharjah-tilal-city-masaar-sendian-118139880.html,Private Pool|Smart 4BR Home|Landscaping Done,299850,AED,rent,apartment,4,6,5212,Tilal City,sharjah,Sharjah,"Sharjah, Tilal City, Masaar",25.25870132446289,55.592369079589844,2026-07-19T08:49:36Z,"Welcome to the Apple Properties.
Apple Properties is extremely proud to present this fantastic apartment located in Muwaileh, Front of Sharjah.


About the Townhouse 
● 4 Bedroom Hall
● 6 Bathroom
● Unfurnished
● Central Ac
● Central Gass
● Balcony 
● Maid Room
● Private Garden 
● Private Pool
● Covered Parking 


Payment Details:
● Rent: - 300k
● Deposit: - 5%
● Payments 4


Townhouse Details: -
"
pf-sharjah-637,propertyfinder,https://www.propertyfinder.ae/en/plp/rent/villa-for-rent-sharjah-al-heerah-al-rifa-ah-115050116.html,Luxury Family Living | 4 Bedroom Villa with Maid's,99999,AED,rent,apartment,3,4,3500,Al Heerah,sharjah,Sharjah,"Sharjah, Al Heerah",25.391666412353516,55.42155075073242,2026-07-12T19:06:56Z,"Discover the perfect home for your family in this spacious and beautifully maintained 4-bedroom villa with a maid's room, ideally located in the peaceful residential community of Al Riffa, Sharjah. Offering generous living spaces, privacy, and a family-friendly environment, this villa is an excellent choice for those seeking comfort and convenience.

The villa features four well-sized bedrooms wit"
pf-sharjah-638,propertyfinder,https://www.propertyfinder.ae/en/plp/rent/villa-for-rent-sharjah-tilal-city-tilal-city-a-118599162.html,Brand new 5 BHK Villa | Tilal City Sharjah | 190K,189999,AED,rent,apartment,5,7,4350,Tilal City,sharjah,Sharjah,"Sharjah, Tilal City",25.265644073486328,55.585567474365234,2026-07-20T13:51:14Z,"**Luxury 5-Bedroom Independent Villa for Rent in Tilal City, Sharjah – AED 190,000 Yearly**

Experience premium family living in this **stunning independent 5-bedroom villa** located in the prestigious **Tilal City, Sharjah**. Designed with spacious interiors, elegant architecture, and high-quality finishes, this villa offers the perfect combination of luxury, comfort, and privacy for modern famil"
pf-sharjah-639,propertyfinder,https://www.propertyfinder.ae/en/plp/rent/villa-for-rent-sharjah-tilal-city-masaar-kaya-112733875.html,4 BR Villa in Kaya Cluster with Private Pool,280000,AED,rent,apartment,4,6,5500,Tilal City,sharjah,Sharjah,"Sharjah, Tilal City, Masaar",25.25731086730957,55.592124938964844,2026-07-07T07:59:46Z,"This 4-bedroom villa in the Kaya cluster spans 5,500 sqft, offering a layout that captures natural light and promotes airflow throughout the living spaces. The design balances indoor comfort with outdoor access, ensuring the home remains temperate during the warmer months. With a built-up area of 4,003 sqft, the residence provides a grounded, practical environment for daily living.

The interior f"
pf-sharjah-640,propertyfinder,https://www.propertyfinder.ae/en/plp/rent/villa-for-rent-sharjah-tilal-city-masaar-kaya-116818899.html,BEST OFFER-5BHK FOREST VILLA-PREMIUM LANDSCAPING,339950,AED,rent,apartment,5,8,6000,Tilal City,sharjah,Sharjah,"Sharjah, Tilal City, Masaar",25.25731086730957,55.592124938964844,2026-07-16T12:12:25Z,"* **Luxury 5-Bedroom Forest Villa for Rent – Kaya, Masaar, Sharjah**
* **Annual Rent:** AED **340,000**
* **Flexible Payment Plan:** **1 or 2 Payments**

### Property Features

* 5 Spacious **Master Bedrooms**
* 8 Modern Bathrooms
* Separate **Maid's Room**
* Separate **Driver's Room**
* Private Swimming Pool
* Fully Landscaped Garden
* Premium High-End Finishes Throughout
* Spacious Living & Dini"
pf-sharjah-641,propertyfinder,https://www.propertyfinder.ae/en/plp/rent/villa-for-rent-sharjah-al-riqqa-al-jazzat-116354410.html,Brand New Luxury Villa in Al Jazzat,160000,AED,rent,apartment,5,8,5000,Al Riqqa,sharjah,Sharjah,"Sharjah, Al Riqqa",25.36454200744629,55.427001953125,2026-07-15T06:38:13Z,"Exceptional annual rental opportunity in Al Jazzat, featuring a brand-new luxury villa with elegant finishes, spacious interiors, and a modern design ideal for families seeking privacy and premium living.

The villa features high-quality parquet flooring throughout and offers both indoor and outdoor parking spaces. A private yard adds extra outdoor living space and enhances the overall comfort of "
pf-sharjah-642,propertyfinder,https://www.propertyfinder.ae/en/plp/rent/villa-for-rent-sharjah-tilal-city-masaar-sendian-115942852.html,PRIME UNIT_PRIVATE POOL_FULL PRIVACY_+MAJLIS,289500,AED,rent,apartment,5,7,6250,Tilal City,sharjah,Sharjah,"Sharjah, Tilal City, Masaar",25.25870132446289,55.592369079589844,2026-07-14T16:00:18Z,"Nature-Inspired Living at Sendian, Masaar – Sharjah

Welcome to Sendian, the first neighborhood within Masaar by Arada, where contemporary design meets natural beauty to create a truly balanced community. Thoughtfully planned to bring peace, comfort, and connection, Sendian offers a lifestyle surrounded by greenery, smart features, and a vibrant sense of belonging.

Community Highlights:

Serene, "
pf-sharjah-643,propertyfinder,https://www.propertyfinder.ae/en/plp/rent/villa-for-rent-sharjah-tilal-city-masaar-kaya-116796861.html,4BR Private Corner Villa | with Pool | Landscaped,270000,AED,rent,apartment,4,6,4006,Tilal City,sharjah,Sharjah,"Sharjah, Tilal City, Masaar",25.25731086730957,55.592124938964844,2026-07-16T04:52:22Z,"Step into a lifestyle of wellness and luxury with this stunning, brand-new 4-bedroom standalone villa located in the heart of Masaar. 
This home seamlessly blends high-end architecture with the tranquility of a forest-themed sanctuary.
AVAILABLE FROM JUNE 2026, Advance Booking.

Payment Details:
Annual Rent: AED 280,000 
Payment Plan:  upto 4 Cheques

Property Highlights:
Private Oasis: Large land"
pf-sharjah-644,propertyfinder,https://www.propertyfinder.ae/en/plp/rent/villa-for-rent-sharjah-sharjah-sustainable-city-117711064.html,spacious 4 BHK | sustainable city Sharjah | 140K,140000,AED,rent,apartment,4,5,2900,Sharjah,sharjah,Sharjah,Sharjah,25.35654640197754,55.55231857299805,2026-07-18T12:07:40Z,"**Spacious 4-Bedroom Townhouse for Rent in Sharjah Sustainable City – AED 140,000 Yearly**

Experience modern, eco-friendly living in one of Sharjah's most innovative communities. This spacious 4-bedroom townhouse in Sharjah Sustainable City offers the perfect blend of comfort, style, and sustainability, making it an excellent choice for families seeking a premium lifestyle.

The townhouse feature"
pf-sharjah-645,propertyfinder,https://www.propertyfinder.ae/en/plp/rent/villa-for-rent-sharjah-al-heerah-sharqan-118138337.html,Five Bedroom Villa No Deposit Private Pool Area,149987,AED,rent,apartment,5,6,5000,Al Heerah,sharjah,Sharjah,"Sharjah, Al Heerah",25.381757736206055,55.41043472290039,2026-07-19T08:06:56Z,"Beautiful Villa for Annual Rent in Sharqan Al Heerah Suburb
Villa for Annual Rent
Villa Details
The Villa Consists of Two Floors
Ground Floor
Spacious Majlis with Separate Entrance and Balcony
Spacious Living Hall
Spacious Bedroom
Master Maid Room
Two Bathrooms
Large Modern Kitchen with Direct Access to the Garden
First Floor
Four Spacious Bedrooms
Three Bathrooms
Four Balconies
Spacious Family Ha"
pf-sharjah-646,propertyfinder,https://www.propertyfinder.ae/en/plp/rent/villa-for-rent-sharjah-tilal-city-masaar-kaya-114153103.html,Corner Villa | Private Pool | Walk to Amenities,275000,AED,rent,apartment,4,6,4006,Tilal City,sharjah,Sharjah,"Sharjah, Tilal City, Masaar",25.25731086730957,55.592124938964844,2026-07-10T07:52:12Z,"Experience luxury family living in this exceptional 4-bedroom corner villa in Kaya, Masaar, thoughtfully upgraded and presented in immaculate move-in-ready condition. With a highly functional layout that comfortably accommodates 5 bedrooms, this home offers outstanding value compared to standard 5-bedroom villas in the community.

The ground-floor majlis features an attached shower and bathroom, m"
pf-sharjah-647,propertyfinder,https://www.propertyfinder.ae/en/plp/rent/villa-for-rent-sharjah-al-heerah-al-rifa-ah-115927925.html,Villa for Rent in Al Riffa | Near Al Heerah Beach,100000,AED,rent,apartment,3,5,4000,Al Heerah,sharjah,Sharjah,"Sharjah, Al Heerah",25.391666412353516,55.42155075073242,2026-07-14T11:27:23Z,"Luxury Villa for Rent in Al Riffa – Just 200 Meters from Al Heerah Beach

Experience premium living in a peaceful and highly desirable location just moments from the beach. This beautifully renovated villa offers generous living spaces, privacy, and comfort, making it an ideal home for families seeking a high-quality lifestyle.

Property Features:

 Location: Al Riffa – only 200 meters from Al Hee"
pf-sharjah-648,propertyfinder,https://www.propertyfinder.ae/en/plp/rent/villa-for-rent-sharjah-al-badie-hoshi-hoshi-2-116826491.html,EXCLUSIVE CORNER Upgraded Villa 140K in 2 Chq,140000,AED,rent,apartment,4,6,5100,Al Badie,sharjah,Sharjah,"Sharjah, Al Badie, Hoshi",25.25591278076172,55.52811050415039,2026-07-16T13:38:11Z,"For the family seeking a generous living space in a well-connected area, this upgraded 4-bedroom villa offers 5,100 sqft of interior area and a 6,000 sqft built-up area. The single-floor layout provides a practical flow, while the six bathrooms ensure convenience for all residents. As an unfurnished property, it allows you to personalize the interiors to suit your specific needs and style preferen"
pf-sharjah-649,propertyfinder,https://www.propertyfinder.ae/en/plp/rent/villa-for-rent-sharjah-tilal-city-masaar-sendian-112281042.html,Well Upgraded | Pool | BBQ & Sunken Sitting Area,520000,AED,rent,apartment,5,7,6051,Tilal City,sharjah,Sharjah,"Sharjah, Tilal City, Masaar",25.25870132446289,55.592369079589844,2026-07-06T07:52:23Z,"Betterhomes is delighted to introduce to you a Luxury standalone 5BR villa with private pool in Sendian, Masaar.

All pictures are original and related to the same unit.

Prime Location
4 minutes from Nasma Central Park, Tilal Mall, Sharjah Moque, Sharjah Botanical Garden, Sharjah Convention Centre
5 minutes to Dubai
15 Minutes to Sharjah international Airport
20 Minutes to University city
25 Minu"
pf-sharjah-650,propertyfinder,https://www.propertyfinder.ae/en/plp/rent/villa-for-rent-sharjah-al-badie-hoshi-hoshi-1-116357721.html,Spacious 4BR Villa Separate Majlis in Al Badie,150000,AED,rent,apartment,5,7,5000,Al Badie,sharjah,Sharjah,"Sharjah, Al Badie, Hoshi",25.264724731445312,55.51609420776367,2026-07-15T08:08:24Z,"Drive into your private covered parking area to access this five-bedroom villa in Al Badie. Spanning 5,000 sqft of built-up area, this single-story residence provides a generous footprint for your household. The layout is Vastu-compliant, ensuring a balanced flow throughout the home. As an unfurnished property, it allows you to arrange the interior according to your specific needs and aesthetic pr"
pf-sharjah-651,propertyfinder,https://www.propertyfinder.ae/en/plp/rent/villa-for-rent-sharjah-muwaileh-commercial-al-zahia-al-zahia-4-119030597.html,End Unit 4BR Semi-Detached Villa | Private Garden,180000,AED,rent,apartment,4,5,3229,Muwaileh Commercial,sharjah,Sharjah,"Sharjah, Muwaileh Commercial, Al Zahia",25.321229934692383,55.46369552612305,2026-07-21T09:07:22Z,"Experience elevated family living in this spacious 4-bedroom semi-detached villa, ideally located in the sought-after Al Lilac community within Al Zahia, Sharjah. Positioned as an end unit, the villa offers enhanced privacy, additional outdoor space, and excellent natural light—making it an ideal choice for families seeking a comfortable home in a secure and well-connected community. 

Property De"
pf-sharjah-652,propertyfinder,https://www.propertyfinder.ae/en/plp/rent/villa-for-rent-sharjah-al-heerah-al-rifa-ah-118138358.html,4BR Villa Modern Finish Deferred Deposit PrimeArea,94987,AED,rent,apartment,4,5,3500,Al Heerah,sharjah,Sharjah,"Sharjah, Al Heerah",25.391666412353516,55.42155075073242,2026-07-19T08:08:12Z,"Beautiful Villa for Annual Rent in Al Rifaah Al Heerah Suburb
Villa for Annual Rent
Villa Details
The Villa Consists of Two Floor
Ground Floor
Spacious Majlis
Spacious Master Bedroom
Two Bathrooms
Large Kitchen with Elegant Finishing
First Floor
Three Spacious Master Bedrooms
Three Bathrooms
Balcony
Additional Features
Private Garden
Central Air Conditioning
Modern Finishing
Indoor Parking
Locatio"
pf-sharjah-653,propertyfinder,https://www.propertyfinder.ae/en/plp/rent/villa-for-rent-sharjah-al-badie-barashi-115466869.html,Spacious 5BR Villa Al Badie With Big Garden view,150000,AED,rent,apartment,5,8,10000,Al Badie,sharjah,Sharjah,"Sharjah, Al Badie",25.28628158569336,55.582950592041016,2026-07-13T08:14:47Z,"Spacious 5Bedrooms with All The master bedroom serves as a quiet retreat, featuring an en-suite bathroom and generous closet space. This 5-bedroom villa spans 7500 sqft of built-up area on a 10000 sqft plot, providing a private and comfortable living environment.

This unfurnished home offers a flexible layout across one floor, allowing you to arrange the space to suit your needs. The interior inc"
pf-sharjah-654,propertyfinder,https://www.propertyfinder.ae/en/plp/rent/villa-for-rent-sharjah-al-badie-barashi-115465620.html,Special 3BR Villa With 2 Master Beds 5 Washrooms,110000,AED,rent,apartment,3,5,3200,Al Badie,sharjah,Sharjah,"Sharjah, Al Badie",25.28628158569336,55.582950592041016,2026-07-13T07:55:50Z,"Natural light streams through the windows of this 3,200 sqft villa, highlighting the open floor plan and the single-story layout. This 3-bedroom home provides a generous 2,500 sqft of built-up area, offering a grounded and practical living environment for those who appreciate a straightforward design. The interior remains unfurnished, allowing you to arrange your own furniture and finishes to suit"
pf-sharjah-655,propertyfinder,https://www.propertyfinder.ae/en/plp/rent/villa-for-rent-sharjah-tilal-city-tilal-city-a-105544645.html,Near Dubai | independent 5-Master BR | Ready Villa,170000,AED,rent,apartment,5,7,7000,Tilal City,sharjah,Sharjah,"Sharjah, Tilal City",25.265644073486328,55.585567474365234,2026-06-21T12:18:58Z,"Imran real estate is a well Known established Company that caters to all types of property needs in Sharjah and the UAE. Whether you are looking to rent, buy, or sell property in Sharjah, we are the ones who promise to provide you with efficient, dedicated, and professional services in all areas of your operations.

1st come 1st Serve.

Please Don't Miss This Amazing Offer
Ready To Move 

All Amen"
pf-sharjah-656,propertyfinder,https://www.propertyfinder.ae/en/plp/rent/villa-for-rent-sharjah-muwaileh-commercial-al-zahia-uptown-al-zahia-109515921.html,Stunning Fully Furnished Orchid Villa | 6BR |,299999,AED,rent,apartment,6,9,5900,Muwaileh Commercial,sharjah,Sharjah,"Sharjah, Muwaileh Commercial, Al Zahia",25.314794540405273,55.458248138427734,2026-06-30T16:30:12Z,"Elegant 6 Bedroom Fully Furnished Villa | Orchid | Al Zahia | Ready to Move In

Description
Discover refined living in this exceptional 6-bedroom Orchid Villa located in the prestigious Al Zahia, Sharjah. This beautifully furnished two-storey home offers expansive living spaces, premium interiors, and a thoughtfully designed layout that perfectly suits modern family living.
With spacious bedrooms,"
pf-sharjah-657,propertyfinder,https://www.propertyfinder.ae/en/plp/rent/villa-for-rent-sharjah-tilal-city-masaar-kaya-105989246.html,"2-Bedroom Villa with Private Garden ,Massar",115000,AED,rent,apartment,2,4,1900,Tilal City,sharjah,Sharjah,"Sharjah, Tilal City, Masaar",25.25731086730957,55.592124938964844,2026-06-22T15:54:55Z,"Security personnel monitor the premises around the clock, while the community management team handles all common area maintenance and waste collection services. This two-bedroom villa, developed by Arada, offers a total built-up area of 2300 sqft on a 1900 sqft plot. The layout provides a functional living environment, including four bathrooms and two dedicated parking slots, ensuring that daily r"
pf-sharjah-658,propertyfinder,https://www.propertyfinder.ae/en/plp/rent/villa-for-rent-sharjah-tilal-city-masaar-113244271.html,Lavish 5BR Villa || Kaya || Masaar,350000,AED,rent,apartment,5,6,5700,Tilal City,sharjah,Sharjah,"Sharjah, Tilal City",25.259092330932617,55.59673309326172,2026-07-08T07:21:01Z,"Masaar a residential green sanctuary master-planned by Arada to deliver the ultimate life style transformation for its residents. 

Key features
Easy access to five-kilometer cycling path
Easy access to entertainment and retail zone
Easy access to sports facilities
Modern, contemporary design with floor-to-ceiling windows
Trees integrated into design of every home
Smart home features as standard f"
pf-sharjah-659,propertyfinder,https://www.propertyfinder.ae/en/plp/rent/villa-for-rent-sharjah-tilal-city-masaar-kaya-116817950.html,Luxury 4BR Villa | Private Pool | Premium Kaya,255000,AED,rent,apartment,4,5,4800,Tilal City,sharjah,Sharjah,"Sharjah, Tilal City, Masaar",25.25731086730957,55.592124938964844,2026-07-16T12:00:40Z,"Experience refined living in this stunning 4-bedroom villa with a private pool, located in Kaya, one of the most prestigious communities within Masaar.

Designed to offer the perfect balance of luxury, comfort, and privacy, this exceptional villa features spacious interiors, contemporary architecture, and premium finishes throughout. Large floor-to-ceiling windows flood the home with natural light"
pf-sharjah-660,propertyfinder,https://www.propertyfinder.ae/en/plp/rent/villa-for-rent-sharjah-al-heerah-sharqan-114180789.html,4BR 5 Bath Room Villa for Annual Rent in Sharqan,119987,AED,rent,apartment,4,5,4000,Al Heerah,sharjah,Sharjah,"Sharjah, Al Heerah",25.381757736206055,55.41043472290039,2026-07-10T15:36:41Z,"Beautiful Villa for Annual Rent in Sharqan Al Heerah
Annual Villa for Rent
Villa Details
The Villa Consists of Two Floors
First Floor
Two Spacious Majlis with Guest Bathroom
Spacious Living Hall
Large Kitchen with Elegant Finishing and Direct Access to the Garden
Second Floor
Four Spacious Bedrooms
Three Bathrooms
Spacious Living Hall
Additional Features
Separate External Annex
Balconies with Open"
pf-sharjah-661,propertyfinder,https://www.propertyfinder.ae/en/plp/rent/villa-for-rent-sharjah-al-tai-nasma-residence-113730903.html,Luxury 4BHK Villa with Private Garden | Spacious |,139999,AED,rent,apartment,4,6,5000,Al Tai,sharjah,Sharjah,"Sharjah, Al Tai",25.24751091003418,55.589874267578125,2026-07-09T14:01:52Z,"**4BHK Villa with Private Garden for Rent in Al Tai, Sharjah – Key Features**

* Spacious **4-bedroom villa** available for rent in the peaceful and family-friendly **Al Tai, Sharjah**.
* Expansive **5,000 sq. ft.** layout designed for luxurious and comfortable family living.
* All **4 bedrooms are master bedrooms**, each featuring an en-suite bathroom and built-in wardrobes for maximum privacy an"
pf-sharjah-662,propertyfinder,https://www.propertyfinder.ae/en/plp/rent/villa-for-rent-sharjah-al-tai-nasma-residence-113730870.html,Family Home | Premium Finishes | Modern Design |,140000,AED,rent,apartment,5,7,5000,Al Tai,sharjah,Sharjah,"Sharjah, Al Tai",25.24751091003418,55.589874267578125,2026-07-09T14:01:31Z,"**5BHK Twin Villa for Rent in Al Tai, Sharjah – Key Features**

* Spacious **5-bedroom twin villa** available for rent in the prestigious **Al Tai, Sharjah**.
* Expansive **5,000 sq. ft.** layout designed for luxurious and comfortable family living.
* **5 master bedrooms**, each featuring an en-suite bathroom and built-in wardrobes for maximum privacy and convenience.
* Elegant **Majlis** with a s"
pf-sharjah-663,propertyfinder,https://www.propertyfinder.ae/en/plp/rent/villa-for-rent-sharjah-al-heerah-sharqan-114180697.html,Sharqan Villa Central AC Built in Wardrobes Rent,84999,AED,rent,apartment,3,3,3000,Al Heerah,sharjah,Sharjah,"Sharjah, Al Heerah",25.381757736206055,55.41043472290039,2026-07-10T15:34:03Z,"A family villa for rent in Sharqan, featuring spacious areas, ready-to-move-in finishes, and a practical two-story layout. Its quiet location offers comfort and easy access to services.
Villa Details:
3 Bedrooms
Large and comfortable living room
Two separate entrances
Practical kitchen
Treasury room
Independent study room
Spacious living room
Reception area for receiving guests
Practical kitchen
T"
pf-sharjah-664,propertyfinder,https://www.propertyfinder.ae/en/plp/rent/villa-for-rent-sharjah-al-badie-barashi-113263961.html,5 Bhk Villa Wilth All Master Bedroom,150000,AED,rent,apartment,5,8,12000,Al Badie,sharjah,Sharjah,"Sharjah, Al Badie",25.28628158569336,55.582950592041016,2026-07-08T11:18:23Z,"This single-story villa by Barashi spans 1200 sqft and provides a functional layout for those seeking a home in the Northern Emirates. The property includes four bedrooms and five bathrooms, offering a practical arrangement for daily living. As an unfurnished residence, it allows you to arrange your own furniture and decor to suit your personal preferences. The interior is designed to be straightf"
pf-sharjah-665,propertyfinder,https://www.propertyfinder.ae/en/plp/rent/villa-for-rent-sharjah-al-badie-barashi-113261153.html,Spacious Layout 4Bhk villa 125K Barashi Sharjah,120000,AED,rent,apartment,4,4,5000,Al Badie,sharjah,Sharjah,"Sharjah, Al Badie",25.28628158569336,55.582950592041016,2026-07-08T10:40:54Z,"The balcony of this 4-bedroom villa provides a clear view of the local landmark, offering a quiet space to start the day. Spanning 5000 sqft of built-up area, this single-story home sits on a generous plot in the Al Badie community, providing a grounded living experience that balances indoor comfort with outdoor potential.

Inside, the unfurnished layout allows for personal configuration across th"
pf-sharjah-666,propertyfinder,https://www.propertyfinder.ae/en/plp/rent/villa-for-rent-sharjah-al-badie-hoshi-hoshi-1-113259303.html,Like A New 4BR Villa G+2 Floor Maids/Store/Laundr,140000,AED,rent,apartment,4,5,2500,Al Badie,sharjah,Sharjah,"Sharjah, Al Badie, Hoshi",25.264724731445312,55.51609420776367,2026-07-08T10:21:05Z,"Secure this 4-bedroom villa in Al Badie for 140,000 AED per year, payable in 4 cheques. This two-floor residence offers 3700 sqft of built-up area on a 2500 sqft plot. As an unfurnished property, it provides a functional layout that allows you to arrange your furniture and decor to suit your personal preferences. The home is one year old, ensuring a well-maintained environment for your family.

Th"
pf-sharjah-667,propertyfinder,https://www.propertyfinder.ae/en/plp/rent/villa-for-rent-sharjah-al-badie-hoshi-hoshi-2-113258544.html,Brand New 5BR Villa in Al Badie with Driver Room,180000,AED,rent,apartment,5,8,4800,Al Badie,sharjah,Sharjah,"Sharjah, Al Badie, Hoshi",25.25591278076172,55.52811050415039,2026-07-08T10:12:27Z,"This 5-bedroom villa in Al Badie spans 4800 square feet of living space, offering a single-floor layout that emphasizes comfort and utility. The property provides 8 bathrooms and a built-up area of 5500 square feet, ensuring ample room for daily activities. Its orientation and design are Vastu-compliant, catering to specific spatial preferences while maintaining a functional flow throughout the re"
pf-sharjah-668,propertyfinder,https://www.propertyfinder.ae/en/plp/rent/villa-for-rent-sharjah-al-heerah-al-rifa-ah-115927953.html,Luxury Fully Renovated Corner Villa |,100000,AED,rent,apartment,3,5,4000,Al Heerah,sharjah,Sharjah,"Sharjah, Al Heerah",25.391666412353516,55.42155075073242,2026-07-14T11:27:43Z,"# Fully Renovated Corner Villa for Annual Rent | Spacious Layout | Near the Beach

Experience luxury, comfort, and privacy in this beautifully renovated standalone corner villa located in the prestigious Al Rifa'a area. Offering generous living spaces, modern finishes, and a peaceful family-friendly environment, this villa is an excellent choice for those seeking a premium home.

## Property Highl"
pf-sharjah-669,propertyfinder,https://www.propertyfinder.ae/en/plp/rent/villa-for-rent-sharjah-muwaileh-commercial-al-zahia-115927905.html,Luxury 3-Bedroom Townhouse for Rent in Al Jouri,150000,AED,rent,apartment,3,4,2823,Muwaileh Commercial,sharjah,Sharjah,"Sharjah, Muwaileh Commercial",25.314496994018555,55.45737838745117,2026-07-14T11:27:06Z,"Luxury 3 Bedroom Townhouse for Rent in Al Jouri Al Zahia Prime Location

True Home Real Estate is delighted to present this elegant three bedroom townhouse for rent in Al Jouri at Al Zahia, one of Sharjah's most prestigious residential communities. This beautifully designed home offers spacious interiors, modern finishes, and a peaceful family friendly lifestyle.

The property features three spaci"
pf-sharjah-670,propertyfinder,https://www.propertyfinder.ae/en/plp/rent/villa-for-rent-sharjah-al-heerah-al-rifa-ah-115934468.html,Annual Spacious Villa for Rent in Al Rifaah Area,99987,AED,rent,apartment,3,3,3000,Al Heerah,sharjah,Sharjah,"Sharjah, Al Heerah",25.391666412353516,55.42155075073242,2026-07-14T13:07:56Z,"Beautiful Villa for Annual Rent in Al Rifaah Al Heerah
Annual Villa for Rent
Villa Details
The Villa Consists of Two Floors
First Floor
Spacious Majlis with Guest Bathroom
Spacious Living Hall
Large Kitchen with Elegant Finishing and Direct Access to the Garden
Second Floor
Three Spacious Bedrooms
Two Bathrooms
Spacious Living Hall
Large Storage Room
Additional Features
Modern Finishing
Spacious I"
pf-sharjah-671,propertyfinder,https://www.propertyfinder.ae/en/plp/rent/villa-for-rent-sharjah-sharjah-waterfront-city-sun-island-118600484.html,Furnished villa in a beautiful location | 5 bedroo,190000,AED,rent,apartment,5,7,7500,Sharjah Waterfront City,sharjah,Sharjah,"Sharjah, Sharjah Waterfront City, Ajmal Makan City",25.497648239135742,55.5338134765625,2026-07-20T14:10:17Z,"Experience premium living in this exceptional fully furnished villa located in Al Hamriyah, Sharjah. Featuring luxury hotel-style furniture, spacious interiors, and outstanding outdoor facilities including a private swimming pool, landscaped garden, and BBQ area, this villa is designed for families seeking comfort, elegance, and privacy.

Property Details

5 Master Bedrooms

Spacious Living Area

"
pf-sharjah-672,propertyfinder,https://www.propertyfinder.ae/en/plp/rent/villa-for-rent-sharjah-muwaileh-commercial-al-zahia-al-zahia-1-79852853.html,Spacious Luxury 5BR Villa Prime Al Zahia Sharjah,249999,AED,rent,apartment,5,7,7000,Muwaileh Commercial,sharjah,Sharjah,"Sharjah, Muwaileh Commercial, Al Zahia",25.314496994018555,55.45737838745117,2026-04-22T13:59:05Z,"We are Offer you Premium  5BR Villa For Rent Available In Zahia  Sharjah. It is located Near Sharjah Airport.

About Sustainable CIty Sharjah:
Al Zahia  is a self-sustained mixed-use community in Umm Fannain, Sharjah. The environment-friendly area is designed to improve the quality of life to create a sustainable community future generations.

Payments:
- 5% Agency Fee
- 5% Booking Deposit (Refund"
pf-sharjah-673,propertyfinder,https://www.propertyfinder.ae/en/plp/rent/villa-for-rent-sharjah-sharjah-waterfront-city-ajmal-makan-city-azura-villas-118604002.html,"Luxury villa, first occupancy, in Al Hamriya City",250000,AED,rent,apartment,5,7,5500,Sharjah Waterfront City,sharjah,Sharjah,"Sharjah, Sharjah Waterfront City, Ajmal Makan City",25.497631072998047,55.53403854370117,2026-07-20T16:25:06Z,"Luxury Brand-New Villa for Annual Rent – Al Hamriyah, Sharjah

Discover an exceptional waterfront lifestyle in this brand-new luxury villa located in the prestigious Al Hamriyah area of Sharjah. Designed with elegant architecture and premium finishes, this spacious villa offers privacy, comfort, and breathtaking sea views, making it the perfect home for families seeking an exclusive residential ex"
pf-sharjah-674,propertyfinder,https://www.propertyfinder.ae/en/plp/rent/villa-for-rent-sharjah-sharjah-waterfront-city-ajmal-makan-city-azura-villas-118603491.html,Luxury furnished villa in the most beautiful area,190000,AED,rent,apartment,5,7,5500,Sharjah Waterfront City,sharjah,Sharjah,"Sharjah, Sharjah Waterfront City, Ajmal Makan City",25.497631072998047,55.53403854370117,2026-07-20T15:59:37Z,"Luxury Fully Furnished Villa for Annual Rent in Al Hamriyah – Sharjah

Experience premium living in this exceptional luxury villa located in the prestigious Al Hamriyah area of Sharjah. Beautifully designed and fully furnished with elegant hotel-style furniture, this villa offers spacious interiors, outstanding outdoor facilities, and complete privacy, making it an ideal residence for families see"
pf-sharjah-675,propertyfinder,https://www.propertyfinder.ae/en/plp/rent/villa-for-rent-sharjah-sharjah-waterfront-city-sun-island-118145881.html,3 Master Bedroom Villa in Ajmal Makan City Sharjah,140000,AED,rent,apartment,3,4,4000,Sharjah Waterfront City,sharjah,Sharjah,"Sharjah, Sharjah Waterfront City, Ajmal Makan City",25.497648239135742,55.5338134765625,2026-07-19T12:16:51Z,"Annual Rental

A luxurious villa for rent in Ajmal Makan

A stylish villa with spacious areas offering comfort privacy and a premium lifestyle in a prime location

3 master bedrooms

Built in wardrobes

Central air conditioning

Master maid room

Huge rooftop area

Excellent spacious layout

Covered parking space for 2 cars

Prime location close to major roads and landmarks

Near Sheikh Mohammed B"
pf-sharjah-676,propertyfinder,https://www.propertyfinder.ae/en/plp/rent/villa-for-rent-sharjah-al-heerah-sharqan-118144249.html,4BR Villa with Pool | Private Garden in Sharqan,140000,AED,rent,apartment,4,7,5000,Al Heerah,sharjah,Sharjah,"Sharjah, Al Heerah",25.381757736206055,55.41043472290039,2026-07-19T11:21:39Z,"Annual Rental

A luxurious villa for rent in Sharqan area Sharjah

A premium villa with modern elegant designs and spacious areas combining luxury comfort and privacy

Covered swimming pool

Private covered parking for 2 cars

4 master bedrooms

Master maid room

7 bathrooms

Central air conditioning

Built in wardrobes

Laundry room

Large balcony with panoramic view

Excellent garden and spaciou"
pf-sharjah-677,propertyfinder,https://www.propertyfinder.ae/en/plp/rent/villa-for-rent-sharjah-sharjah-sustainable-city-113730917.html,! End Corner || Bigger Size 04bhk || In Sharjah !,134950,AED,rent,apartment,4,5,3800,Sharjah,sharjah,Sharjah,Sharjah,25.35654640197754,55.55231857299805,2026-07-09T14:02:17Z,"**Luxury 4 Bedroom End Corner Villa for Rent | Single Row | Sharjah Sustainable City**

**Annual Rent:**

* AED 135,000 in 1 Payment
* AED 140,000 in 4 Payment

**Size:** 3,800 Sqft
**Bedrooms:** 4
**Bathrooms:** 5
**Master Bedrooms:** 2
**Parking:** Double Covered Parking
**Type:** End Corner Villa | Single Row

Experience premium family living in one of Sharjah's most eco-friendly and prestigiou"
pf-sharjah-678,propertyfinder,https://www.propertyfinder.ae/en/plp/rent/villa-for-rent-sharjah-tilal-city-masaar-robinia-115917616.html,4 BR Spacious Villa | Majlis Room | Maid Room,170000,AED,rent,apartment,4,5,3200,Tilal City,sharjah,Sharjah,"Sharjah, Tilal City, Masaar",25.251686096191406,55.59016418457031,2026-07-14T08:56:17Z,"Our Real Estate is proud to offer you a Brilliant and Very Elegant Spacious Villa for Families to Settle Down in a Comfortable Environment.

About Villa
With Majlis Room 
●4 Bedrooms
●5 Bathrooms
●Closed Kitchen with Washing machine and Burner
●Size 3150 Square Feet
●Maid Room with Attached Bathroom 


Amenities:
Gym || Swimming Pool || Garden || Kids Play Areas || Barbecue Area || Park For Childr"
pf-sharjah-679,propertyfinder,https://www.propertyfinder.ae/en/plp/rent/villa-for-rent-sharjah-al-riqqa-al-jazzat-115934355.html,Luxury villa first tenant ultra super deluxe finis,159999,AED,rent,apartment,5,6,5000,Al Riqqa,sharjah,Sharjah,"Sharjah, Al Riqqa",25.36454200744629,55.427001953125,2026-07-14T13:06:08Z,"Luxury villa for annual rent in Al Jazzat

A great opportunity to live in one of the finest brand-new villas, first tenant, featuring elegant design and ultra super deluxe modern finishing. The villa combines luxury, privacy, and spacious areas, making it ideal for families looking for a premium living experience.
The villa offers a practical and distinctive layout with spacious areas and high-qua"
pf-sharjah-680,propertyfinder,https://www.propertyfinder.ae/en/plp/rent/villa-for-rent-sharjah-sharjah-waterfront-city-ajmal-makan-city-azura-villas-117279354.html,Villa in Ajmal Makan | 3BR - 4BTH - 2Parking,140000,AED,rent,apartment,3,4,4000,Sharjah Waterfront City,sharjah,Sharjah,"Sharjah, Sharjah Waterfront City, Ajmal Makan City",25.497631072998047,55.53403854370117,2026-07-17T16:17:30Z,"A unique opportunity to rent a luxurious villa in Ajmal Makan, featuring a modern design, high-end finishes, spacious living areas, a large rooftop terrace, and comprehensive amenities, offering a luxurious lifestyle in one of Sharjah's most prestigious residential areas.

A villa is now available for annual rent in Ajmal Makan, Sharjah, with exceptional features ideal for families seeking comfort"
pf-sharjah-681,propertyfinder,https://www.propertyfinder.ae/en/plp/rent/villa-for-rent-sharjah-al-tai-nasma-residence-112833494.html,Single Row | Extra Parking | Full Privacy on Back,85000,AED,rent,apartment,2,4,2000,Al Tai,sharjah,Sharjah,"Sharjah, Al Tai",25.24751091003418,55.589874267578125,2026-07-07T19:49:29Z,"BEST OF THE PLACE FOR RESIDENTIAL IN NASMA RESIDENCE SHARJAH. 
Easy Exit To Dubai
Easy Exit for Ajman

2BR MAIN STREET VILLA 

Rent. . . . . . 85,000 AED
Security Deposit. . . . . 5000 AED(Refundable) cheque 
Commission . . . . . . . . 5000 AED
Payments. . . . . 1/2 Cheques
Area. . . . . 2000 sqft 

3 Years Old unit
Very Nice layout 
All room with Full sun light
With luxury finishing 
With Central"
pf-sharjah-682,propertyfinder,https://www.propertyfinder.ae/en/plp/rent/villa-for-rent-sharjah-tilal-city-masaar-kaya-112748581.html,4BR Corner Villa | Private Pool | Ready to Move,280000,AED,rent,apartment,4,7,6500,Tilal City,sharjah,Sharjah,"Sharjah, Tilal City, Masaar",25.25731086730957,55.592124938964844,2026-07-07T10:59:44Z,"It’s a 5 BR VILLA layout 

One of the standout features of this villa is its highly functional layout, which comfortably accommodates five bedrooms. The lower majlis already has an attached shower and bathroom, making it ideal as an additional bedroom, guest suite, or private living space. This gives prospective tenants the practicality and comfort of a spacious 5-bedroom home without having to pa"
pf-sharjah-683,propertyfinder,https://www.propertyfinder.ae/en/plp/rent/villa-for-rent-sharjah-al-tai-nasma-residence-112748060.html,End Corner 2BR Villa | Store room | Extra parking,92000,AED,rent,apartment,2,4,2300,Al Tai,sharjah,Sharjah,"Sharjah, Al Tai",25.24751091003418,55.589874267578125,2026-07-07T10:53:03Z,"BEST OF THE PLACE FOR RESIDENTIAL IN NASMA RESIDENCE SHARJAH. 
Easy Exit To Dubai
Easy Exit for Ajman

2BR END CORNER VILLA 

Rent. . . . . . 92,000 AED
Security Deposit. . . . . 5000 AED(Refundable) cheque 
Commission . . . . . . . . 5000 AED
Payments. . . . . 1/4 Cheques
Area. . . . . 2300 sqft 

3 Years Old unit
Very Nice layout 
All room with Full sun light
With luxury finishing 
With Centrali"
pf-sharjah-684,propertyfinder,https://www.propertyfinder.ae/en/plp/rent/villa-for-rent-sharjah-al-tai-nasma-residence-112747430.html,Cheapest 2BR Villa | Ready to Move | 4 payments,80000,AED,rent,apartment,2,4,1800,Al Tai,sharjah,Sharjah,"Sharjah, Al Tai",25.24751091003418,55.589874267578125,2026-07-07T10:45:14Z,"BEST OF THE PLACE FOR RESIDENTIAL IN NASMA RESIDENCE SHARJAH. 
Easy Exit To Dubai
Easy Exit for Ajman

2BR MIDDLE VILLA 

Rent. . . . . . 80,000 AED
Security Deposit. . . . . 5000 AED(Refundable) cheque 
Commission . . . . . . . . 5000 AED
Payments. . . . . 1/4 Cheques
Area. . . . . 1800 sqft 

3 Years Old unit
Very Nice layout 
All room with Full sun light
With luxury finishing 
With Centralized "
pf-sharjah-685,propertyfinder,https://www.propertyfinder.ae/en/plp/rent/villa-for-rent-sharjah-tilal-city-masaar-109049502.html,Fully furnished || Ready to move || Masaar,130000,AED,rent,apartment,3,3,2650,Tilal City,sharjah,Sharjah,"Sharjah, Tilal City",25.259092330932617,55.59673309326172,2026-06-29T12:11:57Z,"Key Features:
Close to the entertainment and retail zone
Direct access to parks from every home
Easy access to active park with outdoor sporting facilities
Easy access to five-kilometre cycling path
Garden access to forested green spine with walks and quiet zones
Modern, contemporary design with floor-to-ceiling windows
Warm and cool exterior colour schemes.

Facilities
Smart home features
Smart l"
pf-sharjah-686,propertyfinder,https://www.propertyfinder.ae/en/plp/rent/villa-for-rent-sharjah-al-sharq-al-fayha-117269456.html,Renovated villa in Al Faiha | 5 bedrooms and a lar,165000,AED,rent,apartment,5,6,7000,Al Sharq,sharjah,Sharjah,"Sharjah, Al Sharq",25.358577728271484,55.409095764160156,2026-07-17T12:35:05Z,"A fully renovated villa is available for annual rent in Al Faiha, Sharjah. The property offers a spacious layout suitable for both residential and commercial use and enjoys a prime location next to Burjeel Hospital and Al Faiha Park, with easy access to major roads and all essential services.

Property Details

5 Spacious Bedrooms

1 Master Bedroom

Master Majlis

Large Living Room

Master Maid's "
pf-sharjah-687,propertyfinder,https://www.propertyfinder.ae/en/plp/rent/villa-for-rent-sharjah-al-heerah-sharqan-116386192.html,Villa for Annual Rent in Sharqan Sharjah | Spaciou,85000,AED,rent,apartment,4,3,3000,Al Heerah,sharjah,Sharjah,"Sharjah, Al Heerah",25.381757736206055,55.41043472290039,2026-07-15T15:58:42Z,"**Villa for Annual Rent in Sharqan Sharjah | Spacious Family Villa with Private Yard**

A great opportunity to rent a spacious villa in **Sharqan, Sharjah**, located in a prime residential area suitable for families. The villa offers a comfortable layout, large living spaces, and a good private yard.

**Features**

4 Bedrooms
1 Master Bedroom
Living Room and Majlis
Built-in Wardrobes
Good Size Pri"
pf-sharjah-688,propertyfinder,https://www.propertyfinder.ae/en/plp/rent/villa-for-rent-sharjah-al-heerah-al-rifa-ah-115934571.html,For Rent  The most affordable villa in Al Rifaa,100000,AED,rent,apartment,5,6,3500,Al Heerah,sharjah,Sharjah,"Sharjah, Al Heerah",25.391666412353516,55.42155075073242,2026-07-14T13:10:07Z,"The cheapest villa in Al Rifaa area
Villa details and features
Four master bedrooms
                                                      Large majlis
Two spacious living rooms
Ground floor
Large living room
Large majlis with bathroom
Master bedroom
Large fully equipped kitchen
Modern distinctive finishing
                                                     Full maintenance before handover
Spacio"
pf-sharjah-689,propertyfinder,https://www.propertyfinder.ae/en/plp/rent/villa-for-rent-sharjah-al-sharq-al-fayha-116831190.html,Villa 5BR in Al Faiha | Maid's Room | Parking,165000,AED,rent,apartment,5,5,4000,Al Sharq,sharjah,Sharjah,"Sharjah, Al Sharq",25.358577728271484,55.409095764160156,2026-07-16T15:22:20Z,"Available now for annual rent

Excellent villa for rent in Al Faiha Sharjah featuring a spacious layout and a prime location making it ideal for both residential and commercial use

The villa has been fully renovated with high quality finishes and offers generous indoor and outdoor spaces providing comfort privacy and flexibility for various needs

Five bedrooms
One master bedroom
Master majlis
Sp"
pf-sharjah-690,propertyfinder,https://www.propertyfinder.ae/en/plp/rent/villa-for-rent-sharjah-al-heerah-sharqan-116386313.html,Villa in Sharqan | 4 Rooms - Wardrobes - Big Hall,85000,AED,rent,apartment,4,3,3700,Al Heerah,sharjah,Sharjah,"Sharjah, Al Heerah",25.381757736206055,55.41043472290039,2026-07-15T16:02:29Z,"A unique opportunity to rent a family villa in the Sharqan area of ​​Sharjah. Featuring comfortable spaces and a practical design, this villa boasts a private yard and a quiet location close to all amenities, ensuring privacy and comfort for you and your family.

Villa Features:

4 spacious bedrooms
1 master bedroom
Large living room
Separate majlis (formal sitting room)
Built-in wardrobes
Ample y"
pf-sharjah-691,propertyfinder,https://www.propertyfinder.ae/en/plp/rent/villa-for-rent-sharjah-al-badie-hoshi-al-hooshi-villas-93161141.html,Modern Design 5 BDR Villa With Maid & Driver Room,180000,AED,rent,apartment,5,8,4500,Al Badie,sharjah,Sharjah,"Sharjah, Al Badie, Hoshi",25.26011848449707,55.530853271484375,2026-05-23T19:10:34Z,"Imran Real Estate is pleased to offer you Spacious Bran New 5Bedroom's Villa with Top-end finishing in Al Hooshi Sharjah .

Payment Details:
• 180,000 AED in 4 Payments

Property Features:
• 5 Bedroom's 
• 8 Bathroom's 
• Huge Kitchen 
• 2 Hall
• Open View 
• Maid Room
• Car Parking 
• Central A/C
• Size 5200 Sq. ft

-For more details, info, and viewing schedule, please call: View Contact Detail

"
pf-sharjah-692,propertyfinder,https://www.propertyfinder.ae/en/plp/rent/villa-for-rent-sharjah-al-badie-hoshi-al-hooshi-villas-92244141.html,Brand New Villa - Modern Style - Covered Parking,140000,AED,rent,apartment,5,7,4800,Al Badie,sharjah,Sharjah,"Sharjah, Al Badie, Hoshi",25.26011848449707,55.530853271484375,2026-05-21T04:33:10Z,"Imran Real Estate is pleased to offer you Spacious New 5 Bedroom's Villa with Top-end finishing in Al Hooshi .

Payment Details:
• 140,000 AED in 4 Payments

Property Features:
• 5 Bedroom's 
• 7 Bathroom's 
• Huge Kitchen
• Modern Style 
• Open View 
• Covered car Parking 
• Centralized A/C and Gas
• Laundry Room
• Maid Room 
• Size 5800 Sq. ft

-For more details, info, and viewing schedule, plea"
pf-sharjah-693,propertyfinder,https://www.propertyfinder.ae/en/plp/rent/villa-for-rent-sharjah-sharjah-garden-city-117249670.html,5BR Big Villa | Private Garden | Maids Room,225000,AED,rent,apartment,5,6,7275,Sharjah,sharjah,Sharjah,Sharjah,25.196651458740234,55.635963439941406,2026-07-17T07:09:27Z,"betterhomes is proud to present this spacious 5-bedroom villa in Sharjah Garden City.

- 5 bedrooms with en-suite bathrooms
- 6 bathrooms including walk-in closets
- 7,275 sqft of living space
- Private garden with barbecue area
- Maids room
- Central air conditioning and heating
- Built-in wardrobes throughout
- 4 covered parking spaces
- Children's swimming pool
- Shared gymnasium facilities
- L"
pf-sharjah-694,propertyfinder,https://www.propertyfinder.ae/en/plp/rent/villa-for-rent-sharjah-al-tai-nasma-residence-97801593.html,Brand Mew Life Style Villa Tai Opposite Masar 5BR,140000,AED,rent,apartment,5,8,5000,Al Tai,sharjah,Sharjah,"Sharjah, Al Tai",25.24751091003418,55.589874267578125,2026-06-03T04:32:02Z,"Life in this impressive 5-bedroom villa feels like a quiet retreat, where every detail invites comfort and calm. The generous 5,000 sq ft space unfolds across one level, designed for those who appreciate both elegance and practicality. Natural light dances through tall windows, setting the perfect stage for your personal style. Inside, the seamless flow from the spacious living areas to private qu"
pf-sharjah-695,propertyfinder,https://www.propertyfinder.ae/en/plp/rent/villa-for-rent-sharjah-al-sharq-maysaloon-116832603.html,Villa | Maysaloon | 4BR | 5 Baths | Maid | Central,100000,AED,rent,apartment,4,5,5000,Al Sharq,sharjah,Sharjah,"Sharjah, Al Sharq",25.36190414428711,55.40164566040039,2026-07-16T15:59:45Z,"A distinctive villa is now available for annual rent within the Maysaloon Villas compound in Sharjah. Enjoying a prime location directly on the main road and close to all essential services and amenities, it's an ideal choice for families seeking comfort and easy access. The villa boasts spacious layouts, a practical design, and high-quality finishes, providing everything a family needs.

The vill"
pf-sharjah-696,propertyfinder,https://www.propertyfinder.ae/en/plp/rent/villa-for-rent-sharjah-al-heerah-sharqan-116831974.html,Villa | Sharqan | 4BR | 7 Baths | Maid Room | Ward,140000,AED,rent,apartment,4,7,5000,Al Heerah,sharjah,Sharjah,"Sharjah, Al Heerah",25.381757736206055,55.41043472290039,2026-07-16T15:44:07Z,"An exceptional opportunity to rent a luxurious villa in the Sharqan area of ​​Sharjah. Featuring a modern design, high-end finishes, and spacious living areas, this villa is ideal for families seeking luxury and privacy. Situated in a tranquil location close to all amenities, it offers everything you need for upscale living, with comprehensive facilities and spacious indoor and outdoor areas desig"
pf-sharjah-697,propertyfinder,https://www.propertyfinder.ae/en/plp/rent/villa-for-rent-sharjah-al-heerah-sharqan-116386305.html,Villa in Sharqan | Central AC |Built in Wardrobes,85000,AED,rent,apartment,4,3,3500,Al Heerah,sharjah,Sharjah,"Sharjah, Al Heerah",25.381757736206055,55.41043472290039,2026-07-15T16:02:18Z,"Available now for annual rent

Excellent villa for rent in Sharqan Sharjah located in a prime residential area close to all essential services and major destinations

The villa features a spacious layout and practical design providing comfort and privacy for families

Four bedrooms
Three bathrooms
Large living room
Excellent kitchen
Central air conditioning
Built in wardrobes
Excellent outdoor spa"
pf-sharjah-698,propertyfinder,https://www.propertyfinder.ae/en/plp/rent/villa-for-rent-sharjah-al-sharq-al-fayha-116830240.html,5BR Villa | 5 Baths | Master Majlis | Maid Room,165000,AED,rent,apartment,5,5,5000,Al Sharq,sharjah,Sharjah,"Sharjah, Al Sharq",25.358577728271484,55.409095764160156,2026-07-16T14:58:23Z,"A distinctive villa is now available for annual rent in Al Faiha, Sharjah. Strategically located next to Burjeel Hospital and Al Faiha Park, it boasts a spacious layout, making it ideal for family living or commercial use, depending on your needs. The villa is fully renovated and ready for immediate occupancy or business operations. It offers expansive indoor and outdoor spaces with a practical de"
pf-sharjah-699,propertyfinder,https://www.propertyfinder.ae/en/plp/rent/villa-for-rent-sharjah-al-sharq-al-fayha-116832827.html,"Villa for annual rent in Al Faiha, Sharjah",165000,AED,rent,apartment,5,5,4000,Al Sharq,sharjah,Sharjah,"Sharjah, Al Sharq",25.358577728271484,55.409095764160156,2026-07-16T16:10:42Z,"Annual Rental – Fully Renovated Villa in Al Fayha, Sharjah

A spacious fully renovated villa available for annual rent in the prestigious Al Fayha area of Sharjah. Suitable for both residential and commercial use, the property enjoys a prime location next to Burjeel Hospital and Al Fayha Park, with easy access to major roads and all essential amenities.

Property Features:

5 Spacious Bedrooms
1 M"
pf-sharjah-700,propertyfinder,https://www.propertyfinder.ae/en/plp/rent/villa-for-rent-sharjah-al-heerah-sharqan-116800081.html,4BR Villa | 4 Baths | Master | Wardrobes | Yard,85000,AED,rent,apartment,4,4,4000,Al Heerah,sharjah,Sharjah,"Sharjah, Al Heerah",25.381757736206055,55.41043472290039,2026-07-16T07:07:05Z,"If you're looking for a family villa in a quiet location with ample space in Sharjah, this villa in the Sharqan area is an ideal choice. It features a practical design and spacious areas suitable for families, along with a good-sized yard that offers privacy and comfort. Its prime location near schools, services, and main roads makes it easy to travel to various parts of Sharjah.

The villa includ"
pf-sharjah-701,propertyfinder,https://www.propertyfinder.ae/en/plp/rent/villa-for-rent-sharjah-al-badie-hoshi-al-hooshi-villas-117705849.html,5 BR Villa in Al Badie with Landscaped Garden,180000,AED,rent,apartment,5,8,5000,Al Badie,sharjah,Sharjah,"Sharjah, Al Badie, Hoshi",25.26011848449707,55.530853271484375,2026-07-18T10:19:31Z,"Sharjah developed this residential community with a focus on established, family-oriented living, and this five-bedroom villa stands as a testament to that commitment. The single-story layout spans 5,000 sq. ft., providing a practical and well-proportioned home. It is a solid, well-built property that includes a landscaped garden, offering a private outdoor space that extends the living area for r"
pf-sharjah-702,propertyfinder,https://www.propertyfinder.ae/en/plp/rent/villa-for-rent-sharjah-tilal-city-masaar-kaya-115042778.html,G+2 5BR Villa in Kaya Masar with Private Pool,329999,AED,rent,apartment,5,8,6872,Tilal City,sharjah,Sharjah,"Sharjah, Tilal City, Masaar",25.25731086730957,55.592124938964844,2026-07-12T12:29:47Z,"Set up your home office in the dedicated study of this 6,872 sqft villa. The unfurnished three-floor layout provides a blank canvas for your personal design, while the 6,345 sqft built-up area ensures plenty of room for daily activities. This Arada development offers a grounded living environment in the Northern Emirates.

This five-bedroom, eight-bathroom residence features an open-plan interior "
pf-sharjah-703,propertyfinder,https://www.propertyfinder.ae/en/plp/buy/apartment-for-sale-sharjah-vida-residences-aljada-vida-1-117273051.html,Branded | Corner Panoramic Views | Premium Unit,1750000,AED,sale,apartment,2,3,1268,Aljada,sharjah,Sharjah,"Sharjah, Aljada, Vida Residences",25.32030487060547,55.47844314575195,2026-07-17T13:34:02Z,"2 Bedroom Branded Corner Residence at Vida Residences Aljada by ARADA

A rare resale in Sharjah's first-ever branded residences, hotel-managed by Vida Hotels & Resorts (Emaar Hospitality) on East Boulevard in Aljada's creative Naseej District. Vacant and ready to move in.

THE RESIDENCE
- 2 bedrooms + 3 bathrooms
- 1,268 sqft corner layout with dual-aspect glass
- Highest apartment floor (only pen"
pf-sharjah-704,propertyfinder,https://www.propertyfinder.ae/en/plp/buy/apartment-for-sale-sharjah-muwaileh-al-mamsha-souks-residential-118154992.html,SMART 3BHK+BALCONY READY | POOL VIEW | RENTED 110K,1580000,AED,sale,apartment,3,4,1290,Muwaileh,sharjah,Sharjah,"Sharjah, Muwaileh, Al Mamsha",25.309467315673828,55.465885162353516,2026-07-19T17:52:32Z,"State of the art development Al Mamsha that presents luxurious designed studios, 1, 2 & 3-bedroom apartments located at new Sharjah, UAE. The development offers a strategic location just off the Sheikh Mohammed Bin Zayed Road in the heart of New Sharjah and offers smooth connectivity with its connected road networks.

Ready 3-Bedroom Apartment

4 Bathrooms + Balcony
Pool View
Size: 1,290 sqft
Curr"
pf-sharjah-705,propertyfinder,https://www.propertyfinder.ae/en/plp/buy/apartment-for-sale-sharjah-muwaileh-al-mamsha-souks-residential-112751308.html,READY 3BHK| 3 ENSUITE | 1290 SQFT | PREMIUM LAYOUT,1600000,AED,sale,apartment,3,4,1290,Muwaileh,sharjah,Sharjah,"Sharjah, Muwaileh, Al Mamsha",25.309467315673828,55.465885162353516,2026-07-07T11:36:12Z,"State of the art development Al Mamsha that presents luxurious designed, 1, 2 & 3-bedroom apartments located at new Sharjah, UAE. The development offers a strategic location just off the Sheikh Mohammed Bin Zayed Road in the heart of New Sharjah and offers smooth connectivity with its connected road networks.
 
3BHK LARGE LAYOUT POOL VIEW 
SIZE 1290 SQFT
HIGH FLOOR
CURRENTLY RENTED WITH RENAL INCO"
pf-sharjah-706,propertyfinder,https://www.propertyfinder.ae/en/plp/buy/apartment-for-sale-sharjah-al-khan-jawaher-residences-116802169.html,Large 2BR|Ready Home|Sea View|Resale|Sharjah,1250000,AED,sale,apartment,2,2,1100,Al Khan,sharjah,Sharjah,"Sharjah, Al Khan, Maryam Island",25.325483322143555,55.36188507080078,2026-07-16T08:04:00Z,"Enjoy the comfort of waterfront living in this ready 2-bedroom apartment at Jawaher Residence One, Maryam Island. Offering 1,100 sq. ft. of well-planned living space with a community and partial sea view, this home is an excellent choice for buyers seeking a completed residence in one of Sharjah's most desirable waterfront destinations.

Designed for modern everyday living, the apartment features "
pf-sharjah-707,propertyfinder,https://www.propertyfinder.ae/en/plp/buy/apartment-for-sale-sharjah-al-khan-sahab-residences-116800322.html,Spacious 1BR|Ready|Waterfront Community|Sharjah,900000,AED,sale,apartment,1,1,760,Al Khan,sharjah,Sharjah,"Sharjah, Al Khan, Maryam Island",25.321699142456055,55.36112976074219,2026-07-16T07:17:30Z,"Discover comfortable waterfront living in this ready 1-bedroom apartment at Sahab Residence, Maryam Island. Offering 760 sq. ft. of thoughtfully designed living space, this home is ideal for buyers seeking a completed residence in one of Sharjah's most desirable waterfront communities.

Positioned as a mid-unit with a pleasant community view, the apartment features a bright living and dining area,"
pf-sharjah-708,propertyfinder,https://www.propertyfinder.ae/en/plp/buy/apartment-for-sale-sharjah-aljada-naseej-district-tiraz-109065345.html,READY TO MOVE -DIRECT ON POOL - MORTGAGE,850000,AED,sale,apartment,1,2,692,Aljada,sharjah,Sharjah,"Sharjah, Aljada, Naseej District",25.3150691986084,55.4720458984375,2026-06-29T19:16:06Z,"Aljada is the new heart of Sharjah where engaging design meets contemporary elegance. This amazing community allows you to be all that you can be!
Ideally located in the heart of Sharjah, Aljada is a truly all-encompassing destination being a perfect place for the family. Inspired by some of the oldest heritage districts in Sharjah, Aljada is designed in a way to provide you and your family with a"
pf-sharjah-709,propertyfinder,https://www.propertyfinder.ae/en/plp/buy/apartment-for-sale-sharjah-muwaileh-al-mamsha-souks-residential-106858474.html,READY 3BHK | 3 ENSUITE BR | BRAND NEW | POOL VIEW,1680000,AED,sale,apartment,3,4,1290,Muwaileh,sharjah,Sharjah,"Sharjah, Muwaileh, Al Mamsha",25.309467315673828,55.465885162353516,2026-06-24T12:44:10Z,"State of the art development Al Mamsha that presents luxurious designed, 1, 2 & 3-bedroom apartments located at new Sharjah, UAE. The development offers a strategic location just off the Sheikh Mohammed Bin Zayed Road in the heart of New Sharjah and offers smooth connectivity with its connected road networks.


Location features:
- Directly on university-city road beside University-City and City-C"
pf-sharjah-710,propertyfinder,https://www.propertyfinder.ae/en/plp/buy/apartment-for-sale-sharjah-muwaileh-al-mamsha-souks-residential-107306698.html,Ready 2BHK - Brand new - monthly pay - 50% dp,1300000,AED,sale,apartment,2,3,935,Muwaileh,sharjah,Sharjah,"Sharjah, Muwaileh, Al Mamsha",25.309467315673828,55.465885162353516,2026-06-25T13:30:29Z,"A rare chance to acquire a spacious 2-bedroom freehold apartment with a long-term 0% developer payment plan already in place.
Property Details:

* 2 Bedrooms
* Freehold Ownership
* Premium community by Alef
* Monthly installment only AED 9,900 until 2031
Purchase Structure:
* Total Property Value: AED 1,300,000
* Payment to Seller: AED 686,290
* Remaining Balance to Developer: AED 613,710

Locatio"
pf-sharjah-711,propertyfinder,https://www.propertyfinder.ae/en/plp/buy/apartment-for-sale-sharjah-aljada-the-boulevard-2-76961389.html,Pool view | Full balcony | High return,790000,AED,sale,apartment,1,2,688,Aljada,sharjah,Sharjah,"Sharjah, Aljada",25.323139190673828,55.47476577758789,2026-04-15T05:34:11Z,"Discover the true meaning of luxury and comfort in one of Sharjah’s most prestigious residential destinations. We present to you a modern and elegantly designed one-bedroom apartment in The Boulevard 2, perfectly situated on the famous Boulevard street where life vibrates in every detail around you.

Apartment Details & Features:
The apartment features a smart layout designed to provide a sense of"
pf-sharjah-712,propertyfinder,https://www.propertyfinder.ae/en/plp/buy/apartment-for-sale-sharjah-aljada-nasaq-4-111857309.html,1 bedroom | pool view | distress deal,850000,AED,sale,apartment,1,1,689,Aljada,sharjah,Sharjah,"Sharjah, Aljada",25.314453125,55.47389221191406,2026-07-05T13:10:05Z,"Mohamed Abdelhafiz from Elite Home Real Estate
is pleased to present this luxurious and elegant 1 bedroom in nasaq

Property details 
1 bedroom 
1 bathroom
fully equipped kitchen 
689 sqft

Community Amenities:
Swimming pools and fully equipped gyms
Jogging tracks and cycling paths
Parks and green spaces
Kids play areas
International schools and educational facilities
Healthcare centers nearby
24/"
pf-sharjah-713,propertyfinder,https://www.propertyfinder.ae/en/plp/buy/apartment-for-sale-sharjah-aljada-naseej-district-sokoon-115943321.html,Spacious Layout | Prime Community | Modern Living,1350000,AED,sale,apartment,2,3,1187,Aljada,sharjah,Sharjah,"Sharjah, Aljada, Naseej District",25.318153381347656,55.47466278076172,2026-07-14T16:29:17Z,"A great opportunity to own a well-designed apartment in Sokoon 4, Aljada, one of the most active and in-demand districts.

This unit features a practical and spacious layout, making it ideal for both end users and investors.

Property Details:
• Size: 1,187 sq. ft.
• Large living & dining area
• Closed kitchen with efficient layout
• Master bedroom with dressing & en-suite bathroom
• Second bedroo"
pf-sharjah-714,propertyfinder,https://www.propertyfinder.ae/en/plp/buy/apartment-for-sale-sharjah-aljada-vida-residences-vida-3-105951156.html,Luxury | Boulevard View | Ready to move,1050000,AED,sale,apartment,1,2,727,Aljada,sharjah,Sharjah,"Sharjah, Aljada, Vida Residences",25.319936752319336,55.47773742675781,2026-06-22T06:37:26Z,"Experience refined living in this luxury apartment located in Vida Residences, Aljada, the most prestigious branded residential development by Emaar. The apartment offers enhanced privacy, natural light, and an elevated lifestyle experience.

With a built-up area of 727 sq. ft., the apartment features a modern and functional layout, elegant furnishings, and high-quality finishes throughout. The op"
pf-sharjah-715,propertyfinder,https://www.propertyfinder.ae/en/plp/buy/apartment-for-sale-sharjah-aljada-the-boulevard-3-98679341.html,Ready 2BR|High Rental Demand|Resale|Prime Location,1400000,AED,sale,apartment,2,2,1200,Aljada,sharjah,Sharjah,"Sharjah, Aljada",25.3153133392334,55.47476577758789,2026-06-05T05:54:08Z,"Own a spacious 2-bedroom apartment in Boulevard 3, Aljada, one of Sharjah's most vibrant and fastest-growing communities by Arada. Offering 1,200 sq. ft. of well-designed living space, this ready-to-move-in apartment is ideal for both end-users and investors seeking strong rental demand and long-term value.

Located directly on Aljada's lively boulevard, the apartment enjoys easy access to retail "
pf-sharjah-716,propertyfinder,https://www.propertyfinder.ae/en/plp/buy/apartment-for-sale-sharjah-aljada-vida-residences-110957516.html,Vida Furnished Brand New | Cash only | Fully Paid,1200000,AED,sale,apartment,1,2,727,Aljada,sharjah,Sharjah,"Sharjah, Aljada",25.318153381347656,55.47466278076172,2026-07-03T08:23:07Z,"Better Homes Presents you 1 bedroom in most premium building in Aljada with full developer furnishings and hotel facilities. 

Original pictures
●	Community View 
●	726.55sqft	
●	Vida Furnished 

* Mid-high specification furniture with a warm earth-tone residential palette
* Elegant L-shaped sofa
* Round coffee and side tables
* Carpet, TV console, and stylish floor lamp
* Wooden dining table with"
pf-sharjah-717,propertyfinder,https://www.propertyfinder.ae/en/plp/buy/apartment-for-sale-sharjah-aljada-vida-residences-109032193.html,Luxury Living with Uninterrupted Views,2800000,AED,sale,apartment,3,4,2108,Aljada,sharjah,Sharjah,"Sharjah, Aljada",25.318153381347656,55.47466278076172,2026-06-29T08:21:13Z,"Discover refined living at Vida Residences Aljada, where modern design meets breathtaking views. This exceptional apartment offers 2,108 Sq Ft. of elegant living space with a stunning direct Madaar view, expansive balcony, and premium finishes throughout.

Property Features:

• 3 Spacious Bedrooms
• 4 Bathrooms
• Maid's Room with Attached Bathroom
• 2108 Sq Ft.
• Direct Madaar View
• Large Balcony"
pf-sharjah-718,propertyfinder,https://www.propertyfinder.ae/en/plp/buy/apartment-for-sale-sharjah-al-khan-crystal-residences-107283304.html,SEA VIEW 3BHK APARTMENT | FREEHOLD | HIGH FLOOR,2300000,AED,sale,apartment,3,4,1800,Al Khan,sharjah,Sharjah,"Sharjah, Al Khan, Maryam Island",25.3265380859375,55.36183166503906,2026-06-25T08:49:04Z,"Located in Crystal Residence Two at Maryam Island, this 3 bedroom corner apartment offers a comfortable waterfront lifestyle with open sea views and a practical layout designed for modern living. Spanning 1800 sq ft, the corner positioning brings in more natural light and creates a brighter, more open feel throughout the apartment.

The unit is ideal for both end users looking for a peaceful water"
pf-sharjah-719,propertyfinder,https://www.propertyfinder.ae/en/plp/buy/apartment-for-sale-sharjah-aljada-misk-apartments-109047121.html,Hot Offer|1BR Apartment Street View| Misk Aljada|,839999,AED,sale,apartment,1,2,749,Aljada,sharjah,Sharjah,"Sharjah, Aljada",25.31706428527832,55.47468566894531,2026-06-29T11:32:41Z,"*1 Bedroom Apartment | Misk Building, Aljada, Sharjah | 749 sqft | Boulevard View*

*Overview*
Experience urban luxury at Misk Building, Aljada with this stylish 1-bedroom apartment. Spanning 749 sqft, it features a counter kitchen, two modern washrooms, and a balcony with direct views of Aljada’s vibrant main boulevard. Perfect for professionals, couples, or investors who want a smart, low-mainte"
pf-sharjah-720,propertyfinder,https://www.propertyfinder.ae/en/plp/buy/apartment-for-sale-sharjah-muwaileh-al-mamsha-107291811.html,2BR | Vacant on Transfer | Available for Mortgage,1280000,AED,sale,apartment,2,3,995,Muwaileh,sharjah,Sharjah,"Sharjah, Muwaileh",25.31052589416504,55.46318817138672,2026-06-25T10:35:03Z,"betterhomes is proud to offer this modern 2-bedroom apartment in Al Mamsha, Muwaileh.

- 2 bedrooms with built-in wardrobes
- 3 bathrooms
- 995.64 sqft
- Community View
- Unfurnished
- Balcony
- 1 parking space
- Central A/C and heating
- Shared swimming pool
- Shared gymnasium
- Children's play area
- On-site dining facilities
- 24/7 security
- Pets allowed
- Ready for immediate occupancy (VOT)

"
pf-sharjah-721,propertyfinder,https://www.propertyfinder.ae/en/plp/buy/apartment-for-sale-sharjah-al-khan-rehan-residences-116801042.html,2BR Apartment | Spacious Layout | Open Sea view,1300000,AED,sale,apartment,2,3,1100,Al Khan,sharjah,Sharjah,"Sharjah, Al Khan, Maryam Island",25.319507598876953,55.35791015625,2026-07-16T07:38:17Z,"Discover comfortable and modern living in this well-designed 2-bedroom apartment in Rehan Building, ideal for families and investors alike. The unit offers a bright and spacious living and dining area with large windows that allow plenty of natural light, creating a warm and inviting atmosphere.

Both bedrooms are generously sized and feature built-in wardrobes, while the master bedroom comes with"
pf-sharjah-722,propertyfinder,https://www.propertyfinder.ae/en/plp/buy/apartment-for-sale-sharjah-muwaileh-commercial-al-zahia-uptown-al-zahia-71104808.html,Family 2BR | Prime Al Zahia,1450000,AED,sale,apartment,2,3,1168,Muwaileh Commercial,sharjah,Sharjah,"Sharjah, Muwaileh Commercial, Al Zahia",25.314794540405273,55.458248138427734,2026-04-01T09:16:02Z,"Pacific Real Estate Investments is proud to present this spacious 2-bedroom apartment in Woroud Residences, Al Zahia. Offering 1,168 sq. ft. of thoughtfully designed living space, this modern apartment combines elegant interiors, premium finishes, and an excellent location within one of Sharjah's most prestigious residential communities.

Perfect for families, professionals, and investors, this pr"
pf-sharjah-723,propertyfinder,https://www.propertyfinder.ae/en/plp/buy/apartment-for-sale-sharjah-al-khan-anbar-residences-116800767.html,3BR Apartment | Open Sea View | Freehold,1775000,AED,sale,apartment,3,3,1375,Al Khan,sharjah,Sharjah,"Sharjah, Al Khan, Maryam Island",25.324214935302734,55.36341094970703,2026-07-16T07:31:09Z,"Elevate your lifestyle with this spacious 3-bedroom apartment in Anbar Residence, offering stunning open sea views and a well-designed layout perfect for families. The apartment features a bright and expansive living and dining area with large windows that capture natural light and uninterrupted sea views.

All three bedrooms are generously sized with built-in wardrobes, while the master bedroom i"
pf-sharjah-724,propertyfinder,https://www.propertyfinder.ae/en/plp/buy/apartment-for-sale-sharjah-muwaileh-commercial-al-zahia-woroud-2-113270742.html,Modern | Prime Location | Family Area,764000,AED,sale,apartment,1,2,680,Muwaileh Commercial,sharjah,Sharjah,"Sharjah, Muwaileh Commercial, Al Zahia",25.314058303833008,55.45822525024414,2026-07-08T12:27:05Z,"Al Zahia is Sharjah’s most prestigious master-planned community, thoughtfully designed to deliver a complete lifestyle experience. Blending luxury, comfort, sustainability, and family-friendly living, it offers a wide variety of residences including stylish apartments, spacious townhouses, and elegant villas—each crafted to meet the needs of modern families.
This secure, gated community features h"
pf-sharjah-725,propertyfinder,https://www.propertyfinder.ae/en/plp/buy/apartment-for-sale-sharjah-al-khan-azure-beach-residence-115938143.html,OWN YOUR 3BHK APARTMENT | IN THE HEART OF SHARJAH,1950000,AED,sale,apartment,3,4,1558,Al Khan,sharjah,Sharjah,"Sharjah, Al Khan, Maryam Island",25.319889068603516,55.356224060058594,2026-07-14T14:02:54Z,"OWN YOUR 3BHK APARTMENT || IN THE HEART OF SHARJAH || MARYEM ISLAND || PRIME LOCATION || GREAT OPPORTUNITY
Discover this spacious and beautifully designed 3-bedroom apartment in Azure Residence, Maryam Island. Featuring a huge private terrace, pool views, and a functional family-friendly layout, this home offers the perfect combination of comfort and convenience. 

Property Features:


2 Bedrooms "
pf-sharjah-726,propertyfinder,https://www.propertyfinder.ae/en/plp/buy/apartment-for-sale-sharjah-muwaileh-commercial-al-zahia-al-zahia-garden-apartments-71102145.html,Premium 2BR | Family Community,1650000,AED,sale,apartment,2,3,1427,Muwaileh Commercial,sharjah,Sharjah,"Sharjah, Muwaileh Commercial, Al Zahia",25.3116455078125,55.4619026184082,2026-04-01T09:14:18Z,"Pacific Real Estate Investments is proud to present this beautifully renovated 2-bedroom home in Al Zahia Gardens, Block A. Located in one of Sharjah's most prestigious and family-friendly communities, this move-in-ready property offers contemporary interiors, quality finishes, and access to outstanding lifestyle amenities.

Designed for modern family living, this home combines comfort, convenienc"
pf-sharjah-727,propertyfinder,https://www.propertyfinder.ae/en/plp/buy/apartment-for-sale-sharjah-aljada-vida-residences-vida-2-115925683.html,Brand New 1Bhk Vida2 Aljada Front View|Freehold,1049000,AED,sale,apartment,1,2,763,Aljada,sharjah,Sharjah,"Sharjah, Aljada, Vida Residences",25.320039749145508,55.478206634521484,2026-07-14T10:53:50Z,"DESCRIPTION




We Have Many Flats/Residential Or Commercial With Different Prices & Layout in very Affordable Prices . 

Studio 1BHK . 2BHK . 3BHK available,
 



APARTMENT DETAILS:



●1BHK Apartment 

Dishwasher

Fitted Fridge

● Spacious Hall

●Seprate Lundry 

● Kichen +Appliances 
●Wardrobes 

●2BATHROOMS


763 sqft

● Located on prime location in AL Jadda

● Huge hall very good for visitors"
pf-sharjah-728,propertyfinder,https://www.propertyfinder.ae/en/plp/buy/apartment-for-sale-sharjah-aljada-vida-residences-118137989.html,Luxury 1BR Apartment for Sale | High Floor,930000,AED,sale,apartment,1,2,730,Aljada,sharjah,Sharjah,"Sharjah, Aljada",25.318153381347656,55.47466278076172,2026-07-19T07:52:28Z,"Experience a lifestyle that combines comfort, elegance, and a prime location. This modern apartment offers a practical layout and contemporary design, making it an ideal home as well as a smart investment opportunity in one of the most sought-after communities. 
Apartment Features:
1 Spacious Bedroom
Bright Living Room
2 Bathrooms
Private Balcony
Size: 730 Sq. Ft. 
Located on a High Floor
Selling "
pf-sharjah-729,propertyfinder,https://www.propertyfinder.ae/en/plp/buy/apartment-for-sale-sharjah-aljada-misk-apartments-113249937.html,2 BR Apartment in Aljada with Private Garden,1600000,AED,sale,apartment,2,3,1180,Aljada,sharjah,Sharjah,"Sharjah, Aljada",25.31706428527832,55.47468566894531,2026-07-08T08:37:00Z,"The living room serves as the heart of this 1,180 sqft apartment, offering a flexible layout that flows naturally into the rest of the home. Large windows bring in light, highlighting the open floor plan that allows you to arrange your furniture to suit your personal style. This space connects directly to the private garden, providing a quiet outdoor area for daily relaxation.

This two-bedroom re"
pf-sharjah-730,propertyfinder,https://www.propertyfinder.ae/en/plp/buy/apartment-for-sale-sharjah-muwaileh-commercial-al-zahia-zohour-3-109026057.html,Luxury Finishes | Gated Community | Resale,790000,AED,sale,apartment,1,1,620,Muwaileh Commercial,sharjah,Sharjah,"Sharjah, Muwaileh Commercial, Al Zahia",25.314807891845703,55.45869445800781,2026-06-29T05:40:12Z,"Live Inspired at Al Zahia Apartments | Modern Comfort in a Connected Community

Experience the vibrant lifestyle of Al Zahia Apartments, where contemporary design meets practical living in a community built around comfort, connection, and convenience. Whether you are a first-time buyer, a growing family, or an investor, these homes offer the perfect blend of luxury and everyday functionality in on"
pf-sharjah-731,propertyfinder,https://www.propertyfinder.ae/en/plp/buy/apartment-for-sale-sharjah-al-khan-mesk-residences-115487177.html,Original price | distress deal in Mesk residences,1150000,AED,sale,apartment,2,2,1016,Al Khan,sharjah,Sharjah,"Sharjah, Al Khan, Maryam Island",25.323383331298828,55.362579345703125,2026-07-13T12:37:36Z,"Mesk Residence is one of the premium phases of Maryam Island, developed by Eagle Hills. Located in Sharjah's first waterfront freehold community, Mesk combines modern design with a boutique residential feel.
This low-rise building rises only 5 floors, creating a private and family-friendly atmosphere. Handover is scheduled in just 2 months, making it an ideal option for both end-users and investor"
pf-sharjah-732,propertyfinder,https://www.propertyfinder.ae/en/plp/buy/apartment-for-sale-sharjah-al-khan-noor-residence-109933949.html,Luxury Seafront | Private Beach Access,1700000,AED,sale,apartment,2,3,1349,Al Khan,sharjah,Sharjah,"Sharjah, Al Khan, Maryam Island",25.320676803588867,55.36024475097656,2026-07-01T04:52:17Z,"Experience Elevated Coastal Living
Immerse yourself in the height of beachfront luxury within an exclusive waterfront enclave where sophistication meets serenity. This remarkable development is thoughtfully designed to offer an unmatched lifestyle — featuring sweeping sea views, world-class amenities, and effortless access to a vibrant waterfront promenade filled with fine dining, entertainment, a"
pf-sharjah-733,propertyfinder,https://www.propertyfinder.ae/en/plp/buy/apartment-for-sale-sharjah-muwaileh-al-mamsha-souks-residential-88737598.html,Modern 1BR Apartment | Prime Location in Al Mamsha,789000,AED,sale,apartment,1,2,673,Muwaileh,sharjah,Sharjah,"Sharjah, Muwaileh, Al Mamsha",25.309467315673828,55.465885162353516,2026-05-13T08:02:49Z,"Discover contemporary living in the heart of Sharjah at Al Mamsha, the city’s first fully walkable community designed for a modern and connected lifestyle.

This stylish 1-bedroom apartment in RA2 Tower offers the perfect blend of comfort, convenience, and smart urban living.



Spanning 675 sqft, the apartment features 2 bathrooms, well-designed interiors, and high-quality finishes that ensure bo"
pf-sharjah-734,propertyfinder,https://www.propertyfinder.ae/en/plp/buy/apartment-for-sale-sharjah-khor-fakkan-94446905.html,Beach front view /free hold /DP 30 % rest 4 years,2603000,AED,sale,apartment,3,3,1700,Sharjah,sharjah,Sharjah,Sharjah,25.340373992919922,56.29554748535156,2026-05-26T11:45:19Z,"Ready Waterfront Apartments in Khorfakkan Resort |
30% Down payment and the rest over 4 years without Banks or interest, Free Hold for all Nationalities.
Own a ready luxury apartment in Khorfakkan Resort, officially inaugurated by His Highness Dr. Sultan bin Mohammed Al Qasimi. One of the most prestigious waterfront destinations on the East Coast of Sharjah offering sea and mountain views with fle"
pf-sharjah-735,propertyfinder,https://www.propertyfinder.ae/en/plp/buy/apartment-for-sale-sharjah-muwaileh-al-mamsha-106857674.html,1-BR | Prime Location | Freehold | Best Price,760000,AED,sale,apartment,1,2,652,Muwaileh,sharjah,Sharjah,"Sharjah, Muwaileh",25.31052589416504,55.46318817138672,2026-06-24T12:32:41Z,"Savills Middle East is delighted to present this exceptional 1-bedroom apartment in RB4, Al Mamsha, one of Sharjah's most sought-after lifestyle communities. Offering a perfect combination of contemporary design, comfort, and convenience, this residence is ideal for both homeowners and investors seeking strong long-term value.

The apartment features bright, open living spaces, high-quality finish"
pf-sharjah-736,propertyfinder,https://www.propertyfinder.ae/en/plp/buy/apartment-for-sale-sharjah-muwaileh-al-mamsha-souks-residential-108169176.html,FREEHOLD 2 BHK - BRAND NEW - READY TO MOVE,1200000,AED,sale,apartment,2,3,1579,Muwaileh,sharjah,Sharjah,"Sharjah, Muwaileh, Al Mamsha",25.309467315673828,55.465885162353516,2026-06-27T07:52:47Z,"- FREEHOLD  2 BHK  -  BRAND NEW  -  READY TO MOVE
- 2 BHK With 1 Covered Car Parking in SE2 Residence.
- 2 Master Bedrooms, Hall, Guest Bathroom, Kitchen.
- Apartment Size: 1579  sq. ft / 146 sq. mt
- Selling price: 1,200,000 AED
- Contact Mustafa 00971554663359

FEATURES:
• The first car-free community and enjoyed walking in the middle of the boulevard,
which contains all the international brands"
pf-sharjah-737,propertyfinder,https://www.propertyfinder.ae/en/plp/buy/apartment-for-sale-sharjah-aljada-naseej-district-sokoon-4-116828550.html,GRAP THE CHANCE I GARDEN VIEW I CASH I H.O SEPTEMB,700000,AED,sale,apartment,1,2,686,Aljada,sharjah,Sharjah,"Sharjah, Aljada, Naseej District",25.314176559448242,55.4769401550293,2026-07-16T14:08:06Z,"**Modern Living in the Heart of Aljada**

Discover contemporary living in **Sokoon 4 by Arada**, an exceptional residential development located within the vibrant **Naseej District of Aljada**, Sharjah's premier lifestyle destination. Designed with modern architecture, smart home technology, and premium finishes, this community offers the perfect balance of comfort, convenience, and connectivity.
"
pf-sharjah-738,propertyfinder,https://www.propertyfinder.ae/en/plp/buy/apartment-for-sale-sharjah-aljada-nasaq-6-116827727.html,DISTRISS SALE I LESS THAN OP 80 K I CASH DEAL,1150000,AED,sale,apartment,2,3,1170,Aljada,sharjah,Sharjah,"Sharjah, Aljada",25.31389045715332,55.473411560058594,2026-07-16T13:55:59Z,"**Apartment for Sale in Nasaq 6, Aljada**

## Modern 2-Bedroom Apartment | Boulevard View | Prime Investment Opportunity

Discover contemporary living in this beautifully designed 2-bedroom apartment in **Nasaq 6, Aljada**, Sharjah's premier lifestyle destination by Arada. Offering a spacious layout, premium finishes, and stunning boulevard views, this home is an excellent choice for families, pro"
pf-sharjah-739,propertyfinder,https://www.propertyfinder.ae/en/plp/buy/apartment-for-sale-sharjah-aljada-nasaq-6-114617239.html,SUPER DISTRISS SALE I AVENUE VIEW I READY SOON I C,1199000,AED,sale,apartment,2,3,1170,Aljada,sharjah,Sharjah,"Sharjah, Aljada",25.31389045715332,55.473411560058594,2026-07-11T15:03:53Z,"**2-Bedroom Apartment for Sale in Boulevard View, Aljada, Sharjah**

Experience modern urban living in this elegant 2-bedroom apartment located in **Boulevard View, Aljada** — one of Sharjah’s most vibrant and sought-after lifestyle destinations. Designed with contemporary finishes and a smart layout, this residence offers the perfect combination of comfort, convenience, and investment potential.
"
pf-sharjah-740,propertyfinder,https://www.propertyfinder.ae/en/plp/buy/apartment-for-sale-sharjah-muwaileh-al-mamsha-souks-residential-118154987.html,SPACIOUS 1BHK+BALCONY READY 838 SQFT | HIGH ROI,750000,AED,sale,apartment,1,2,838,Muwaileh,sharjah,Sharjah,"Sharjah, Muwaileh, Al Mamsha",25.309467315673828,55.465885162353516,2026-07-19T17:51:32Z,"State of the art development Al Mamsha that presents luxurious designed studios, 1, 2 & 3-bedroom apartments located at new Sharjah, UAE. The development offers a strategic location just off the Sheikh Mohammed Bin Zayed Road in the heart of New Sharjah and offers smooth connectivity with its connected road networks.


Ready 1-Bedroom Apartment – Al Mamsha (RB3)
* 1 Bedroom
* 2 Bathrooms
* Balcony"
pf-sharjah-741,propertyfinder,https://www.propertyfinder.ae/en/plp/buy/apartment-for-sale-sharjah-aljada-naseej-district-sokoon-5-115481727.html,Premium Unit | Pool and Garden View | Distressed,850000,AED,sale,apartment,1,2,779,Aljada,sharjah,Sharjah,"Sharjah, Aljada, Naseej District",25.31501579284668,55.47612762451172,2026-07-13T11:24:31Z,"Secure one of the best-value one-bedroom apartments in Sokoon 5, Aljada.

This is a genuinely distressed resale, priced for a fast transaction and suitable for both investors and end users looking for a nearly ready property in one of Sharjah’s most in-demand communities.

Property Details:

• Spacious one-bedroom apartment
• Located on the 4th floor
• Handover expected in approximately two months"
pf-sharjah-742,propertyfinder,https://www.propertyfinder.ae/en/plp/buy/apartment-for-sale-sharjah-muwaileh-al-mamsha-souks-residential-118154996.html,GREAT DEAL READY STUDIO | MODERN FINISHES FREEHOLD,475000,AED,sale,apartment,0,1,403,Muwaileh,sharjah,Sharjah,"Sharjah, Muwaileh, Al Mamsha",25.309467315673828,55.465885162353516,2026-07-19T17:53:13Z,"State of the art development Al Mamsha that presents luxurious designed studios, 1, 2 & 3-bedroom apartments located at new Sharjah, UAE. The development offers a strategic location just off the Sheikh Mohammed Bin Zayed Road in the heart of New Sharjah and offers smooth connectivity with its connected road networks.

**Ready Studio – SW2**

* Size: **403 sqft**
* Status: **Ready**


Location feat"
pf-sharjah-743,propertyfinder,https://www.propertyfinder.ae/en/plp/buy/apartment-for-sale-sharjah-muwaileh-al-mamsha-souks-residential-116354763.html,Prime Car-Free Urban Living | Strong Demand,450000,AED,sale,apartment,0,1,306,Muwaileh,sharjah,Sharjah,"Sharjah, Muwaileh, Al Mamsha",25.309467315673828,55.465885162353516,2026-07-15T06:46:03Z,"""Move-in-ready homes supporting rental stability""

• Ready-to-move-in residential community with established occupancy
• Strong end-user demand supporting rental and resale stability
• Pedestrian-focused master plan increasing long-term livability value
• Integrated retail, cafés, and daily services within walking distance
• Central location with direct access to Sharjah and major roads
• Suitable"
pf-sharjah-744,propertyfinder,https://www.propertyfinder.ae/en/plp/buy/apartment-for-sale-sharjah-aljada-naseej-district-sokoon-115941057.html,1 BHK in Nasaq 6/Big Balcony/Amazing POOL VIEW!!,749999,AED,sale,apartment,1,2,698,Aljada,sharjah,Sharjah,"Sharjah, Aljada, Naseej District",25.318153381347656,55.47466278076172,2026-07-14T15:15:52Z,"Pool-view apartments in the Nasaq 6 building within the Aljada project in Sharjah are among the most sought-after real estate options. Developed by Arada, this project combines modern urban design with a strategic, vibrant location near University City. Here is a detailed guide to the specifications, pricing, and benefits of living in a pool-view apartment at Nasaq 6: Apartment specifications and "
pf-sharjah-745,propertyfinder,https://www.propertyfinder.ae/en/plp/buy/apartment-for-sale-sharjah-al-khan-rehan-residences-115940160.html,2 BHK in Rehan/Balcony/Amazing POOL and Mamzr VIEW,1149999,AED,sale,apartment,2,3,1039,Al Khan,sharjah,Sharjah,"Sharjah, Al Khan, Maryam Island",25.319507598876953,55.35791015625,2026-07-14T14:58:04Z,"Reihan Residences at Maryam Island, Sharjah, offers the ideal destination for a sophisticated coastal lifestyle combined with serene water views. Developed by Eagle Hills, the building features a G+P+9 configuration (ground floor, podium level, and nine upper floors) and comprises 162 diverse residential units. Below are details regarding the apartments, amenities, and features of the units offeri"
pf-sharjah-746,propertyfinder,https://www.propertyfinder.ae/en/plp/buy/apartment-for-sale-sharjah-al-khan-rehan-residences-115940001.html,1 BHK in Rehan with Amazing POOL and Mamzar View!!,719999,AED,sale,apartment,1,2,711,Al Khan,sharjah,Sharjah,"Sharjah, Al Khan, Maryam Island",25.319507598876953,55.35791015625,2026-07-14T14:52:44Z,"Reihan Residences at Maryam Island, Sharjah, offers the ideal destination for a sophisticated coastal lifestyle combined with serene water views. Developed by Eagle Hills, the building features a G+P+9 configuration (ground floor, podium level, and nine upper floors) and comprises 162 diverse residential units. Below are details regarding the apartments, amenities, and features of the units offeri"
pf-sharjah-747,propertyfinder,https://www.propertyfinder.ae/en/plp/buy/apartment-for-sale-sharjah-muwaileh-al-mamsha-souks-residential-118151331.html,Move-In Ready | Stylish Apartment | Peaceful Area,650000,AED,sale,apartment,1,2,670,Muwaileh,sharjah,Sharjah,"Sharjah, Muwaileh, Al Mamsha",25.309467315673828,55.465885162353516,2026-07-19T15:11:29Z,"Welcome to Al Mamsha, Sharjah’s first fully pedestrian-friendly neighborhood. Expertly designed to weave modern urban living with dynamic retail and entertainment zones, Al Mamsha offers an inspired lifestyle crafted for comfort, convenience, and connection.
This stylish development features a mix of thoughtfully designed apartments—including 1, 2, and 3‑bedroom units—each delivering spacious layo"
pf-sharjah-748,propertyfinder,https://www.propertyfinder.ae/en/plp/buy/apartment-for-sale-sharjah-aljada-naseej-district-sokoon-115934650.html,Garden View || Best Offer || Ready to Move,700000,AED,sale,apartment,1,2,686,Aljada,sharjah,Sharjah,"Sharjah, Aljada, Naseej District",25.318153381347656,55.47466278076172,2026-07-14T13:11:04Z,"Sokoon 4 by Arada Developer is the latest residential addition that offers 1, 2 and 3 bedroom apartments located at Aljada, Sharjah. These exclusive residential apartments will add another glory to the locality, as the development is lined with premium facilities on the front.

The prime locality at the Naseej District within Sharjah will further mark the way to lead a lifestyle that offers much m"
pf-sharjah-749,propertyfinder,https://www.propertyfinder.ae/en/plp/buy/apartment-for-sale-sharjah-aljada-the-riff-the-riff-5-110974107.html,Ready to move in - Vacant - Pool view,420000,AED,sale,apartment,0,1,297,Aljada,sharjah,Sharjah,"Sharjah, Aljada, The Riff",25.31255340576172,55.47684097290039,2026-07-03T11:55:49Z,"Studio for Sale in Aljada – Riff 6 | Open View | Ready & Vacant

Discover modern living in the heart of Aljada, Sharjah’s most vibrant lifestyle destination.

This studio apartment in Riff 6 offers a smart layout, open view, and is ready to move in immediately — perfect for end-users or investors.

⸻

Unit Features:
	•	Studio apartment with functional layout
	•	Open community view
	•	Bright unit w"
pf-sharjah-750,propertyfinder,https://www.propertyfinder.ae/en/plp/buy/apartment-for-sale-sharjah-aljada-nasaq-2-116380462.html,Brand New | Best Price |Pool View,755000,AED,sale,apartment,1,2,715,Aljada,sharjah,Sharjah,"Sharjah, Aljada",25.31795310974121,55.47444152832031,2026-07-15T13:38:41Z,"EliteHome is delighted to present 1Bedroom Spacious Home for sale in the nasaq at Aljada, a masterfully designed community in Sharjah, known for its vibrant atmosphere and cutting-edge architecture.

Property Features:
*1 Bedroom.
*2 Bathrooms.
*Big Balcony.

Location :
The project enjoys a strategic location that provides easy access to many of Sharjah’s most prominent destinations and attraction"
pf-sharjah-751,propertyfinder,https://www.propertyfinder.ae/en/plp/buy/apartment-for-sale-sharjah-aljada-the-boulevard-2-116380362.html,Distrees Deal | Boulevard View | Ready To Move,1100000,AED,sale,apartment,2,3,1017,Aljada,sharjah,Sharjah,"Sharjah, Aljada",25.323139190673828,55.47476577758789,2026-07-15T13:37:00Z,"EliteHome is delighted to present 2Bedroom Spacious Home for sale in the Boulevard at Aljada, a masterfully designed community in Sharjah, known for its vibrant atmosphere and cutting-edge architecture.

Property Features:
*2 Bedroom.
*3 Bathroom.
*Big Balcony.

Location :
The project enjoys a strategic location that provides easy access to many of Sharjah’s most prominent destinations and attract"
pf-sharjah-752,propertyfinder,https://www.propertyfinder.ae/en/plp/buy/apartment-for-sale-sharjah-aljada-naseej-district-tiraz-116380043.html,Best Price | Prime Location | Ready To Move,800000,AED,sale,apartment,1,2,752,Aljada,sharjah,Sharjah,"Sharjah, Aljada, Naseej District",25.3150691986084,55.4720458984375,2026-07-15T13:32:02Z,"EliteHome is delighted to present 1bedroom Spacious Home for sale in the tiraz at Aljada, a masterfully designed community in Sharjah, known for its vibrant atmosphere and cutting-edge architecture.

Property Features:
*1 Bedroom.
*2 Bathrooms.
*Big Balcony.

Location :
The project enjoys a strategic location that provides easy access to many of Sharjah’s most prominent destinations and attraction"
pf-sharjah-753,propertyfinder,https://www.propertyfinder.ae/en/plp/buy/apartment-for-sale-sharjah-aljada-nasaq-6-116357740.html,Unbeatable 2BHK Price Deal Facing The Boulevard,1100000,AED,sale,apartment,2,3,1170,Aljada,sharjah,Sharjah,"Sharjah, Aljada",25.31389045715332,55.473411560058594,2026-07-15T08:08:27Z,"Hot Property Alert - Unbelievable 2BHK Resale Deal Priced Way Below Market Value for Quick Sale! Rekaz Al Dar Real Estate proudly presents a premium 2-bedroom (2 BHK) apartment available for resale in Sharjah's master-planned community, ""Aljada"", located within the highly demanded ""Nasaq 6"" phase. This second-floor unit stands out on the secondary market as an absolute steal, offering a spacious l"
pf-sharjah-754,propertyfinder,https://www.propertyfinder.ae/en/plp/buy/apartment-for-sale-sharjah-aljada-nasaq-6-116355613.html,Hot Capital Growth Resale Asset Available In Aljad,765000,AED,sale,apartment,1,2,698,Aljada,sharjah,Sharjah,"Sharjah, Aljada",25.31389045715332,55.473411560058594,2026-07-15T07:24:19Z,"Hot Property Alert - Unbelievable Resale Opportunity Priced with an Extremely Low Premium Over the Original Launch Price! Rekaz Al Dar Real Estate proudly presents a premium 1-bedroom (1 BHK) apartment available for resale in Sharjah's master community, ""Aljada"", located within the highly demanded ""Nasaq 6"" phase. This first-floor unit stands out on the secondary market, offering a beautiful direc"
pf-sharjah-755,propertyfinder,https://www.propertyfinder.ae/en/plp/buy/apartment-for-sale-sharjah-al-qasba-terhab-residence-110088248.html,"Full Sea View | Freehold | Al Khan – Al Qasba,Shaj",661707,AED,sale,apartment,1,2,808,Al Qasba,sharjah,Sharjah,"Sharjah, Al Qasba",25.320514678955078,55.3769416809082,2026-07-01T21:03:48Z,"Experience luxury waterfront living in this spacious and beautifully maintained 1-bedroom apartment located in the highly desirable Al Khan – Al Qasba area of Sharjah. Offering breathtaking full sea views, this apartment is an excellent choice for both end-users and investors seeking a premium property in one of Sharjah's most sought-after communities.

Property Features:
Spacious 1 Bedroom
Master"
pf-sharjah-756,propertyfinder,https://www.propertyfinder.ae/en/plp/buy/apartment-for-sale-sharjah-al-qasba-terhab-residence-110088164.html,Freehold for all Nationalities Bright Airy Layout|,1242000,AED,sale,apartment,2,3,1563,Al Qasba,sharjah,Sharjah,"Sharjah, Al Qasba",25.320514678955078,55.3769416809082,2026-07-01T20:54:52Z,"Own a premium waterfront apartment in the highly sought-after Al Khan area of Sharjah. This spacious and well-maintained 2-bedroom apartment offers a perfect blend of comfort, convenience, and investment value, making it ideal for families and investors alike.

Property Features:
Spacious 2 Bedrooms
2 Master Bedrooms with attached bathrooms
3 Bathrooms (including Guest Washroom)
Large Living & Din"
pf-sharjah-757,propertyfinder,https://www.propertyfinder.ae/en/plp/buy/apartment-for-sale-sharjah-muwaileh-al-mamsha-souks-residential-118151463.html,Ready for Immediate Move-In | Stylish & Modern,1500000,AED,sale,apartment,3,4,1550,Muwaileh,sharjah,Sharjah,"Sharjah, Muwaileh, Al Mamsha",25.309467315673828,55.465885162353516,2026-07-19T15:13:50Z,"Welcome to Al Mamsha, Sharjah’s first fully pedestrian-friendly neighborhood. Expertly designed to weave modern urban living with dynamic retail and entertainment zones, Al Mamsha offers an inspired lifestyle crafted for comfort, convenience, and connection.
This stylish development features a mix of thoughtfully designed apartments—including 1, 2, and 3‑bedroom units—each delivering spacious layo"
pf-sharjah-758,propertyfinder,https://www.propertyfinder.ae/en/plp/buy/apartment-for-sale-sharjah-aljada-naseej-district-sokoon-4-115933652.html,Distress DeaL | Luxury 1BR Apartment | Garden View,700000,AED,sale,apartment,1,2,686,Aljada,sharjah,Sharjah,"Sharjah, Aljada, Naseej District",25.314176559448242,55.4769401550293,2026-07-14T12:55:19Z,"HOT DEAL | Luxury 1BR Apartment | Garden View | Sokoon 4 Aljada

Selling Price: AED 700,000 Only

Own a premium 1-bedroom apartment in Sokoon 4, Aljada, developed by Arada, one of Sharjah's most sought-after communities. Located on the 4th floor, this stylish residence offers stunning garden views, contemporary interiors, and exceptional investment potential.

Property Details:

1 Bedroom Apartmen"
pf-sharjah-759,propertyfinder,https://www.propertyfinder.ae/en/plp/buy/apartment-for-sale-sharjah-aljada-nasaq-6-115464410.html,Securing Your Future With Premium Assets at Aljada,1200000,AED,sale,apartment,2,3,1170,Aljada,sharjah,Sharjah,"Sharjah, Aljada",25.31389045715332,55.473411560058594,2026-07-13T07:33:16Z,"Rekaz Al Dar Real Estate presents a prime investment opportunity (Distress Sale for immediate cash transaction) for a luxury 2-bedroom apartment (2BHK) for resale in the iconic ""Aljada"" mega-development, Sharjah, located within the premium ""Nasaq-6"" phase. Situated on the sixth floor, this unit offers a spacious layout and exceptional value.

Key Features & Financials:

Property Type: Residential "
pf-sharjah-760,propertyfinder,https://www.propertyfinder.ae/en/plp/buy/apartment-for-sale-sharjah-al-taawun-new-al-taawun-road-117717380.html,Investment Opportunity for Sale in Al Taawun,520000,AED,sale,apartment,2,3,1000,Al Taawun,sharjah,Sharjah,"Sharjah, Al Taawun",25.310016632080078,55.37631607055664,2026-07-18T14:48:57Z,"Investment Opportunity for Sale in Al Taawun – Rented Apartment with Immediate Returns
A unique opportunity for investors to own an apartment in the Al Taawun area, currently rented and ready to generate income from day one, with a prime location and high-end finishes.

Apartment Details:

Two bedrooms and a spacious living room
Area: 1,000 sq ft
2 bathrooms
Super Lux finishing
Open and stunning v"
pf-sharjah-761,propertyfinder,https://www.propertyfinder.ae/en/plp/buy/apartment-for-sale-sharjah-al-nahda-al-nahda-residential-complex-105540797.html,Fully Furnished Spacious Apartment Prime Location,850000,AED,sale,apartment,2,3,1405,Al Nahda,sharjah,Sharjah,"Sharjah, Al Nahda",25.300670623779297,55.379669189453125,2026-06-21T10:13:24Z,"Furnished Apartment for Sale in Al Nahda Sharjah – Dubai Border

A great opportunity for both living and investment in a prime location on the Dubai–Sharjah border, directly opposite Sahara Mall.

This spacious and fully furnished apartment features modern high-end finishes and premium appliances. It was previously occupied by a Kuwaiti family for only a few months.

Property Details:
Two Master B"
pf-sharjah-762,propertyfinder,https://www.propertyfinder.ae/en/plp/buy/apartment-for-sale-sharjah-al-khan-al-waha-residence-118591613.html,Spacious 2BR | High ROI | Al Waha Tower,1050000,AED,sale,apartment,2,3,1709,Al Khan,sharjah,Sharjah,"Sharjah, Al Khan",25.313945770263672,55.37339401245117,2026-07-20T11:51:42Z,"Spacious 2-Bedroom Apartment for Sale in Al Waha Tower

Own a spacious apartment in Al Waha Tower, a well-established residential tower offering generous living spaces, a strategic location, and excellent connectivity to all essential services. Whether you are looking for a comfortable family home or a high-return investment, this property is an outstanding choice thanks to its practical layout an"
pf-sharjah-763,propertyfinder,https://www.propertyfinder.ae/en/plp/buy/villa-for-sale-sharjah-tilal-city-masaar-sendian-115495920.html,Modern Villas | Family Spot | Easy Access,2100000,AED,sale,apartment,3,4,2000,Tilal City,sharjah,Sharjah,"Sharjah, Tilal City, Masaar",25.25870132446289,55.592369079589844,2026-07-13T15:21:51Z,"Discover a new standard of luxury living in Sharjah’s prestigious Masaar community. Nestled amidst serene surroundings and conveniently connected to urban amenities, Masaar offers an unparalleled lifestyle experience tailored for families and professionals alike.
The community features a variety of thoughtfully designed residences, including spacious townhouses and elegant villas ranging from 2 to"
pf-sharjah-764,propertyfinder,https://www.propertyfinder.ae/en/plp/buy/villa-for-sale-sharjah-sharjah-garden-city-shomous-residential-complex-115049390.html,Spacious Villas | Great for Families | New Build,2710000,AED,sale,apartment,3,4,2155,Sharjah Garden City,sharjah,Sharjah,"Sharjah, Sharjah Garden City",25.192142486572266,55.634498596191406,2026-07-12T17:14:39Z,"Shoumous – Exclusive Villa Living in Sharjah
Shoumous is a prestigious residential community in the vibrant city of Sharjah, thoughtfully
designed to offer a perfect blend of modern luxury and traditional charm. This exclusive villa
development caters to families and individuals seeking spacious, private homes within a serene
yet well-connected environment.
Featuring elegant 3, 4, and 5-bedroom vi"
pf-sharjah-765,propertyfinder,https://www.propertyfinder.ae/en/plp/buy/villa-for-sale-sharjah-sharjah-sustainable-city-118570832.html,Eco Luxury | Investment Opportunity | Resale,3000000,AED,sale,apartment,3,4,2313,Sharjah,sharjah,Sharjah,Sharjah,25.35654640197754,55.55231857299805,2026-07-20T06:54:50Z,"Smart, Sustainable Homes for a Greener Tomorrow
Sharjah Sustainable City is a bold vision of the future — where modern living meets environmental responsibility. These next-generation villas are designed for those who seek a life of comfort, luxury, and purpose. With a strong focus on environmental, social, and economic sustainability, the community offers a self-sufficient lifestyle powered by cl"
pf-sharjah-766,propertyfinder,https://www.propertyfinder.ae/en/plp/buy/villa-for-sale-sharjah-tilal-city-masaar-sendian-109506077.html,4 BR Townhouse in Tilal City with Private Parking,2460000,AED,sale,apartment,4,4,1818,Tilal City,sharjah,Sharjah,"Sharjah, Tilal City, Masaar",25.25870132446289,55.592369079589844,2026-06-30T12:57:00Z,"Available for purchase, this 4-bedroom Townhouse in the Northern Emirates offers 2,414 sq ft of built-up area on an 1,818 sq ft plot. This upgraded residence is delivered unfurnished, allowing you to arrange the space to suit your personal requirements. The layout includes four bathrooms, a dedicated maid's room, and three covered parking slots.

The interior layout provides a functional flow acro"
pf-sharjah-767,propertyfinder,https://www.propertyfinder.ae/en/plp/buy/villa-for-sale-sharjah-muwaileh-commercial-al-zahia-al-yasmeen-109025626.html,Spacious Villa | Gated Community | Resale,2300000,AED,sale,apartment,3,3,1890,Muwaileh Commercial,sharjah,Sharjah,"Sharjah, Muwaileh Commercial, Al Zahia",25.31576919555664,55.463218688964844,2026-06-29T04:07:57Z,"Modern Elegance & Everyday Comfort – Fully Furnished Villa in Al Zahia | Prime Resale
Discover a refined blend of style, comfort, and functionality with this beautifully furnished villa, perfectly positioned in the prestigious Al Zahia community of Sharjah. Thoughtfully crafted to enhance daily living, this home offers a serene retreat for families and individuals who value modern design, spacious"
pf-sharjah-768,propertyfinder,https://www.propertyfinder.ae/en/plp/buy/villa-for-sale-sharjah-tilal-city-masaar-masaar-azalea-115039389.html,Single Row| 5BR Signature Villa| Prime Corner plot,6300000,AED,sale,apartment,5,8,6475,Tilal City,sharjah,Sharjah,"Sharjah, Tilal City, Masaar",25.26445960998535,55.5958137512207,2026-07-12T10:33:16Z,"Distress Deal | 5BR Signature Villa | Corner Plot | Single Row | Azalea, Masaar

Experience luxury living in one of the most prestigious communities in Sharjah with this exceptional 5-Bedroom Signature Villa in Azalea, Masaar. Situated on a premium corner plot with a single-row location, this villa offers an outstanding level of privacy, larger outdoor space, and an open, tranquil environment that"
pf-sharjah-769,propertyfinder,https://www.propertyfinder.ae/en/plp/buy/villa-for-sale-sharjah-sharjah-waterfront-city-sun-island-116834554.html,Limited Cash offer | 5Br Villa Seaview | Freehold,3700000,AED,sale,apartment,5,6,3800,Sharjah Waterfront City,sharjah,Sharjah,"Sharjah, Sharjah Waterfront City, Ajmal Makan City",25.497648239135742,55.5338134765625,2026-07-16T18:22:08Z,"Sharjah Water City – The Most Beautiful Place

Overview

World-class, mixed-use development spanning 60 million square feet
Features eight stunning islands surrounded by turquoise waters and sandy beaches
Combines luxurious living, sustainability, and modern design
One of the most sought-after waterfront destinations in the UAE

Key Highlights

Prime waterfront location with over 36 km of coastlin"
pf-sharjah-770,propertyfinder,https://www.propertyfinder.ae/en/plp/buy/villa-for-sale-sharjah-sharjah-waterfront-city-sun-island-116834452.html,Ready Seaview Villa 4Br | Beach Access | Visa 10Y,2760000,AED,sale,apartment,4,6,2800,Sharjah Waterfront City,sharjah,Sharjah,"Sharjah, Sharjah Waterfront City, Ajmal Makan City",25.497648239135742,55.5338134765625,2026-07-16T18:10:19Z,"Sharjah Water City – The Most Beautiful Place

Overview

World-class, mixed-use development spanning 60 million square feet
Features eight stunning islands surrounded by turquoise waters and sandy beaches
Combines luxurious living, sustainability, and modern design
One of the most sought-after waterfront destinations in the UAE

Key Highlights

Prime waterfront location with over 36 km of coastlin"
pf-sharjah-771,propertyfinder,https://www.propertyfinder.ae/en/plp/buy/villa-for-sale-sharjah-sharjah-waterfront-city-sun-island-118597866.html,10% Cash Additional Discount|Golden Visa|4Br Ready,3070000,AED,sale,apartment,4,6,2700,Sharjah Waterfront City,sharjah,Sharjah,"Sharjah, Sharjah Waterfront City, Ajmal Makan City",25.497648239135742,55.5338134765625,2026-07-20T13:28:46Z,"5 Years Post Payment|10% Cash Discount|SLD Waiver

5 Years Post Payment Plan Directly With the Developer Without any Additional Fees or Commisions.

4 Years Service Charges Waiver. and after 4 years its only 4 dirhams per Sqft Yearly

4% SLD Waiver

LIMITED OFFER FOR EXCLUSIVE UNITS THROUGH US SO DON'T MISS THIS CHANCE AND CONTACT US AS SOON AS POSSIBLE..

Sea View | Prime Location | Spacious | Fr"
pf-sharjah-772,propertyfinder,https://www.propertyfinder.ae/en/plp/buy/villa-for-sale-sharjah-tilal-city-masaar-sendian-116829198.html,4BR Villa in Tilal City with Private Pool,4500000,AED,sale,apartment,4,7,5000,Tilal City,sharjah,Sharjah,"Sharjah, Tilal City, Masaar",25.25870132446289,55.592369079589844,2026-07-16T14:20:16Z,"This four-bedroom villa by ARADA spans 5000 sqft across two floors in the Tilal City development. The property is completed and offers a semi-furnished layout, providing a balance of essential fixtures and space for personal customization.

The interior layout includes seven bathrooms and four bedrooms, ensuring ample space for daily routines. The kitchen comes equipped with appliances, while buil"
pf-sharjah-773,propertyfinder,https://www.propertyfinder.ae/en/plp/buy/villa-for-sale-sharjah-sharjah-waterfront-city-sun-island-116834539.html,Private Island | 5Yrs Post PP | 2Yrs SC free |Visa,2890000,AED,sale,apartment,4,6,2800,Sharjah Waterfront City,sharjah,Sharjah,"Sharjah, Sharjah Waterfront City, Ajmal Makan City",25.497648239135742,55.5338134765625,2026-07-16T18:18:27Z,"Sharjah Water City – The Most Beautiful Place

Overview

World-class, mixed-use development spanning 60 million square feet
Features eight stunning islands surrounded by turquoise waters and sandy beaches
Combines luxurious living, sustainability, and modern design
One of the most sought-after waterfront destinations in the UAE

Key Highlights

Prime waterfront location with over 36 km of coastlin"
pf-sharjah-774,propertyfinder,https://www.propertyfinder.ae/en/plp/buy/villa-for-sale-sharjah-sharjah-waterfront-city-sun-island-116834380.html,Luxury 5Br Villa | Seaview | Beach Access|Freehold,3700000,AED,sale,apartment,5,7,3800,Sharjah Waterfront City,sharjah,Sharjah,"Sharjah, Sharjah Waterfront City, Ajmal Makan City",25.497648239135742,55.5338134765625,2026-07-16T18:07:22Z,"Sharjah Water City – The Most Beautiful Place

Overview

World-class, mixed-use development spanning 60 million square feet
Features eight stunning islands surrounded by turquoise waters and sandy beaches
Combines luxurious living, sustainability, and modern design
One of the most sought-after waterfront destinations in the UAE

Key Highlights

Prime waterfront location with over 36 km of coastlin"
pf-sharjah-775,propertyfinder,https://www.propertyfinder.ae/en/plp/buy/villa-for-sale-sharjah-al-badie-hoshi-al-hooshi-villas-119046317.html,Modern Villa for Sale  Prime Sharjah Location,3250000,AED,sale,apartment,5,6,3200,Al Badie,sharjah,Sharjah,"Sharjah, Al Badie, Hoshi",25.26011848449707,55.530853271484375,2026-07-21T12:52:25Z,"Luxury Villa for Sale in Al Hoshi – Sharjah

An excellent opportunity to own a modern villa with contemporary architecture and super deluxe finishes in Al Hoshi. The property offers spacious living areas and high-quality construction, making it an ideal choice for families seeking comfort, privacy, and elegance.

Property Details:

* Land Area: 3,200 sq. ft.
* Built-up Area: 4,000 sq. ft.
* 5 Mast"
pf-sharjah-776,propertyfinder,https://www.propertyfinder.ae/en/plp/buy/villa-for-sale-sharjah-tilal-city-tilal-city-d-81537323.html,FREEHOLD STAND ALONE VILLA IN TILAL CITY / ZONE D,4300000,AED,sale,apartment,5,7,4589,Tilal City,sharjah,Sharjah,"Sharjah, Tilal City",25.2716007232666,55.590797424316406,2026-04-26T16:25:37Z,"- Freehold Stand Alone Villa ( 5 Master Bedrooms ) ( Ready To Move )
- Tilal City Zone D
- Plot Area Size : 4589 sq. ft / 426 sq. mt
- BUA Area Size: 4450 sq. ft / 410  sq. mt
- Price: 4,300,000 AED

- G+2 (ground floor, first floor, Top Roof)
- Luxurious finishes.
- Kitchen Amenities.
- 5 Master Bedrooms, Hall, Dining Room, Guest Master Bedroom, Kitchen, Guest Bathroom, Private Garden, Covered Ca"
pf-sharjah-777,propertyfinder,https://www.propertyfinder.ae/en/plp/buy/villa-for-sale-sharjah-sharjah-waterfront-city-sun-island-118595174.html,10% Limited Discount | SeaView | Luxury Living,3700000,AED,sale,apartment,5,6,3800,Sharjah Waterfront City,sharjah,Sharjah,"Sharjah, Sharjah Waterfront City, Ajmal Makan City",25.497648239135742,55.5338134765625,2026-07-20T12:44:06Z,"Welcome to Ajmal Makan City
Explore an incredible collection of eight beautifully designed islands, visible from outer space. This vibrant mixed-use development in Sharjah is set to reshape the landscape, creating a new city on the coast of the Arabian Gulf . 

Prime Location:
-  5 minutes from Mohammed Bin Zayed Road
-  10 minutes from Emirates Road
-  10 minutes from Umm Al Quwain
-  10 minutes "
pf-sharjah-778,propertyfinder,https://www.propertyfinder.ae/en/plp/buy/villa-for-sale-sharjah-sharjah-sustainable-city-118601859.html,5BedRoom For Sale in Phase 3 (Ready Garden),3670000,AED,sale,apartment,5,7,4800,Sharjah,sharjah,Sharjah,Sharjah,25.35654640197754,55.55231857299805,2026-07-20T14:59:38Z,"The living room serves as the heart of this 5-bedroom villa, offering a generous 4,800 sqft of space that flows naturally into the dining area. With two floors of living space, the layout provides a clear separation between the active ground floor and the private quarters above. The unfurnished interior allows you to arrange your furniture and finishes to suit your personal preferences, ensuring t"
pf-sharjah-779,propertyfinder,https://www.propertyfinder.ae/en/plp/buy/villa-for-sale-sharjah-sharjah-sustainable-city-118601621.html,Phase 3 (D Type 3BedRoom For Sale) FreeHold Prop,2230000,AED,sale,apartment,3,4,2550,Sharjah,sharjah,Sharjah,Sharjah,25.35654640197754,55.55231857299805,2026-07-20T14:52:05Z,"Spanning 2550 sqft across two floors, this three-bedroom villa offers a private layout within the eco-conscious Sharjah Sustainable City. The home provides a generous footprint for residents to arrange their living space according to personal preference, as the unit is delivered unfurnished. Its design emphasizes a practical flow between the ground floor living areas and the upper level sleeping q"
pf-sharjah-780,propertyfinder,https://www.propertyfinder.ae/en/plp/buy/villa-for-sale-sharjah-sharjah-sustainable-city-118601475.html,Phase 4 (C Type 3BedRoom For Sale) Gated Community,2150000,AED,sale,apartment,3,4,2250,Sharjah,sharjah,Sharjah,Sharjah,25.35654640197754,55.55231857299805,2026-07-20T14:47:21Z,"This 3-bedroom villa in Sharjah Sustainable City offers a 2250 sqft layout across two floors. The property is unfurnished, providing a blank slate for residents to arrange the space according to their personal preferences. With a built-up area of 2200 sqft, the home is designed to accommodate a functional lifestyle while maintaining a connection to the surrounding eco-friendly community.

The inte"
pf-sharjah-781,propertyfinder,https://www.propertyfinder.ae/en/plp/buy/villa-for-sale-sharjah-sharjah-waterfront-city-sun-island-116804814.html,Ready 5br Villa | Sea Acess | FH | 10%Disc | 5Y PP,4125000,AED,sale,apartment,5,8,3800,Sharjah Waterfront City,sharjah,Sharjah,"Sharjah, Sharjah Waterfront City, Ajmal Makan City",25.497648239135742,55.5338134765625,2026-07-16T08:43:31Z,"Ajmal Makan City – Sharjah Waterfront is an extraordinary collection of eight beautifully designed islands visible from space. It is one of the most vibrant mixed-use developments in Sharjah, set to redefine the coastal landscape of the Arabian Gulf and create a new city along the waterfront.

**Location:**

* 5 minutes from Mohammed Bin Zayed Road
* 10 minutes from Emirates Road
* 10 minutes from"
pf-sharjah-782,propertyfinder,https://www.propertyfinder.ae/en/plp/buy/villa-for-sale-sharjah-sharjah-waterfront-city-sun-island-116807162.html,Ready 4BR Villa_Freehold_30% D.P_70%Post HO_4%Disc,3075000,AED,sale,apartment,4,6,2800,Sharjah Waterfront City,sharjah,Sharjah,"Sharjah, Sharjah Waterfront City, Ajmal Makan City",25.497648239135742,55.5338134765625,2026-07-16T09:48:04Z,"Luxury Villa for Sale – Sun Island, Ajmal Makan City (Sharjah Waterfront)
Discover a new level of luxury living in one of Sharjah’s most iconic waterfront destinations.
Sun Island in Ajmal Makan City – Sharjah Waterfront is part of a world-class master development made up of 8 breathtaking islands, designed to offer a serene coastal lifestyle with exceptional facilities and direct access to nature"
pf-sharjah-783,propertyfinder,https://www.propertyfinder.ae/en/plp/buy/villa-for-sale-sharjah-sharjah-waterfront-city-sun-island-116385143.html,Ready Villa | Exclusive Offer | Beach Access,2760000,AED,sale,apartment,4,5,2800,Sharjah Waterfront City,sharjah,Sharjah,"Sharjah, Sharjah Waterfront City, Ajmal Makan City",25.497648239135742,55.5338134765625,2026-07-15T15:27:08Z,"Welcome to Ajmal Makan City
Explore an incredible collection of eight beautifully designed islands, visible from outer space. This vibrant mixed-use development in Sharjah is set to reshape the landscape, creating a new city on the coast of the Arabian Gulf . 

Prime Location:
-  5 minutes from Mohammed Bin Zayed Road
-  10 minutes from Emirates Road
-  10 minutes from Umm Al Quwain
-  10 minutes "
pf-sharjah-784,propertyfinder,https://www.propertyfinder.ae/en/plp/buy/villa-for-sale-sharjah-sharjah-waterfront-city-sun-island-116384974.html,5y Post Payment | Ready Villa | Beach Access,3870000,AED,sale,apartment,5,6,3900,Sharjah Waterfront City,sharjah,Sharjah,"Sharjah, Sharjah Waterfront City, Ajmal Makan City",25.497648239135742,55.5338134765625,2026-07-15T15:21:56Z,"Welcome to Ajmal Makan City
Explore an incredible collection of eight beautifully designed islands, visible from outer space. This vibrant mixed-use development in Sharjah is set to reshape the landscape, creating a new city on the coast of the Arabian Gulf . 

Prime Location:
-  5 minutes from Mohammed Bin Zayed Road
-  10 minutes from Emirates Road
-  10 minutes from Umm Al Quwain
-  10 minutes "
pf-sharjah-785,propertyfinder,https://www.propertyfinder.ae/en/plp/buy/villa-for-sale-sharjah-sharjah-waterfront-city-sun-island-116834566.html,Spacious Villa 4Br Seaview | Beach Access | G Visa,2760000,AED,sale,apartment,4,6,2800,Sharjah Waterfront City,sharjah,Sharjah,"Sharjah, Sharjah Waterfront City, Ajmal Makan City",25.497648239135742,55.5338134765625,2026-07-16T18:25:23Z,"Sharjah Water City – The Most Beautiful Place

Overview

World-class, mixed-use development spanning 60 million square feet
Features eight stunning islands surrounded by turquoise waters and sandy beaches
Combines luxurious living, sustainability, and modern design
One of the most sought-after waterfront destinations in the UAE

Key Highlights

Prime waterfront location with over 36 km of coastlin"
pf-sharjah-786,propertyfinder,https://www.propertyfinder.ae/en/plp/buy/villa-for-sale-sharjah-sharjah-waterfront-city-sun-island-116834534.html,Ready Villa | 5 Yrs Post payment | 2Yrs SC free,3870000,AED,sale,apartment,5,7,3800,Sharjah Waterfront City,sharjah,Sharjah,"Sharjah, Sharjah Waterfront City, Ajmal Makan City",25.497648239135742,55.5338134765625,2026-07-16T18:15:38Z,"Sharjah Water City – The Most Beautiful Place

Overview

World-class, mixed-use development spanning 60 million square feet
Features eight stunning islands surrounded by turquoise waters and sandy beaches
Combines luxurious living, sustainability, and modern design
One of the most sought-after waterfront destinations in the UAE

Key Highlights

Prime waterfront location with over 36 km of coastlin"
pf-sharjah-787,propertyfinder,https://www.propertyfinder.ae/en/plp/buy/villa-for-sale-sharjah-sharjah-waterfront-city-sun-island-115940155.html,SeaView | Ready Villa | Luxury Amenities | Free SC,3700000,AED,sale,apartment,5,6,3800,Sharjah Waterfront City,sharjah,Sharjah,"Sharjah, Sharjah Waterfront City, Ajmal Makan City",25.497648239135742,55.5338134765625,2026-07-14T14:58:09Z,"Welcome to Ajmal Makan City
Explore an incredible collection of eight beautifully designed islands, visible from outer space. This vibrant mixed-use development in Sharjah is set to reshape the landscape, creating a new city on the coast of the Arabian Gulf . 

Prime Location:
-  5 minutes from Mohammed Bin Zayed Road
-  10 minutes from Emirates Road
-  10 minutes from Umm Al Quwain
-  10 minutes "
pf-sharjah-788,propertyfinder,https://www.propertyfinder.ae/en/plp/buy/villa-for-sale-sharjah-sharjah-garden-city-shomous-residential-complex-116804711.html,3BR + MAID _(4300 SQ ) _ Available Viewing _ Ready,2750000,AED,sale,apartment,3,5,4300,Sharjah Garden City,sharjah,Sharjah,"Sharjah, Sharjah Garden City",25.192142486572266,55.634498596191406,2026-07-16T08:37:38Z,"Villa for sale in Shomous Residential Complex, Sharjah Garden City

Note: These are pictures of the villa in the showroom.

Sharjah Garden City Villas is a beautifully built community of three, four and five bedroom villas in a modern style.
It is the latest project of Shoumous Real Estate Company, the 5th phase.

Brilliantly built location, stunning appearance, amenities, most exclusive interior "
pf-sharjah-789,propertyfinder,https://www.propertyfinder.ae/en/plp/buy/villa-for-sale-sharjah-tilal-city-masaar-sendian-118607466.html,Park View | FreeHold | Private Pool |Amazing Deal,4499999,AED,sale,apartment,4,6,5120,Tilal City,sharjah,Sharjah,"Sharjah, Tilal City, Masaar",25.25870132446289,55.592369079589844,2026-07-20T21:57:58Z,"SENDIAN MASAAR SHARJAH

Four Bedroom  Forest Villa With Private Pool and Park View Maid’s Room.

• Presented by Home Link Real Estate

• Selling Price AED 4500000

• Cash Accepted or Mortgage 

# Property Details

• 4 Bedroom Forest Villa
• Ground plus first floors
• Private swimming pool
• Plot size big
• Park view
• Private elevator
• Guest room
• Maid room
• Spacious living and dining areas
• M"
pf-sharjah-790,propertyfinder,https://www.propertyfinder.ae/en/plp/buy/villa-for-sale-sharjah-sharjah-sustainable-city-115475083.html,3 BR Villa with Garden in Sharjah Sustainable City,2400000,AED,sale,apartment,3,5,2985,Sharjah,sharjah,Sharjah,Sharjah,25.35654640197754,55.55231857299805,2026-07-13T09:57:46Z,"Sharjah Sustainable City unfolds like a private sanctuary, where modern elegance meets nature's embrace. This captivating villa stands at the heart of sustainable living, offering three spacious bedrooms and five modern bathrooms across a generous 3,300 square feet. Designed for comfort and functionality, it presents a semi-furnished layout that balances convenience is perfectly within reach. Beyo"
pf-sharjah-791,propertyfinder,https://www.propertyfinder.ae/en/plp/buy/villa-for-sale-sharjah-sharjah-sustainable-city-115475028.html,Sharjah Sustainable City 4 BR Villa,2799000,AED,sale,apartment,4,6,2882,Sharjah,sharjah,Sharjah,Sharjah,25.35654640197754,55.55231857299805,2026-07-13T09:56:24Z,"Life here feels effortlessly balanced, where contemporary design meets sustainable thinking. This 4-bedroom villa captures that rare harmony, offering both generous space and thoughtful features that elevate everyday living. The open-plan living spaces flow naturally, anchored by a sleek kitchen featuring premium appliances. Four well-proportioned bedrooms provide comfort and privacy, each complem"
pf-sharjah-792,propertyfinder,https://www.propertyfinder.ae/en/plp/buy/villa-for-sale-sharjah-sharjah-sustainable-city-115474999.html,3 BR Villa Sharjah Sustainable City,2125000,AED,sale,apartment,3,5,2360,Sharjah,sharjah,Sharjah,Sharjah,25.35654640197754,55.55231857299805,2026-07-13T09:55:28Z,"Life in Sharjah Sustainable City begins with this beautifully balanced villa—a perfect blend of modern design and thoughtful spaces. The three-bedroom layout invites family living with ample room for growth, while the expansive water view from select areas frames each day with serenity. It's a space where daily routines transform into moments of connection. Stepping inside reveals a 2,360 sq. ft. "
pf-sharjah-793,propertyfinder,https://www.propertyfinder.ae/en/plp/buy/villa-for-sale-sharjah-sharjah-sustainable-city-115474916.html,Sharjah Sustainable City 3 BR Villa,1990000,AED,sale,apartment,3,5,2013,Sharjah,sharjah,Sharjah,Sharjah,25.35654640197754,55.55231857299805,2026-07-13T09:54:44Z,"Life in this Sharjah Sustainable City villa unfolds with effortless grace and contemporary charm, offering a spacious sanctuary designed for modern living. The open-plan layout immediately captivates with its seamless flow from the welcoming entryway to the sunlit living areas, creating an inviting atmosphere that feels both intimate and expansive. Three generously proportioned bedrooms, including"
pf-sharjah-794,propertyfinder,https://www.propertyfinder.ae/en/plp/buy/villa-for-sale-sharjah-sharjah-waterfront-city-sun-island-115492704.html,Ready Villa | 5 Years Post Payment | Beach Access,2890000,AED,sale,apartment,4,5,2800,Sharjah Waterfront City,sharjah,Sharjah,"Sharjah, Sharjah Waterfront City, Ajmal Makan City",25.497648239135742,55.5338134765625,2026-07-13T13:55:53Z,"Welcome to Ajmal Makan City
Explore an incredible collection of eight beautifully designed islands, visible from outer space. This vibrant mixed-use development in Sharjah is set to reshape the landscape, creating a new city on the coast of the Arabian Gulf . 

Prime Location:
-  5 minutes from Mohammed Bin Zayed Road
-  10 minutes from Emirates Road
-  10 minutes from Umm Al Quwain
-  10 minutes "
pf-sharjah-795,propertyfinder,https://www.propertyfinder.ae/en/plp/buy/villa-for-sale-sharjah-sharjah-sustainable-city-112745993.html,Ready | No Commission | Save 30% Energy,2970000,AED,sale,apartment,4,6,2882,Sharjah,sharjah,Sharjah,Sharjah,25.35654640197754,55.55231857299805,2026-07-07T10:25:37Z,"* Ready-to-move-in villa in Sharjah Sustainable City.

* Priced below the current market value.

* No commission fees.

* Located in one of Sharjah's most sought-after sustainable communities.

* Modern architecture with premium-quality finishes.

* Energy-efficient design that helps reduce utility costs.

* Spacious layout with bright and functional living spaces.

* Family-friendly gated communi"
pf-sharjah-796,propertyfinder,https://www.propertyfinder.ae/en/plp/buy/villa-for-sale-sharjah-sharjah-waterfront-city-sun-island-116808227.html,5BR| Ready to move | 5year installments |discounts,4125000,AED,sale,apartment,5,7,3800,Sharjah Waterfront City,sharjah,Sharjah,"Sharjah, Sharjah Waterfront City, Ajmal Makan City",25.497648239135742,55.5338134765625,2026-07-16T10:05:51Z,"This Summer, We Close Big – Exclusive Sun Island Campaign

Take advantage of this limited-time opportunity to own a ready-to-move-in waterfront villa at Sun Island, Sharjah, with flexible payment plans, exclusive buyer savings, and attractive broker rewards.

 4BR Avenue Villa

Price: AED 3,075,000

Option 1 – Move-In Plan (30% Down Payment)

* Down Payment: AED 922,500
* Monthly Installment: AED "
pf-sharjah-797,propertyfinder,https://www.propertyfinder.ae/en/plp/buy/villa-for-sale-sharjah-tilal-city-masaar-masaar-azalea-116807674.html,4BR - Ready to Move - Corner - Freehold - Massar 1,3925000,AED,sale,apartment,4,6,3156,Tilal City,sharjah,Sharjah,"Sharjah, Tilal City, Masaar",25.26445960998535,55.5958137512207,2026-07-16T10:00:53Z,"Masaar, Where Your Home is the address of your stability..
The distinguished residential oasis in the lap of nature, which includes vast green spaces
And more than 70,000 trees make it one of the most beautiful residential places in the Emirates.

Main Features:

* Freehold for all nationalities.
* Fully furnished kitchen
* An investment opportunity at the best prices and the best return on invest"
pf-sharjah-798,propertyfinder,https://www.propertyfinder.ae/en/plp/buy/villa-for-sale-sharjah-tilal-city-masaar-masaar-azalea-116383402.html,"5BR Luxury Villa | Azalea, Masaar | Premium Living",5750000,AED,sale,apartment,5,7,6107,Tilal City,sharjah,Sharjah,"Sharjah, Tilal City, Masaar",25.26445960998535,55.5958137512207,2026-07-15T14:32:03Z,"Discover an outstanding 5-bedroom villa in Azalea, Masaar — offering the perfect combination of luxury, privacy, and modern family living within one of the most sought-after forest communities.

This exceptional villa is designed with spacious interiors, elegant architecture, and high-quality finishes, providing a comfortable lifestyle surrounded by lush greenery and a peaceful environment. Featur"
pf-sharjah-799,propertyfinder,https://www.propertyfinder.ae/en/plp/buy/villa-for-sale-sharjah-sharjah-waterfront-city-sun-island-113697675.html,"Ready 4BR Villa _ Buy, Rent & Pay _ 70% Post-HO/5Y",2990000,AED,sale,apartment,4,6,2800,Sharjah Waterfront City,sharjah,Sharjah,"Sharjah, Sharjah Waterfront City, Ajmal Makan City",25.497648239135742,55.5338134765625,2026-07-09T07:24:06Z,"Luxury Villa for Sale – Sun Island, Ajmal Makan City (Sharjah Waterfront)
Discover a new level of luxury living in one of Sharjah’s most iconic waterfront destinations.
Sun Island in Ajmal Makan City – Sharjah Waterfront is part of a world-class master development made up of 8 breathtaking islands, designed to offer a serene coastal lifestyle with exceptional facilities and direct access to nature"
pf-sharjah-800,propertyfinder,https://www.propertyfinder.ae/en/plp/buy/villa-for-sale-sharjah-tilal-city-masaar-sendian-116829834.html,Luxury Villa || Premium Finishes || 5BR + Pool,5400000,AED,sale,apartment,5,7,6100,Tilal City,sharjah,Sharjah,"Sharjah, Tilal City, Masaar",25.25870132446289,55.592369079589844,2026-07-16T14:41:26Z,"Discover refined living in this exceptional 5-bedroom standalone villa in Sendian, Masaar, Sharjah's iconic forest-inspired community by Arada. Designed for families seeking space, elegance, and privacy, this beautifully crafted home features luxurious interiors, a ready landscaped garden, and a generous layout that perfectly blends comfort with modern sophistication.

Set on a 6,100 sq. ft. plot "
pf-sharjah-801,propertyfinder,https://www.propertyfinder.ae/en/plp/buy/villa-for-sale-sharjah-sharjah-waterfront-city-sun-island-112280804.html,4br Villa-Ready-Beach Access-10%Discount-Freehold,2767000,AED,sale,apartment,4,6,2800,Sharjah Waterfront City,sharjah,Sharjah,"Sharjah, Sharjah Waterfront City, Ajmal Makan City",25.497648239135742,55.5338134765625,2026-07-06T07:49:23Z,"Ajmal Makan City – Sharjah Waterfront is an extraordinary collection of eight beautifully designed islands visible from space. It is one of the most vibrant mixed-use developments in Sharjah, set to redefine the coastal landscape of the Arabian Gulf and create a new city along the waterfront.

**Location:**

* 5 minutes from Mohammed Bin Zayed Road
* 10 minutes from Emirates Road
* 10 minutes from"
pf-sharjah-802,propertyfinder,https://www.propertyfinder.ae/en/plp/buy/villa-for-sale-sharjah-al-rowdat-suburb-masaar-3-laura-112317384.html,2 BR Villa with Private Garden-5% DOWN PAYMENT,1900000,AED,sale,apartment,2,4,1960,Al Rowdat Suburb,sharjah,Sharjah,"Sharjah, Al Rowdat Suburb, Masaar 3",25.274742126464844,55.63380813598633,2026-07-06T17:48:53Z,"This 1960 sqft villa features a private garden and jacuzzi, offering a comfortable living environment across two floors. The residence includes two bedrooms and four bathrooms, providing ample space for daily routines. The layout is vastu-compliant, ensuring a balanced flow throughout the home.

The interior comes fully furnished, allowing for an immediate transition into the space. The kitchen is"
pf-sharjah-803,propertyfinder,https://www.propertyfinder.ae/en/plp/buy/villa-for-sale-sharjah-sharjah-waterfront-city-sun-island-112278117.html,Ready 5BR Villa_Freehold_Waterfront Comm_10% Off,3712000,AED,sale,apartment,5,7,3800,Sharjah Waterfront City,sharjah,Sharjah,"Sharjah, Sharjah Waterfront City, Ajmal Makan City",25.497648239135742,55.5338134765625,2026-07-06T06:49:47Z,"Luxury Villa for Sale – Sun Island, Ajmal Makan City (Sharjah Waterfront)
Discover a new level of luxury living in one of Sharjah’s most iconic waterfront destinations.
Sun Island in Ajmal Makan City – Sharjah Waterfront is part of a world-class master development made up of 8 breathtaking islands, designed to offer a serene coastal lifestyle with exceptional facilities and direct access to nature"
pf-sharjah-804,propertyfinder,https://www.propertyfinder.ae/en/plp/buy/villa-for-sale-sharjah-muwaileh-commercial-al-zahia-al-zahia-1-118144372.html,Elegant Design | Green Area | Ready to Move,3020000,AED,sale,apartment,5,6,3125,Muwaileh Commercial,sharjah,Sharjah,"Sharjah, Muwaileh Commercial, Al Zahia",25.314496994018555,55.45737838745117,2026-07-19T11:27:15Z,"Live the Future at Al Zahia – Sharjah’s Premier Gated Community
Al Zahia is Sharjah’s most prestigious master-planned community, thoughtfully designed to deliver a complete lifestyle experience. Blending luxury, comfort, sustainability, and family-friendly living, it offers a wide variety of residences including stylish apartments, spacious townhouses, and elegant villas—each crafted to meet the n"
pf-sharjah-805,propertyfinder,https://www.propertyfinder.ae/en/plp/buy/villa-for-sale-sharjah-al-rahmaniya-al-zubair-orchards-116802128.html,Brand New 6BR Luxury Villa in Basateen Al Zubair,3199999,AED,sale,apartment,6,8,4842,Al Rahmaniya,sharjah,Sharjah,"Sharjah, Al Rahmaniya",25.367828369140625,55.60624694824219,2026-07-16T07:59:40Z,"In the heart of Al Zubair Gardens in Al Rahmaniya, this luxurious villa boasts exquisite finishes and meticulously designed construction, offering the utmost comfort and luxury for families seeking a distinguished residence in one of Sharjah's most desirable areas.

The villa features a luxurious natural stone facade, while the interior is finished with modern wallpaper and décor, lending an elega"
pf-sharjah-806,propertyfinder,https://www.propertyfinder.ae/en/plp/buy/villa-for-sale-sharjah-tilal-city-masaar-masaar-azalea-114612382.html,Below Market Azaela 4BR Private Pool Villa,4299999,AED,sale,apartment,4,6,4899,Tilal City,sharjah,Sharjah,"Sharjah, Tilal City, Masaar",25.26445960998535,55.5958137512207,2026-07-11T12:42:16Z,"* 4 Bedrooms + Maid’s Room
* Corner Townhouse with enhanced privacy
* Private Majlis
* Spacious and functional layout
* Premium finishes
* Surrounded by greenery and nature
* Access to world-class community amenities
* Ideal for end users and investors
* Mortgage available

A rare opportunity to own a premium corner townhouse in Azalea with excellent lifestyle value and strong future appreciation "
pf-sharjah-807,propertyfinder,https://www.propertyfinder.ae/en/plp/buy/villa-for-sale-sharjah-sharjah-waterfront-city-sun-island-116382962.html,4 BR Ready Villa | Beach Front | Free Hold | 5Y PP,2950000,AED,sale,apartment,4,6,2800,Sharjah Waterfront City,sharjah,Sharjah,"Sharjah, Sharjah Waterfront City, Ajmal Makan City",25.497648239135742,55.5338134765625,2026-07-15T14:15:27Z,"Luxury 4 BR Ready To Move Villa | Competitive prices | 30% DP | 5 Years Installments

Prime Location | Limited Units | Free Hold | Limited Offer | Flexible PP

Luxury 4BR Ready To Move Villa at The Sun Island, located in the Vibrant and luxurious Ajmal Makan City, Sharjah. This exceptional residence offers a perfect fusion of coastal beauty and modern luxury, providing an unparalleled living exper"
pf-sharjah-808,propertyfinder,https://www.propertyfinder.ae/en/plp/buy/villa-for-sale-sharjah-sharjah-waterfront-city-sun-island-116374129.html,Fully Furnished | 5BR Beachfront Villa | Free Hold,4250000,AED,sale,apartment,5,7,3800,Sharjah Waterfront City,sharjah,Sharjah,"Sharjah, Sharjah Waterfront City, Ajmal Makan City",25.497648239135742,55.5338134765625,2026-07-15T12:04:05Z,"Luxury 5 BR Ready To Move Beachfront Villa | Competitive prices | Flexible PP

%10 DP | 4 Years Installments | Prime Location | Limited Units | Freehold | Limited Offer

Luxury 5 BR Ready To Move Villa at The Sun Island, located in the Vibrant and luxurious Ajmal Makan City, Sharjah. This exceptional residence offers a perfect fusion of coastal beauty and modern luxury, providing an unparalleled l"
pf-sharjah-809,propertyfinder,https://www.propertyfinder.ae/en/plp/buy/villa-for-sale-sharjah-al-badie-hoshi-al-hooshi-villas-110504867.html,Brand New Freehold Villa | Prime Location,2800000,AED,sale,apartment,4,6,3000,Al Badie,sharjah,Sharjah,"Sharjah, Al Badie, Hoshi",25.26011848449707,55.530853271484375,2026-07-02T08:39:28Z,"**Brand New Villa for Sale | First Occupant | 4 Master Bedrooms | Al Hoshi, Sharjah**

Own a beautifully designed brand-new villa in Al Hoshi, one of Sharjah's most peaceful and family-friendly residential communities. Featuring spacious interiors, a practical layout, and high-quality finishes, this villa is the perfect choice for comfortable family living.

**Property Details:**

* Location: Al H"
pf-sharjah-810,propertyfinder,https://www.propertyfinder.ae/en/plp/buy/villa-for-sale-sharjah-sharjah-garden-city-shomous-residential-complex-107284488.html,4br Villa-StandAlone-Ready-5115sqft-Near Dubai,3599000,AED,sale,apartment,4,6,5115,Sharjah Garden City,sharjah,Sharjah,"Sharjah, Sharjah Garden City",25.192142486572266,55.634498596191406,2026-06-25T09:02:24Z,"Sharjah Garden City Villas is a beautifully built community of three, four and five bedroom villas in a modern style.
It is the latest project of Shoumous Real Estate Company, the 5th phase.

Brilliantly built location, stunning appearance, amenities, most exclusive interior design and stunning surroundings are among the key highlights and is where modern life, royalty and family living will be im"
pf-sharjah-811,propertyfinder,https://www.propertyfinder.ae/en/plp/buy/villa-for-sale-sharjah-tilal-city-masaar-masaar-azalea-109027577.html,Ready 4BR Townhouse+Majlis_Greenery_4% SLD waiver,3889000,AED,sale,apartment,4,6,3160,Tilal City,sharjah,Sharjah,"Sharjah, Tilal City, Masaar",25.26445960998535,55.5958137512207,2026-06-29T07:07:16Z,"Villa for sale in Phase 3, Masaar1

Welcome to Masaar
Where your home is the essence of stability.

A luxurious residential haven consisting of eight gated communities surrounded by vast green spaces, offering all your daily needs within close reach.
The project features 2-, 3-, 4-, and 5-bedroom villas, along with a variety of world-class amenities including:
a Visitor Center, fully equipped fitn"
pf-sharjah-812,propertyfinder,https://www.propertyfinder.ae/en/plp/buy/villa-for-sale-sharjah-tilal-city-masaar-robinia-115923660.html,FREEHOLD 4BR VILLA FURNISHED 5202 SQFT | MORTGAGE,5250000,AED,sale,apartment,4,6,5202,Tilal City,sharjah,Sharjah,"Sharjah, Tilal City, Masaar",25.251686096191406,55.59016418457031,2026-07-14T10:24:25Z,"Glad to present this Smart Villa of Masaar Villas Project. A gated community with a peaceful setting that you need to chart your own way to happiness; a place to grow and prosper.
You have all you need to fine-tune your own rich and satisfying living, complete with peace, quiet, and plenty of space. 
Sale

MASAAR ROBINIA – 4 BEDROOM VILLA + PRIVATE POOL
BUA: 4,129 SQFT
PLOT: 5,202 SQFT
FULLY FURNI"
pf-sharjah-813,propertyfinder,https://www.propertyfinder.ae/en/plp/buy/villa-for-sale-sharjah-sharjah-garden-city-shomous-residential-complex-109027118.html,Ready 4BR Villa_Standalon_close 2Dubai_FH_No Comm,3630000,AED,sale,apartment,4,6,5170,Sharjah Garden City,sharjah,Sharjah,"Sharjah, Sharjah Garden City",25.192142486572266,55.634498596191406,2026-06-29T06:44:35Z,"Shoumous Luxury Villas – Sharjah

Own your dream villa in the prestigious Shoumous community within Sharjah Garden City, where luxury, privacy, and the ideal family lifestyle come together in one perfect place.
Features:
Independent villas with spacious layouts, private gardens, and side yards.

Modern design with high-quality finishes.

3, 4, and 5-bedroom villas to suit all family needs.

Fully "
pf-sharjah-814,propertyfinder,https://www.propertyfinder.ae/en/plp/buy/villa-for-sale-sharjah-tilal-city-tilal-city-c-109510049.html,Luxury Freehold Villa with Pool,5400000,AED,sale,apartment,7,9,5600,Tilal City,sharjah,Sharjah,"Sharjah, Tilal City",25.264127731323242,55.58955383300781,2026-06-30T13:55:03Z,"Luxury Villa for Sale in Tilal, Sharjah

A brand-new luxury villa in Tilal, Sharjah, offering contemporary architecture, premium finishes, and a fully integrated smart home system. This exceptional property is designed to provide comfort, privacy, and modern family living in one of Sharjah's most prestigious residential communities.

Property Details:

Location: Tilal, Sharjah

Plot Size: 5,600 sq"
pf-sharjah-815,propertyfinder,https://www.propertyfinder.ae/en/plp/buy/villa-for-sale-sharjah-tilal-city-masaar-kaya-116379364.html,Standalone Villa | Family-Friendly | Ready to Move,5650000,AED,sale,apartment,5,7,5482,Tilal City,sharjah,Sharjah,"Sharjah, Tilal City, Masaar",25.25731086730957,55.592124938964844,2026-07-15T13:22:36Z,"An exceptional opportunity to own your dream home with Subhan Khalid from Elite Home Real Estate. This elegantly designed 5-Bedroom Standalone Villa is located in one of Sharjah's most prestigious and peaceful communities, offering the perfect blend of luxury, comfort, and privacy.

Ready to Move In | Immediate Occupancy

Property Details:

Standalone villa in a prime location
All bedrooms are mas"
pf-sharjah-816,propertyfinder,https://www.propertyfinder.ae/en/plp/buy/villa-for-sale-sharjah-sharjah-waterfront-city-sun-island-108612282.html,Ready 5BR vill_beach access_furnished_4Y pp_6%disc,4249000,AED,sale,apartment,5,6,3800,Sharjah Waterfront City,sharjah,Sharjah,"Sharjah, Sharjah Waterfront City, Ajmal Makan City",25.497648239135742,55.5338134765625,2026-06-28T14:41:04Z,"Luxury Villa for Sale – Sun Island, Ajmal Makan City (Sharjah Waterfront)
Discover a new level of luxury living in one of Sharjah’s most iconic waterfront destinations.
Sun Island in Ajmal Makan City – Sharjah Waterfront is part of a world-class master development made up of 8 breathtaking islands, designed to offer a serene coastal lifestyle with exceptional facilities and direct access to nature"
pf-sharjah-817,propertyfinder,https://www.propertyfinder.ae/en/plp/buy/villa-for-sale-sharjah-muwaileh-commercial-al-zahia-al-yasmeen-106418729.html,6 bedroom for sale- big corner plot-1 of 1,15500000,AED,sale,apartment,6,9,10000,Muwaileh Commercial,sharjah,Sharjah,"Sharjah, Muwaileh Commercial, Al Zahia",25.31576919555664,55.463218688964844,2026-06-23T12:33:11Z,"Exclusive Luxury Limited Villa – Available Only Through Us

Presenting the largest villa in Al Zahia, offering the finest and most desirable layout within the entire community. This exceptional 6 bedroom luxury residence is exclusively available through us and is located in the prestigious Al Yasmeen 3, Al Zahia, Sharjah.

Positioned on a premium corner plot directly facing the park and community "
pf-sharjah-818,propertyfinder,https://www.propertyfinder.ae/en/plp/buy/villa-for-sale-sharjah-tilal-city-masaar-sendian-117256046.html,LUXURY VILLA+PRIVATE POOL | READY GARDEN| FREEHOLD,5400000,AED,sale,apartment,5,8,6100,Tilal City,sharjah,Sharjah,"Sharjah, Tilal City, Masaar",25.25870132446289,55.592369079589844,2026-07-17T09:10:33Z,"Experience exceptional luxury in this stunning 5-bedroom villa with a private swimming pool in Sendian, Masaar. Set on a generous 6,100 sqft plot with a built-up area of 4,950 sqft, this beautifully designed home offers spacious living, elegant interiors, and a landscaped ready garden, making it the perfect choice for families seeking privacy, comfort, and a premium lifestyle.

Designed with conte"
pf-sharjah-819,propertyfinder,https://www.propertyfinder.ae/en/plp/buy/villa-for-sale-sharjah-sharjah-garden-city-shomous-residential-complex-111424794.html,3-bed villa with office - corner - Ready-to-move,2800000,AED,sale,apartment,3,5,4300,Sharjah Garden City,sharjah,Sharjah,"Sharjah, Sharjah Garden City",25.192142486572266,55.634498596191406,2026-07-04T14:01:06Z,"this photo for show villa 

Villa for sale in Sharjah Garden City

Sharjah Garden City Villas is an exquisite residential community featuring elegantly designed three, four, and five-bedroom villas. This stunning development is the 5th phase by Shoumous Real Estate Company and exemplifies contemporary living at its best.

""Available Ready , and off plane 

With its prime location, exceptional desi"
pf-sharjah-820,propertyfinder,https://www.propertyfinder.ae/en/plp/buy/villa-for-sale-sharjah-sharjah-garden-city-shomous-residential-complex-108610716.html,READY TO MOVE _(4300 SQ FT )_Available For Viewing,2750000,AED,sale,apartment,3,5,4300,Sharjah Garden City,sharjah,Sharjah,"Sharjah, Sharjah Garden City",25.192142486572266,55.634498596191406,2026-06-28T13:30:55Z,"READY VILLA 3BED |CHEAPEST PRICE| HIGH ROI |CORNER

Villa for sale in Shomous Residential Complex, Sharjah Garden City

Experience Elevated Living at Sharjah Garden City Villas

Discover a refined lifestyle where luxury, privacy, and family comfort come together in one of Sharjah’s most distinguished gated communities.

Choose from elegantly crafted 3, 4, and 5-bedroom villas designed with spaciou"
pf-sharjah-821,propertyfinder,https://www.propertyfinder.ae/en/plp/buy/villa-for-sale-sharjah-sharjah-sustainable-city-115914025.html,Spacious Villas | Great for Families | New Build,3250000,AED,sale,apartment,5,6,3250,Sharjah,sharjah,Sharjah,Sharjah,25.35654640197754,55.55231857299805,2026-07-14T08:16:42Z,"Discover Sustainable City, a pioneering eco-friendly community in Sharjah that redefines sustainable living. Surrounded by lush greenery and innovative architecture, this vibrant development offers a perfect blend of modern comfort and environmental responsibility.
Homes in Sustainable City include spacious townhouses with 3 to 5 bedrooms, designed for optimal space utilization and family living. "
pf-sharjah-822,propertyfinder,https://www.propertyfinder.ae/en/plp/buy/villa-for-sale-sharjah-sharjah-sustainable-city-115911726.html,Quiet Community | Brand New | Sustainable Living,2580000,AED,sale,apartment,4,5,2580,Sharjah,sharjah,Sharjah,Sharjah,25.35654640197754,55.55231857299805,2026-07-14T07:46:00Z,"Discover Sustainable City, a pioneering eco-friendly community in Sharjah that redefines sustainable living. Surrounded by lush greenery and innovative architecture, this vibrant development offers a perfect blend of modern comfort and environmental responsibility.
Homes in Sustainable City include spacious townhouses with 3 to 5 bedrooms, designed for optimal space utilization and family living. "
pf-sharjah-823,propertyfinder,https://www.propertyfinder.ae/en/plp/buy/villa-for-sale-sharjah-sharjah-waterfront-city-sun-island-115920580.html,30% DP|5Y Post Handover|0.83% Monthly|2Yrs SC free,3877000,AED,sale,apartment,5,7,3082,Sharjah Waterfront City,sharjah,Sharjah,"Sharjah, Sharjah Waterfront City, Ajmal Makan City",25.497648239135742,55.5338134765625,2026-07-14T09:40:23Z,"**فيلا فاخرة جاهزة للاستلام | جزيرة الشمس – مدينة أجمل مكان | أقساط شهرية 0.83% فقط**

امتلك فيلتك الفاخرة في **جزيرة الشمس (Sun Island)** ضمن مشروع **مدينة أجمل مكان – واجهة الشارقة البحرية**، إحدى أرقى الوجهات السكنية والاستثمارية في دولة الإمارات. استمتع بأسلوب حياة استثنائي وسط المياه الفيروزية والشواطئ الرملية، في مشروع يمتد على أكثر من **60 مليون قدم مربع** ويضم **8 جزر ساحلية** بتصميم عالمي"
pf-al-ain-824,propertyfinder,https://www.propertyfinder.ae/en/plp/rent/apartment-for-rent-al-ain-al-khabisi-al-zaafaran-118597594.html,Brand New| Ready To Move|Free Water Electricity,50000,AED,rent,apartment,2,2,1200,Al Khabisi,al-ain,Al Ain,"Al Ain, Al Khabisi",24.23813819885254,55.709228515625,2026-07-20T13:23:47Z,"Property Features 

- 2 Bedroom (1 Master)
- 2 Bathroom 
- Living Hall
- Kitchen 
- First Floor
- Shaded Parking 
- 4 Payments 
- Agency Fees 2500
- Located In Khabisi

Al Khabisi offers premium living with all the amenities that you need are adjacent to you. A contemporary and family oriented community which depicts the principle of traditional neighborhood living. Easy access to hospitals, schoo"
pf-al-ain-825,propertyfinder,https://www.propertyfinder.ae/en/plp/rent/apartment-for-rent-al-ain-al-khabisi-al-zaafaran-118139482.html,New Flat | Ready to Move In | Covered Parking,60000,AED,rent,apartment,2,3,1200,Al Khabisi,al-ain,Al Ain,"Al Ain, Al Khabisi",24.23813819885254,55.709228515625,2026-07-19T08:37:50Z,"Property Features

- 2 Masters Br
- 3 Bathrooms 
- Spacious Living Hall
- Kitchen 
- Split AC 
- Covered Parking 
- Free Maintenance 
- Wardrobes 
- Elevator
- Commission 5%
- Deposit 3000 AED 
- Location Khabisi

Al Khabisi offers premium living with all the amenities that you need are adjacent to you. A contemporary and family oriented community which depicts the principle of traditional neighbo"
pf-al-ain-826,propertyfinder,https://www.propertyfinder.ae/en/plp/rent/apartment-for-rent-al-ain-al-jimi-al-mraijeb-118597591.html,Really To Move| Near Jimi Mall| Bright and Clean,43000,AED,rent,apartment,2,2,1200,Al Jimi,al-ain,Al Ain,"Al Ain, Al Jimi",24.26286506652832,55.731842041015625,2026-07-20T13:23:47Z,"Property Features 

- 2 Bedroom (1 Master)
- 2 Bathroom 
- Living Hall
- Kitchen 
- First Floor
- Shaded Parking 
- 4 Payments 
- Agency Fees 2500
- Located In Jimi

Al Jimi is located in the Centre of Al Ain, and is a very popular one. One of the most preferred place to call a home, reason being easy access to Al Jimi Mall (the largest mall in Al Ain), Hazza Bin Zayed Stadium, Al Ain Dubai highwa"
pf-al-ain-827,propertyfinder,https://www.propertyfinder.ae/en/plp/rent/apartment-for-rent-al-ain-central-district-hai-al-murabbaa-115940010.html,Brand New 3Br Apartment | Ready to Move | Modern Finishing,60000,AED,rent,apartment,3,3,2000,Central District,al-ain,Al Ain,"Al Ain, Central District",24.222713470458984,55.77528381347656,2026-07-14T14:53:38Z,"Property Features 

- 3 Bedroom (1 Master)
- 3 Bathroom 
- Living Hall
- kitchen
- Ground Floor
- 3 Payments 
- Deposit 6000
- Commission 5%
- Located In Murabbaa

Central District ideally close to all citys shopping establishments, restaurants, banks, and retail markets, malls, hospitals, exchanges, bus terminal, fruits, vegetable and fish markets, etc with all the amenities that you need are adj"
pf-al-ain-828,propertyfinder,https://www.propertyfinder.ae/en/plp/rent/apartment-for-rent-al-ain-al-jimi-al-mraijeb-117279545.html,4 Payments | Tenancy Contract | Ready to Move In,80000,AED,rent,apartment,3,3,2000,Al Jimi,al-ain,Al Ain,"Al Ain, Al Jimi",24.26286506652832,55.731842041015625,2026-07-17T16:37:43Z,"Property Features 

3Bedroom (1 Master)
3 Bathroom 
Living hall 
Spacious Majlis 
Dining Area 
Kitchen 
Balcony 
First flooor.
BBQ Area
5% Agency Fees 
5% Security Deposit 
Located in jimi

Al Jimi is located in the Centre of Al Ain, and is a very popular one. One of the most preferred place to call a home, reason being easy access to Al Jimi Mall (the largest mall in Al Ain), Hazza Bin Zayed Stad"
pf-al-ain-829,propertyfinder,https://www.propertyfinder.ae/en/plp/rent/apartment-for-rent-al-ain-al-mutarad-117258734.html,Modern 1 Master Br Apartment | Ready to Move,38000,AED,rent,apartment,1,2,700,Al Ain,al-ain,Al Ain,Al Ain,24.21677589416504,55.74394607543945,2026-07-17T09:51:31Z,"Property Features 

1 Master Bedroom
2 Bathrooms
Living Hall
Modern Kitchen 
Split AC
First Floor 
3 Payments
Rent 38k 
5% Security Deposit 
5% Commission
Located in Mutarad

Al Mutarad is ideally located near to the Town Centre and is a very family friendly community. Home to a variety of mixed use properties from residential apartments and villas, commercial, retails spaces, and located at very "
pf-al-ain-830,propertyfinder,https://www.propertyfinder.ae/en/plp/rent/apartment-for-rent-al-ain-al-niyadat-115939976.html,Balcony Near to Mall | Prime Location | Must See,65000,AED,rent,apartment,3,3,2000,Al Ain,al-ain,Al Ain,Al Ain,24.215423583984375,55.78632736206055,2026-07-14T14:51:40Z,"Property Features 

- 3 Bedrooms ( 1 Master )
- Majlis
- Kitchen 
- 3 Bathrooms
- Balconys
- Split AC
- Covered Parking 
- 2 Payment
- 3000 Security Deposit 
- 5% Agency Fee
- First Floor
- Builtin Wardrobes
- Located in Niyadat

Central District ideally close to all citys shopping establishments, restaurants, banks, and retail markets, malls, hospitals, exchanges, bus terminal, fruits, vegetable "
pf-al-ain-831,propertyfinder,https://www.propertyfinder.ae/en/plp/rent/apartment-for-rent-al-ain-zakher-gafat-al-nayyar-113288598.html,2nd Tenant 3Br | Maids Room | First floor | No Tawtheeq,60000,AED,rent,apartment,3,4,2000,Zakher,al-ain,Al Ain,"Al Ain, Zakher",24.097291946411133,55.64033508300781,2026-07-08T20:39:34Z,"Property Features

- 3 Master Bedrooms 
- 4 Bathrooms
- Majlis 
- Kitchen  
- Split Ac  
- Maids Room  
- Outside Parking 
- Commission 5%
- Security Deposit 5%
- Location In Zakher

Zakher is located at the outer skirts of Al Ain and is a perfect place to escape the hustle and bustle of the big city. A place recommended for calming minds. Moreover you can take advantage of the various retail rest"
pf-al-ain-832,propertyfinder,https://www.propertyfinder.ae/en/plp/rent/apartment-for-rent-al-ain-al-jimi-al-ameriya-117717149.html,Newly Renovated 3BHK Split AC Front Yard Wardrobes,80000,AED,rent,apartment,3,3,1980,Al Jimi,al-ain,Al Ain,"Al Ain, Al Jimi",24.253145217895508,55.72870635986328,2026-07-18T14:37:43Z,"HUMMINGBIRD ALAIN brings to you this 3BHK Apartment, located in the heart of the Al-Jimi Area with easy access to the various Ministries Government Authorities and Institutions. Jimi Mall is the main attraction, but there's more than you think. It is one of the most commercialized locations and it is such a huge area in Al Ain.

DETAILS OF THE PROPERTY: 
3 Bedrooms (1 Master)
3 Bathrooms 
Majlis 
"
pf-al-ain-833,propertyfinder,https://www.propertyfinder.ae/en/plp/rent/apartment-for-rent-al-ain-al-muwaiji-al-ruwaikah-118138961.html,2 Br First Floor | Wardrobes | Balcony| 4 Payments,40000,AED,rent,apartment,2,2,1650,Al Muwaiji,al-ain,Al Ain,"Al Ain, Al Muwaiji",24.199817657470703,55.70344924926758,2026-07-19T08:24:13Z,"Property Features: 

- 2 Bedrooms
- Inc 1 Master Bedroom 
- Living Room
- Kitchen 
- Wardrobes
- Balcony 
- Shaded Parking 
- 5% Agency Fees 

Company Name: AlRanain Real Estate
Address: Al Ain Industrial Area, Al Ain UAE
Email: Support@alranain.ae
Company Profile: AlRanain Real Estate is a promising real estate company that provides real estate consultation services with the single-minded determi"
pf-al-ain-834,propertyfinder,https://www.propertyfinder.ae/en/plp/rent/apartment-for-rent-al-ain-central-district-al-kuwaitat-113740479.html,Brand New | 3 Payments | Free Parking | Must See,60000,AED,rent,apartment,3,3,2500,Central District,al-ain,Al Ain,"Al Ain, Central District",24.22258949279785,55.783050537109375,2026-07-09T20:22:56Z,"Property Features

3 Bedroom (1 Master)
3 Bathroom
Majlis
Kitchen
3 Payment
Tawtheea
Free Covered Parking
Commission 5%
Deposit 6000 Cheque
Located In Central District

Central District ideally close to all citys shopping establishments, restaurants, banks, and retail markets, malls, hospitals, exchanges, bus terminal, fruits, vegetable and fish markets, etc with all the amenities that you need ar"
pf-al-ain-835,propertyfinder,https://www.propertyfinder.ae/en/plp/rent/apartment-for-rent-al-ain-al-jimi-al-khrais-117710432.html,Amazing Offer 6 Payments Free High Speed Internet,33000,AED,rent,apartment,1,1,650,Al Jimi,al-ain,Al Ain,"Al Ain, Al Jimi",24.24465560913086,55.75209426879883,2026-07-18T11:51:59Z,"Affordable Apartment in 6 Payment Comes With Free High Speed Internet Free 24/7 Maintenance. The apartment primarily features 1 bedroom with 1 bathroom, a fully fitted kitchen equipped will all the essentials marble counter-tops and cabinets, there is a balcony where you can have barbecue and evening tea time. Shaded Car Parking. The Apartment is very close to Main street, Public Transportation & "
pf-al-ain-836,propertyfinder,https://www.propertyfinder.ae/en/plp/rent/apartment-for-rent-al-ain-al-mutarad-al-ghail-114618280.html,NEAT AND CLEAN GROUND FLOOR WALKING TO TOWN CENTER,50000,AED,rent,apartment,2,2,980,Al Mutarad,al-ain,Al Ain,"Al Ain, Al Mutarad",24.2102108001709,55.74200439453125,2026-07-11T15:29:25Z,"Hummingbird Real Estate Management presents to you this 2 Bedroom (Building Apartment) located in Al Mutarad area which in between the school area and downtown. It touches the border of the Al Ain Industrial area also. It is one of the best places which invite family to desire; due to facilities available around it, such as 3-star Ayla Hotel and other well-known restaurants. One of the renowned Mo"
pf-al-ain-837,propertyfinder,https://www.propertyfinder.ae/en/plp/rent/apartment-for-rent-al-ain-al-jimi-al-mraijeb-116832672.html,2BHK Clean Apartment | Elevator | Basement Parking,45000,AED,rent,apartment,2,2,1400,Al Jimi,al-ain,Al Ain,"Al Ain, Al Jimi",24.26286506652832,55.731842041015625,2026-07-16T16:00:27Z,"Property Features

2 Bedrooms ( 1 Master)
2 Bathrooms
Living Hall
Kitchen
First Floor
Elevator
Central Duct AC
2400 AED Agency Fee
2400 AED Security Deposit
Basement Parking
Located In Jimi

Al Jimi is located in the Centre of Al Ain, and is a very popular one. One of the most preferred place to call a home, reason being easy access to Al Jimi Mall (the largest mall in Al Ain), Hazza Bin Zayed Sta"
pf-al-ain-838,propertyfinder,https://www.propertyfinder.ae/en/plp/rent/apartment-for-rent-al-ain-al-jimi-al-khrais-115933957.html,Spacious | Ground Floor | Thawteeq,26400,AED,rent,apartment,1,1,620,Al Jimi,al-ain,Al Ain,"Al Ain, Al Jimi",24.24465560913086,55.75209426879883,2026-07-14T13:00:51Z,"This charming studio apartment offers a perfect blend of comfort and privacy. Featuring one cozy bedroom. it's an ideal space for individuals or couples seeking a peaceful living environment. 
With free utilities included, you can enjoy hassle-free living. The elegant marble flooring throughout adds a touch of luxury.
This studio apartment is a perfect mix of convenience, comfort, and style, offer"
pf-al-ain-839,propertyfinder,https://www.propertyfinder.ae/en/plp/rent/apartment-for-rent-al-ain-central-district-hai-al-salama-114162272.html,SPACIOUS 2BR AT THE HEART OF CITY NEAR HOSPITAL,40000,AED,rent,apartment,2,2,1200,Central District,al-ain,Al Ain,"Al Ain, Central District",24.223804473876953,55.767921447753906,2026-07-10T10:12:30Z,"HUMMINGBIRD AL AIN is proud to present this premier property, nestled in the vibrant heart of Al Ain's Town Centre. This prime location offers unmatched convenience, placing you within easy reach of the city's finest shopping malls, dining establishments, luxurious hotels, and serene parks, perfectly blending urban energy with relaxed living.

PROPERTY SPECIFICATION:
2 Bedrooms
2 Bathrooms
Hall
Ki"
pf-al-ain-840,propertyfinder,https://www.propertyfinder.ae/en/plp/rent/apartment-for-rent-al-ain-asharej-bida-bin-ammar-118139481.html,Spacious Apartment | Elevator | Basement Parking,30000,AED,rent,apartment,1,2,600,Asharej,al-ain,Al Ain,"Al Ain, Asharej",24.200307846069336,55.6607666015625,2026-07-19T08:37:47Z,"Property Features

1 Master Bedroom
2 Bathrooms
Living Hall
Kitchen
First Floor
Elevator
1500 AED Agency Fee
2000 AED Security Deposit
Basement Parking
Located In Asharej

Asharej provides a beautiful self-contained and family friendly community that boasts a calm ambience, healthy lifestyle and evokes a much needed sense of serenity amidst the buzz and busy-ness of the city. Easy access to Al Ain"
pf-al-ain-841,propertyfinder,https://www.propertyfinder.ae/en/plp/rent/apartment-for-rent-al-ain-al-muwaiji-al-ruwaikah-112292219.html,Compound || 2 Master BR Flat  || Al Muwaij|| ‪,58000,AED,rent,apartment,2,3,1450,Al Muwaiji,al-ain,Al Ain,"Al Ain, Al Muwaiji",24.199817657470703,55.70344924926758,2026-07-06T09:47:07Z,"A1 Real Estate is pleased to present this very beautiful 2 Master bedrooms other features mentioned below,

Property Features:

•	2 Master Bedrooms
•	1 Living Rooms
•	Kitchen 
•	3 Bathrooms
•	Built-In Wardrobes
•	Split AC
•	Shaded Parking

 

- Security deposit refundable ( AED 2000)
- 5% agency fees ( 2900 AED )
- Yearly Rent : 58000 AED ( 4 cheques)
- Location: ‏Al Muwaiji 



We speak your lang"
pf-al-ain-842,propertyfinder,https://www.propertyfinder.ae/en/plp/rent/apartment-for-rent-al-ain-central-district-116383380.html,1 BHK APARTMENT WITH TAWTHEEQ-35K Yearly | Al Ain,35000,AED,rent,apartment,1,1,500,Al Ain,al-ain,Al Ain,Al Ain,24.220319747924805,55.77104949951172,2026-07-15T14:31:34Z,"1 BEDROOM APARTMENT WITH TAWTHEEQ – AED 35,000 YEARLY | Al Ain City

Key Details:

* Annual Rent: AED 35,000
* Security Deposit: AED 2,000
* Management Fee: AED 3,000

Features & Inclusions:

* Brand-new finished apartment
* Renovated and spotless bathroom
* Dedicated air conditioning
* 24/7 maintenance and support

Location: Al Ain City, Downtown, Khalifa Street

Viewings by appointment — WhatsAp"
pf-al-ain-843,propertyfinder,https://www.propertyfinder.ae/en/plp/rent/apartment-for-rent-al-ain-al-jimi-117281970.html,Spacious 2 Br Flat | Wardrobes | Central Duct AC,58000,AED,rent,apartment,2,2,1650,Al Ain,al-ain,Al Ain,Al Ain,24.242158889770508,55.729286193847656,2026-07-17T20:55:17Z,"PROPERTY FEATURES:

2 Bedrooms
inc 1 Master Bedroom
Living Room
Kitchen
2 Bathrooms
Central Duct AC
Wardrobe
Elevator
Basement Parking

RENT: 58000/- AED
PAYMENTS: 4 Payments
DEPOSIT: 3,000/- AED
AGENCY FEE: 3,000/- AED + 5% VAT

For further Details Contact Shafqat Ali +971582977494

Company Name: AlRanain Real Estate
Address: Al Ain Industrial Area, Al Ain UAE
Email: Support@alranain.ae
Company P"
pf-al-ain-844,propertyfinder,https://www.propertyfinder.ae/en/plp/rent/apartment-for-rent-al-ain-al-jimi-117281949.html,First Floor Flat | Huge Balcony | Fully Renovated,80000,AED,rent,apartment,3,3,2400,Al Ain,al-ain,Al Ain,Al Ain,24.242158889770508,55.729286193847656,2026-07-17T20:54:05Z,"Property Features:

- Spacious 3 Bedrooms 
- Inc 1 Master Bedroom 
- Majlis With Dining 
- Living Room 
- Kitchen 
- Balcony 
- Built-In-Wardrobes 
- Shaded Parking 
- 5% Security Deposit 
- 5%*VAT Agency Fees

For Further Details Call or WhatsApp Shafqat Ali on +971582977494

Company Name: AlRanain Real Estate
Address: Al Ain Industrial Area, Al Ain UAE
Email: Support@alranain.ae
Company Profile:"
pf-al-ain-845,propertyfinder,https://www.propertyfinder.ae/en/plp/rent/apartment-for-rent-al-ain-asharej-bida-bin-ammar-117281978.html,2 Br Apartment l First Floor l Shaded Parking,34000,AED,rent,apartment,2,2,2000,Asharej,al-ain,Al Ain,"Al Ain, Asharej",24.200307846069336,55.6607666015625,2026-07-17T20:58:46Z,"Property Features:

- 2 Bedrooms Inc 1 Master
- Living Room
- Clean Kitchen
- 2 Bathrooms
- Covered Parking
- Split AC

Call Or WhatsApp Ziad Zayed View Contact Detail

Al Ranain is a promising real estate company that providesreal estate consultation services with the single-minded determination toserve and stand out in the real estate market. Al Ranain Real Estate has adynamic team of profession"
pf-al-ain-846,propertyfinder,https://www.propertyfinder.ae/en/plp/rent/apartment-for-rent-al-ain-al-jimi-al-mraijeb-106405941.html,Hot Deal Spacious 1BR Flat Close to Dubai Highway,44999,AED,rent,apartment,1,2,1450,Al Jimi,al-ain,Al Ain,"Al Ain, Al Jimi",24.26286506652832,55.731842041015625,2026-06-23T09:45:49Z,"A1 Real Estate is pleased to present this very beautiful 1 Master bedrooms other features mentioned below,

Property Features:

•	1 Master Bedrooms
•	1 Living Rooms
•	Kitchen 
•	2 Bathrooms
•	Built-In Wardrobes
•	Split AC
•	Shaded Parking

 

- Security deposit refundable ( AED 2000)
- 5% agency fees ( 2250 AED )
- Yearly Rent : 44999 AED ( 4 cheques)
- Location: Al Jimi



We speak your language,"
pf-al-ain-847,propertyfinder,https://www.propertyfinder.ae/en/plp/rent/apartment-for-rent-al-ain-asharej-bida-bin-ammar-113288597.html,Spacious Apartment | Good Price | Basement Parking,35000,AED,rent,apartment,2,3,1400,Asharej,al-ain,Al Ain,"Al Ain, Asharej",24.200307846069336,55.6607666015625,2026-07-08T20:39:26Z,"Property Features

2 Master Bedrooms
3 Bathrooms
Living Hall
Kitchen
First Floor
1750AED Agency Fee
2000 AED Security Deposit
Basement Parking
Located In Asharej

Asharej provides a beautiful self-contained and family friendly community that boasts a calm ambience, healthy lifestyle and evokes a much needed sense of serenity amidst the buzz and busy-ness of the city. Easy access to Al Ain Dubai & "
pf-al-ain-848,propertyfinder,https://www.propertyfinder.ae/en/plp/rent/apartment-for-rent-al-ain-al-mutarad-al-jizza-110066496.html,Brand New 1BR Apartment @ Al Jizza Area,38000,AED,rent,apartment,1,2,800,Al Mutarad,al-ain,Al Ain,"Al Ain, Al Mutarad",24.21894645690918,55.744632720947266,2026-07-01T11:26:58Z,"Brand New 1 Master Bedroom Apartment with Balcony + Laundry Room 
@ AL Jizza Area ( Al Mu'tarid ) 
Experience a Modern living in this Brand-New, High-Quality finishes .
Spacious 1 Bedrooms
Separate Laundry Room
Bright & Spacious Living Area
Modern Kitchen
Covered Parking
High-End Finishes
24/7 CCTV Security
Well-Maintained New Building
Family-Friendly Environment

Enjoy comfort, security, and prem"
pf-al-ain-849,propertyfinder,https://www.propertyfinder.ae/en/plp/rent/apartment-for-rent-al-ain-al-mutarad-al-jizza-110039000.html,Brand New 2BR Apartment @ Al Jizza Area,57000,AED,rent,apartment,2,3,1230,Al Mutarad,al-ain,Al Ain,"Al Ain, Al Mutarad",24.21894645690918,55.744632720947266,2026-07-01T08:56:59Z,"Brand New 2 Master Bedroom Apartment with Balcony + Maid's++ 
@ AL Jizza Area ( Al Mu'tarid ) 
Experience a Modern living in this Brand-New, High-Quality finishes .
Spacious 2 Bedrooms
Maid's Room
Separate Laundry Room
Bright & Spacious Living Area
Modern Kitchen
Covered Parking
High-End Finishes
24/7 CCTV Security
Well-Maintained New Building
Family-Friendly Environment

Enjoy comfort, security, "
pf-al-ain-850,propertyfinder,https://www.propertyfinder.ae/en/plp/rent/apartment-for-rent-al-ain-al-jimi-al-mraijeb-118139483.html,Fully Renovated 3Br On First Floor | Prime Location,80000,AED,rent,apartment,3,3,2500,Al Jimi,al-ain,Al Ain,"Al Ain, Al Jimi",24.26286506652832,55.731842041015625,2026-07-19T08:37:50Z,"Property Features

3 Bedrooms ( 1 Master )
3 Bathrooms
Spacious Majlis with Dining 
Living Hall
Kitchen
4 Payment
Split AC
First Floor 
Balcony
Covered Parking 
5% Deposit 
5% Commission
Located in Jimi

Al Jimi is located in the Centre of Al Ain, and is a very popular one. One of the most preferred place to call a home, reason being easy access to Al Jimi Mall (the largest mall in Al Ain), Hazza "
pf-al-ain-851,propertyfinder,https://www.propertyfinder.ae/en/plp/rent/apartment-for-rent-al-ain-al-muwaiji-al-ruwaikah-115920862.html,Near to School | First Floor| Balcony | 2 Payments,65000,AED,rent,apartment,3,3,2500,Al Muwaiji,al-ain,Al Ain,"Al Ain, Al Muwaiji",24.199817657470703,55.70344924926758,2026-07-14T09:45:06Z,"Property Features

- 3 Bedrooms 
- 3 Bathrooms
- Majlis 
- Kitchen 
- Split AC 
- Store Room 
- Covered Parking 
- Commission 5%
- Security Deposit 5%
- Location In Manaseer

Al Muwaiji offers premium living with all the amenities that you need are adjacent to you. A contemporary and family oriented community which depicts the principle of traditional neighborhood living. Easy access to hospitals,"
pf-al-ain-852,propertyfinder,https://www.propertyfinder.ae/en/plp/rent/apartment-for-rent-al-ain-al-muwaiji-al-ruwaikah-115050972.html,Spacious || 1 Master BR Flat || Al Muwaij || ‪,33999,AED,rent,apartment,1,2,1450,Al Muwaiji,al-ain,Al Ain,"Al Ain, Al Muwaiji",24.199817657470703,55.70344924926758,2026-07-12T20:49:13Z,"A1 Real Estate is pleased to present this very beautiful 1 Master  bedrooms other features mentioned below,

Property Features:

•	1 Master Bedrooms
•	1 Living Rooms
•	Kitchen 
•	2 Bathrooms
•	Built-In Wardrobes
•	Split AC
•	Shaded Parking

 

- Security deposit refundable ( AED 2000)
- 5% agency fees ( 1700 AED )
- Yearly Rent : 33999 AED ( 4 cheques)
- Location: Al Muwaiji



We speak your langu"
pf-al-ain-853,propertyfinder,https://www.propertyfinder.ae/en/plp/rent/apartment-for-rent-al-ain-asharej-bida-bin-ammar-113288594.html,Neat n Clean 2 Br | Elevator | 6 Payments | First Floor,47000,AED,rent,apartment,2,2,1200,Asharej,al-ain,Al Ain,"Al Ain, Asharej",24.200307846069336,55.6607666015625,2026-07-08T20:39:44Z,"Property Features:

- 2 Bedrooms
- 2 Bathrooms
- Living Hall
- Kitchen
- Elevator
- 4 Payments
- Split AC
- Wardrobes
- 5% Commission
- 5% Security Deposit
- Basement Parking
- Location Asharej

Asharej provides a beautiful self-contained and family friendly community that boasts a calm ambience, healthy lifestyle and evokes a much needed sense of serenity amidst the buzz and busy-ness of the city"
pf-al-ain-854,propertyfinder,https://www.propertyfinder.ae/en/plp/rent/apartment-for-rent-al-ain-al-jimi-ugdat-al-ameriya-113243551.html,Near Jimi Mall| Spacious Apartment| Prime location,36000,AED,rent,apartment,1,2,1000,Al Jimi,al-ain,Al Ain,"Al Ain, Al Jimi",24.2470645904541,55.731666564941406,2026-07-08T06:54:18Z,"Property Features 
- 1 Master Bedroom 
- 2 Bathroom 
- Spacious Majlis
- kitchen 
- Shaded Parking 
- 2 Payments 
- Deposit 2000 Cash
- Commission 2000
- Located In Jimi

Al Jimi is located in the Centre of Al Ain, and is a very popular one. One of the most preferred place to call a home, reason being easy access to Al Jimi Mall (the largest mall in Al Ain), Hazza Bin Zayed Stadium, Al Ain Dubai h"
pf-al-ain-855,propertyfinder,https://www.propertyfinder.ae/en/plp/rent/apartment-for-rent-al-ain-central-district-al-kuwaitat-113241944.html,Brand New|Prime Location|Ready To Move|Spacious,60000,AED,rent,apartment,3,3,2500,Central District,al-ain,Al Ain,"Al Ain, Central District",24.22258949279785,55.783050537109375,2026-07-08T05:01:34Z,"Property Features
3 Bedroom (1 Master)
3 Bathroom
Majlis
Kitchen
2 Payment
Tawtheeq
Free Covered Parking
Commission 5%
Deposit 6000 Cheque
Located In Central District

Central District ideally close to all citys shopping establishments, restaurants, banks, and retail markets, malls, hospitals, exchanges, bus terminal, fruits, vegetable and fish markets, etc with all the amenities that you need are"
pf-al-ain-856,propertyfinder,https://www.propertyfinder.ae/en/plp/rent/apartment-for-rent-al-ain-al-muwaiji-al-ruwaikah-112292874.html,Swimming pool|| 2 Master BR Flat  || Balcony || ‪,44999,AED,rent,apartment,2,3,1450,Al Muwaiji,al-ain,Al Ain,"Al Ain, Al Muwaiji",24.199817657470703,55.70344924926758,2026-07-06T09:55:10Z,"A1 Real Estate is pleased to present this very beautiful 2  Master bedrooms other features mentioned below,

Property Features:

•	2 Master  Bedrooms
•	1 Living Rooms
•	Kitchen 
•	3  Bathrooms
•	Built-In Wardrobes
•	Split AC
•	Shaded Parking
        Balcony 1St Floor

 

- Security deposit refundable ( AED 2000)
- 5% agency fees ( 2250 AED )
- Yearly Rent : 45000 AED ( 4 cheques)
- Location: Al Mu"
pf-al-ain-857,propertyfinder,https://www.propertyfinder.ae/en/plp/rent/apartment-for-rent-al-ain-al-muwaiji-al-ruwaikah-108186441.html,Brand New | Including Water Electricity |1 Payment,70000,AED,rent,apartment,2,3,1200,Al Muwaiji,al-ain,Al Ain,"Al Ain, Al Muwaiji",24.199817657470703,55.70344924926758,2026-06-27T16:07:04Z,"Property Features
2 Masters Bedrooms 
3 Bathrooms
Living Hall
Kitchen
Split AC
Laundry Room 
Store Room 
Wardrobes
Ground Floor
Free Parking
Deposit Cash 10000 Cheque
5% Commission

Al Muwaiji offers premium living with all the amenities that you need are adjacent to you. A contemporary and family oriented community which depicts the principle of traditional neighborhood living. Easy access to hos"
pf-al-ain-858,propertyfinder,https://www.propertyfinder.ae/en/plp/rent/apartment-for-rent-al-ain-al-muwaiji-al-ruwaikah-109061859.html,Spacious and Bright |Near To School|Prime location,50000,AED,rent,apartment,3,3,2000,Al Muwaiji,al-ain,Al Ain,"Al Ain, Al Muwaiji",24.199817657470703,55.70344924926758,2026-06-29T16:30:54Z,"Property Features
3 Bedroom
1 Master Br
3 Bathroom
Spacious Living Hall
Kitchen
Wardrobe
3 Payments
Commission 5%
Deposit 5%
Located In Muwaiji

Al Muwaiji offers premium living with all the amenities that you need are adjacent to you. A contemporary and family oriented community which depicts the principle of traditional neighborhood living. Easy access to hospitals, schools, parks, supermarkets "
pf-al-ain-859,propertyfinder,https://www.propertyfinder.ae/en/plp/rent/apartment-for-rent-al-ain-al-jimi-al-mraijeb-106406481.html,Hot Deal Spacious 2BR Flat Close to Dubai Highway,59999,AED,rent,apartment,2,2,1550,Al Jimi,al-ain,Al Ain,"Al Ain, Al Jimi",24.26286506652832,55.731842041015625,2026-06-23T09:51:56Z,"A1 Real Estate is pleased to present this very beautiful 2 bedrooms other features mentioned below,

Property Features:

•	2 Bedrooms
•	1 Living Rooms
•	Kitchen 
•	2 Bathrooms
•	Built-In Wardrobes
•	Split AC
•	Shaded Parking

 

- Security deposit refundable ( AED 2000)
- 5% agency fees ( 3000 AED )
- Yearly Rent : 59999 AED ( 4 cheques)
- Location: Al Jimi



We speak your language, our agents sp"
pf-al-ain-860,propertyfinder,https://www.propertyfinder.ae/en/plp/rent/apartment-for-rent-al-ain-central-district-106407060.html,Hot Deal Spacious 2BR Flat Full Facilities,39999,AED,rent,apartment,2,3,1600,Al Ain,al-ain,Al Ain,Al Ain,24.220319747924805,55.77104949951172,2026-06-23T09:58:28Z,"A1 Real Estate is pleased to present this very beautiful 2 Master bedrooms other features mentioned below,

Property Features:

•	2 Master Bedrooms
•	1 Living Rooms
•	Kitchen 
•	2 Bathrooms
•	Built-In Wardrobes
•	Split AC
•	Shaded Parking

 

- Security deposit refundable ( AED 2000)
- 5% agency fees ( 2000 AED )
- Yearly Rent : 39999 AED ( 4 cheques)
- Location: Central District



We speak your "
pf-al-ain-861,propertyfinder,https://www.propertyfinder.ae/en/plp/rent/apartment-for-rent-al-ain-al-jimi-civic-center-108615032.html,1BHK Brand New | Prime Location | Basement Parking,45000,AED,rent,apartment,1,2,600,Al Jimi,al-ain,Al Ain,"Al Ain, Al Jimi",24.236562728881836,55.73354721069336,2026-06-28T16:58:34Z,"Property Features

1 Master Bedrooms
2 Bathroom
Living Hall
Kitchen
First Floor
Elevator
2250 AED Agency Fee
5000 AED Security Deposit
1000 AED Contract Fee
Basement Parking
Located In Jimi

Al Jimi is located in the Centre of Al Ain, and is a very popular one. One of the most preferred place to call a home, reason being easy access to Al Jimi Mall (the largest mall in Al Ain), Hazza Bin Zayed Sta"
pf-al-ain-862,propertyfinder,https://www.propertyfinder.ae/en/plp/rent/apartment-for-rent-al-ain-central-district-97845711.html,Brand-New || 3 BR Flat || Parking || ‪,65000,AED,rent,apartment,3,3,1850,Al Ain,al-ain,Al Ain,Al Ain,24.220319747924805,55.77104949951172,2026-06-03T20:40:41Z,"A1 Real Estate is pleased to present this very beautiful 3 bedrooms other features mentioned below,

Property Features:

•	3 Bedrooms
•	1 Living Rooms
•	Kitchen 
•	3 Bathrooms
•	Built-In Wardrobes
•	Split AC
•	Shaded Parking

 

- Security deposit refundable ( AED 5000)
- 5% agency fees ( 3250 AED )
- Yearly Rent : 65000 AED ( 4 cheques)
- Location: Town  



We speak your language, our agents spe"
pf-al-ain-863,propertyfinder,https://www.propertyfinder.ae/en/plp/rent/apartment-for-rent-al-ain-central-district-97845702.html,Brand-New || 2 BR Flat || Parking || ‪,50000,AED,rent,apartment,2,2,1450,Al Ain,al-ain,Al Ain,Al Ain,24.220319747924805,55.77104949951172,2026-06-03T20:36:15Z,"A1 Real Estate is pleased to present this very beautiful 2 bedrooms other features mentioned below,

Property Features:

•	2  Bedrooms
•	1 Living Rooms
•	Kitchen 
•	2 Bathrooms
•	Built-In Wardrobes
•	Split AC
•	Shaded Parking

 

- Security deposit refundable ( AED 5000)
- 5% agency fees ( 2500 AED )
- Yearly Rent : 50000 AED ( 4 cheques)
- Location: Town Center



We speak your language, our agen"
pf-al-ain-864,propertyfinder,https://www.propertyfinder.ae/en/plp/rent/apartment-for-rent-al-ain-asharej-bida-bin-ammar-108615040.html,Studio With Tawteeq | Flexile Payments| Basement Parking,25200,AED,rent,apartment,0,1,500,Asharej,al-ain,Al Ain,"Al Ain, Asharej",24.200307846069336,55.6607666015625,2026-06-28T16:58:51Z,"Property Features

Studio
1 Bathroom
Living Hall
Close Kitchen
Wardrobes
Ground Floor
Elevator
1500 AED Agency Fee
2000 AED Security Deposit
Basement Parking
Located In Asharej

Asharej provides a beautiful self-contained and family friendly community that boasts a calm ambience, healthy lifestyle and evokes a much needed sense of serenity amidst the buzz and busy-ness of the city. Easy access to "
pf-al-ain-865,propertyfinder,https://www.propertyfinder.ae/en/plp/rent/apartment-for-rent-al-ain-al-muwaiji-oud-bin-sag-han-118570423.html,Built In Wardrobes | Spacious Bright | Perfect Price,40000,AED,rent,apartment,2,2,900,Al Muwaiji,al-ain,Al Ain,"Al Ain, Al Muwaiji",24.21426773071289,55.69377517700195,2026-07-20T06:32:40Z,"Presenting you a Bright and spacious apartment with built in Wardrobes in Al Muwaiji Al Ain.


Check the vidoe link below:
https://youtu.be/ZOeku5c_z1U?si=lsgkn30mrNcnYr1p


Property Details: 
Master Bedroom2nd BedroomLiving RoomKitchen 2 BathroomsWardrobesShaded ParkingAnnual Rent: AED 40000 (Two cheques)
Security Deposit: AED 4000 (Open dated cheque)
Agency Commission: AED 2100 cash
Admin Charge"
pf-al-ain-866,propertyfinder,https://www.propertyfinder.ae/en/plp/rent/apartment-for-rent-al-ain-al-muwaiji-al-ruwaikah-118579434.html,Spacious | Covered Parking  | Near to School,49999,AED,rent,apartment,3,3,1100,Al Muwaiji,al-ain,Al Ain,"Al Ain, Al Muwaiji",24.199817657470703,55.70344924926758,2026-07-20T09:14:09Z,"Discover refined living in this well-maintained three-bedroom apartment in the sought-after Al Muawiji area. Designed for modern comfort and everyday practicality, this home offers spacious interiors, a welcoming layout, and a calm atmosphere. Ideal for families, couples, or professionals, it delivers a perfect balance of convenience, style, and peaceful living in a prime location.
Check out the V"
pf-al-ain-867,propertyfinder,https://www.propertyfinder.ae/en/plp/rent/apartment-for-rent-al-ain-al-towayya-maadhi-118587289.html,Ground Floor Apartment|Heart Of Towayya|Big garden,110000,AED,rent,apartment,4,4,4600,Al Towayya,al-ain,Al Ain,"Al Ain, Al Towayya",24.240886688232422,55.68259811401367,2026-07-20T10:51:28Z,"We bring to you the sophisticated Residential villa, designed to emulate unmatched luxury. This Villa comes with 4 Suites, an upscale combination of a Majlis and a waiting room, and a Private Lush Green Garden.

Check the video:
https://youtu.be/gZtaM19bSEA

Property details:
4 Master RoomsHall Majlis (8.5 X 6) MLiving Room (6.5 X 5) M Kitchen (5.8 X 5) M Maid's roomBuilt-in Wardrobes Dining room
"
pf-al-ain-868,propertyfinder,https://www.propertyfinder.ae/en/plp/rent/apartment-for-rent-al-ain-al-jimi-al-ameriya-116797293.html,2nd tenant | SPACIOUS AND BRIGHT| BEST LOCATION,48050,AED,rent,apartment,2,2,1200,Al Jimi,al-ain,Al Ain,"Al Ain, Al Jimi",24.253145217895508,55.72870635986328,2026-07-16T05:39:29Z,"A great apartment for rent in Al Jimi Al Ameriya, located in a quiet and family-friendly area. The apartment features two comfortable bedrooms with attached bathrooms, offering privacy and convenience. The kitchen is closed and well-equipped to meet your daily needs. It also includes basement parking, ensuring easy access to your car at any time. The apartment is ideal for small families or indivi"
pf-al-ain-869,propertyfinder,https://www.propertyfinder.ae/en/plp/rent/apartment-for-rent-al-ain-al-jimi-al-ameriya-116363177.html,No Security Deposit | 2nd tenant | Elevator,48250,AED,rent,apartment,2,2,1200,Al Jimi,al-ain,Al Ain,"Al Ain, Al Jimi",24.253145217895508,55.72870635986328,2026-07-15T09:26:23Z,"This charming apartment in Al Jimi, Al Ain, offers spacious living at an unbeatable price of AED 48,000 in 3 cheques. Enjoy a prime location with easy access to all local amenities, making it the perfect home for comfort and convenience. Don't miss this affordable opportunity!
CHECK OUT THE VIDEO OF THIS PROPERTY

Property Details:
2 Bedrooms2 BathroomsElevatorClosed KitchenBasement Parking Rent: "
pf-al-ain-870,propertyfinder,https://www.propertyfinder.ae/en/plp/rent/apartment-for-rent-al-ain-central-district-hai-al-salama-119031662.html,SPACIOUS 3BR  AT THE HEART OF CITY OPEN CITY VIEW,56000,AED,rent,apartment,3,3,1620,Central District,al-ain,Al Ain,"Al Ain, Central District",24.223804473876953,55.767921447753906,2026-07-21T09:24:04Z,"HUMMINGBIRD AL AIN is proud to present this premier property, nestled in the vibrant heart of Al Ain's Town Centre. This prime location offers unmatched convenience, placing you within easy reach of the city's finest shopping malls, dining establishments, luxurious hotels, and serene parks, perfectly blending urban energy with relaxed living.

PROPERTY SPECIFICATION:
3 Bedrooms
3 Bathrooms
Hall
Ki"
pf-al-ain-871,propertyfinder,https://www.propertyfinder.ae/en/plp/rent/apartment-for-rent-al-ain-al-jimi-al-ameriya-118601261.html,BRAND NEW FAMILY HOME EXCELLENT FINISHING JIMI,48000,AED,rent,apartment,2,2,1210,Al Jimi,al-ain,Al Ain,"Al Ain, Al Jimi",24.253145217895508,55.72870635986328,2026-07-20T14:39:59Z,"HUMMINGBIRD ALAIN brings to you this Brand New 2 BHK, located in the heart of the Al-Jimi Area with easy access to the various Ministries Government Authorities and Institutions. Jimi Mall is the main attraction, It is one of the most commercialized locations and it is such a huge area in Al Ain that’s why it has been distributed into three 3 Major districts first is Jimi Khrais, the second is Jim"
pf-al-ain-872,propertyfinder,https://www.propertyfinder.ae/en/plp/rent/apartment-for-rent-al-ain-al-muwaiji-shareat-al-muwaji-118597496.html,FULLY FURNISHED 2BR FAMILY APARTMENT INCLUDING ALL,60000,AED,rent,apartment,2,2,1300,Al Muwaiji,al-ain,Al Ain,"Al Ain, Al Muwaiji",24.21957778930664,55.728721618652344,2026-07-20T13:21:38Z,"HUMMINGBIRD ALAIN brings to you this 2 Bedrooms first Floor Apartment with a Shared Yard within the boundry wall, located in the Al Muwaiji area, an extremely popular area of the city. Qasr Al Muwaiji is the most fascinating place which attracts people to opt for this area for living. Most of the schools, Al Wadi Park and Al Ain Ladies Park are situated in the same area. Moreover, it is the perfec"
pf-al-ain-873,propertyfinder,https://www.propertyfinder.ae/en/plp/rent/apartment-for-rent-al-ain-asharej-al-dafeinah-118586594.html,3BR GROUND FLOOR APARTMENT NEAR TAWAM HOSPITAL,55000,AED,rent,apartment,3,3,1530,Asharej,al-ain,Al Ain,"Al Ain, Asharej",24.208757400512695,55.67601776123047,2026-07-20T10:40:59Z,"HUMMINGBIRD ALAIN brings to you this 3BHK Ground floor apartment  located in the Al Asharej Area with 2 Balconies. The UAE University and Tawam Hospital are nearby. In addition, it is becoming more commercialized, as many restaurants and famous cafeterias are going to be set up which is the main fascination for families. Apart from that, Medeor Hospital, Markhaniya Mall and the Ladies Club are als"
pf-al-ain-874,propertyfinder,https://www.propertyfinder.ae/en/plp/rent/apartment-for-rent-al-ain-al-jimi-al-mraijeb-116832658.html,Ready To Move| Near Oasis School|2Nd Tenant,48000,AED,rent,apartment,2,2,1200,Al Jimi,al-ain,Al Ain,"Al Ain, Al Jimi",24.26286506652832,55.731842041015625,2026-07-16T16:00:26Z,"Property Features 

- 2 Bedroom (1 Master)
- 2 Bathroom 
- Living Hall
- Kitchen 
- First Floor
- Basement Parking 
- 4 Payments 
- Agency Fees 2500
- Located In Jimi

Al Jimi is located in the Centre of Al Ain, and is a very popular one. One of the most preferred place to call a home, reason being easy access to Al Jimi Mall (the largest mall in Al Ain), Hazza Bin Zayed Stadium, Al Ain Dubai high"
pf-al-ain-875,propertyfinder,https://www.propertyfinder.ae/en/plp/rent/apartment-for-rent-al-ain-al-jimi-al-mraijeb-118606835.html,3BED Apartment | Good Finishing| Balconies,80000,AED,rent,apartment,3,3,3000,Al Jimi,al-ain,Al Ain,"Al Ain, Al Jimi",24.26286506652832,55.731842041015625,2026-07-20T20:33:11Z,"Property Features

3 Bedrooms (1 Master)
4 Bathrooms
Big Majlis
Living Hall
Kitchen
Wardrobes
Big Balconies
4000 AED Agency Fee
4000 AED Security Deposit
4 payments 
Covered Parking
Located In Jimi.

Al Jimi is located in the Centre of Al Ain, and is a very popular one. One of the most preferred place to call a home, reason being easy access to Al Jimi Mall (the largest mall in Al Ain), Hazza Bin "
pf-al-ain-876,propertyfinder,https://www.propertyfinder.ae/en/plp/rent/apartment-for-rent-al-ain-falaj-hazzaa-jefeer-jedeed-117700066.html,Separate Entrance 2 Master Bedrooms Front Yard,45000,AED,rent,apartment,2,2,980,Falaj Hazzaa,al-ain,Al Ain,"Al Ain, Falaj Hazzaa",24.180280685424805,55.71889877319336,2026-07-18T08:36:49Z,"HUMMINGBIRD ALAIN brings to you this 2BHK Apartment, located in Al Falaj Hazza a well-liked area in Al Ain which is mostly filled with residential villas and communities. The most fascinating tourist attractions are Alain Wildlife Parks and Al Zoo situated in this region.  Moreover, most of the schools in Al Ain City are located in this area. In addition, there is only a 12 to 15-minute distance f"
pf-al-ain-877,propertyfinder,https://www.propertyfinder.ae/en/plp/rent/apartment-for-rent-al-ain-al-mutarad-hai-al-maahad-115482950.html,Bright and Spacious|Prime Location|Near STMC,40000,AED,rent,apartment,1,2,1000,Al Mutarad,al-ain,Al Ain,"Al Ain, Al Mutarad",24.22681427001953,55.74783706665039,2026-07-13T11:40:13Z,"Property Features 
- 1 Bedroom 
- 2 Bathroom 
- Spacious Majlis
- kitchen 
- Basement Parking 
- 2 Payments 
- Deposit 3000
- Commission 2000
- Located In Mutarad

Al Mutarad is ideally located near to the Town Centre and is a very family friendly community. Home to a variety of mixed use properties from residential apartments and villas, commercial, retails spaces, and located at very close proxi"
pf-al-ain-878,propertyfinder,https://www.propertyfinder.ae/en/plp/rent/apartment-for-rent-al-ain-al-mutarad-117709266.html,Balcony|Near STMC|Prime Location|Ready To Move,45000,AED,rent,apartment,2,3,1200,Al Ain,al-ain,Al Ain,Al Ain,24.21677589416504,55.74394607543945,2026-07-18T11:30:09Z,"Property Features 
- 2 Master Br
- 3 Bathroom 
- Living Hall
- Balcony 
- Wardrobe 
- 4 Payments 
- Deposit 2000
- Commission 5%
- Located In Mutarad

Al Mutarad is ideally located near to the Town Centre and is a very family friendly community. Home to a variety of mixed use properties from residential apartments and villas, commercial, retails spaces, and located at very close proximity to schoo"
pf-al-ain-879,propertyfinder,https://www.propertyfinder.ae/en/plp/rent/apartment-for-rent-al-ain-al-mutarad-al-jizza-115048994.html,Ground Floor|Prime Location|Private Yard&Entrance,70000,AED,rent,apartment,3,4,2500,Al Mutarad,al-ain,Al Ain,"Al Ain, Al Mutarad",24.21894645690918,55.744632720947266,2026-07-12T16:59:27Z,"Property Features
3 Bedroom
4 Bathroom
Majlis
Living Hall
Maid Room
Maid Room
Deposit 5%
Commission 5%
Located In Mutarad

Al Mutarad is ideally located near to the Town Centre and is a very family friendly community. Home to a variety of mixed use properties from residential apartments and villas, commercial, retails spaces, and located at very close proximity to schools promises a unique, modern"
pf-al-ain-880,propertyfinder,https://www.propertyfinder.ae/en/plp/rent/apartment-for-rent-al-ain-al-muwaiji-oud-bin-sag-han-118579819.html,Marvelous  Bright | Nice and Cleaned | Well Maintained,39999,AED,rent,apartment,2,2,1550,Al Muwaiji,al-ain,Al Ain,"Al Ain, Al Muwaiji",24.21426773071289,55.69377517700195,2026-07-20T09:18:32Z,"Presenting to you a very nice and beautiful two-bedroom apartment in Al Muwaiji, Oud Bin Sag-Han, Al Ain. This apartment is on the First floor, which consists of two bedrooms, one of them is a master, a very spacious living room, a nice kitchen, and this property is in Al Muwaiji, Oud Bin Sag-Han, close to the Tawam Hospital.

VISIT THE VIDEO LINK BELOW:
https://youtu.be/gO_2TCp3-Pw

Details Of Th"
pf-al-ain-881,propertyfinder,https://www.propertyfinder.ae/en/plp/rent/apartment-for-rent-al-ain-al-khabisi-al-meryal-117697172.html,studio,20000,AED,rent,apartment,0,1,500,Al Khabisi,al-ain,Al Ain,"Al Ain, Al Khabisi",24.235488891601562,55.69756317138672,2026-07-18T07:39:54Z,"HUMMINGBIRD ALAIN is your gateway to a perfectly connected lifestyle in Al Khabisi. Enjoy unparalleled convenience with Al Jimi Mall, Hazza Bin Zayed Stadium, and Towayya Park just moments away. The area also boasts the Al Ain Convention Centre, leading hospitals, and the 4-star Aloft Al Ain hotel. Experience the ideal blend of comfort and city living.

PROPERTY SPECIFICATION: 
 Furnished Studio
K"
pf-al-ain-882,propertyfinder,https://www.propertyfinder.ae/en/plp/rent/apartment-for-rent-al-ain-al-jaheli-hai-al-qalaa-86177167.html,TAWTHEEQ AVAILABLE  |  TENENCY CONTRACT  |  BRAND NEW,20500,AED,rent,apartment,0,1,500,Al Jaheli,al-ain,Al Ain,"Al Ain, Al Jaheli",24.2166690826416,55.75457763671875,2026-05-07T09:41:09Z,"Discover refined living in this well-maintained studio apartment in the sought-after Al Jahili area. Thoughtfully designed for comfort and smart space utilization, it offers a practical layout with a calm, welcoming atmosphere. Ideal for professionals or couples seeking convenience, privacy, and a peaceful lifestyle, with easy access to nearby amenities, transport links, and key city destinations."
pf-al-ain-883,propertyfinder,https://www.propertyfinder.ae/en/plp/rent/apartment-for-rent-al-ain-al-niyadat-116066144.html,Spacious 3 Bedrooms with a Huge Majlis & Balcony,65000,AED,rent,apartment,3,3,1600,Al Ain,al-ain,Al Ain,Al Ain,24.215423583984375,55.78632736206055,2026-07-15T01:14:03Z,"Hummingbird presents to you this 3 Bedrooms spacious apartment with Huge Balcony. This Property has all the essential features that you require for a comfortable living. It includes three Bedrooms with one Master bedroom and three bathrooms. Additionally, it has easy access to Town Centre and Sarooj Park.

DETAIL OF THE PROPERTY: 

3 Bedrooms with 1 master 
3 Bathrooms
Spacious Living Room with Ba"
pf-al-ain-884,propertyfinder,https://www.propertyfinder.ae/en/plp/rent/apartment-for-rent-al-ain-central-district-hai-al-salama-112315988.html,SPACIOUS 2BR BEATIFUL KITCHEN STUNNING CITY VIEW,40000,AED,rent,apartment,2,2,1150,Central District,al-ain,Al Ain,"Al Ain, Central District",24.223804473876953,55.767921447753906,2026-07-06T16:44:21Z,"HUMMINGBIRD ALAIN brings to you this 1BHK with 2Bath, Balcony and Lift ,  located in the Central District, having the most commercialized spots of Al Ain, such as Makani Al Ain Mall, Five Start Hotel Ayla Grand, Fruits & Vegetable Market, Famous Restaurants, which are the most renowned places in Al Ain. Moreover, community parks here in this area in New Kuwaitat, Sarooj Park, 

DETAILS OF THE PROP"
pf-al-ain-885,propertyfinder,https://www.propertyfinder.ae/en/plp/rent/apartment-for-rent-al-ain-central-district-hai-al-humaira-119039150.html,"1 BEDROOM APARTMENT – AED 35,000 YEARLY | Al Ain",35000,AED,rent,apartment,1,1,900,Central District,al-ain,Al Ain,"Al Ain, Central District",24.226411819458008,55.76096725463867,2026-07-21T11:06:23Z,"1 BEDROOM APARTMENT – AED 35,000 YEARLY | Al Ain City

Key Details:

* Annual Rent: AED 35,000
* Security Deposit: AED 2,000
* Management Fee: AED 2,800

Features & Inclusions:

* Brand-new finished apartment
* Renovated and spotless bathroom
* Dedicated air conditioning
* 24/7 maintenance and support

Location: Al Ain Central District

Viewings by appointment — WhatsApp: +971-50-6249520

About AL"
pf-al-ain-886,propertyfinder,https://www.propertyfinder.ae/en/plp/rent/apartment-for-rent-al-ain-al-khabisi-al-zaafaran-116385660.html,VIP Apartment l Near Hazza Stadium l 4 Payments,66000,AED,rent,apartment,2,2,2000,Al Khabisi,al-ain,Al Ain,"Al Ain, Al Khabisi",24.23813819885254,55.709228515625,2026-07-15T15:43:55Z,"Property Features:

- 2 Bedrooms Inc 1 Master
- Living Room
- Clean Kitchen
- Wardrobes
- 2 Bathrooms
- Basement Parking
- Central AC
- 5% Agency Fee

Call Or WhatsApp Ziad Zayed View Contact Detail

Al Ranain is a promising real estate company that providesreal estate consultation services with the single-minded determination toserve and stand out in the real estate market. Al Ranain Real Estate "
pf-al-ain-887,propertyfinder,https://www.propertyfinder.ae/en/plp/rent/apartment-for-rent-al-ain-al-khabisi-al-zaafaran-116384594.html,"Brand New l Free Water, Electricity l Elevator",48000,AED,rent,apartment,2,2,2000,Al Khabisi,al-ain,Al Ain,"Al Ain, Al Khabisi",24.23813819885254,55.709228515625,2026-07-15T15:10:50Z,"Property Features:

- 2 Bedrooms Inc 1 Master
- Spacious Living Room
- Clean Kitchen
- Wardrobes
- 2 Bathrooms
- Shaded Parking
- Split AC
- Brand New Apartment 
- Free Water & Electricity 
- NO TENANCY CONTRACT 
- 5% Agency Fee

Call Or WhatsApp Ziad Zayed View Contact Detail

Al Ranain is a promising real estate company that providesreal estate consultation services with the single-minded determ"
pf-al-ain-888,propertyfinder,https://www.propertyfinder.ae/en/plp/rent/apartment-for-rent-al-ain-asharej-bida-bin-ammar-102820615.html,Neat N Clean 2 Br | Ready to Move | Covered Parking,40000,AED,rent,apartment,2,2,1200,Asharej,al-ain,Al Ain,"Al Ain, Asharej",24.200307846069336,55.6607666015625,2026-06-15T06:01:31Z,"Property Features

2 Bedrooms 
2 Bathrooms
Living Hall
Kitchen
Covered Parking 
4 Payments.
Split AC
First Floor
2000 Deposit 
5% Commission
Located in Asharej

Asharej provides a beautiful self-contained and family friendly community that boasts a calm ambience, healthy lifestyle and evokes a much needed sense of serenity amidst the buzz and busy-ness of the city. Easy access to Al Ain Dubai & Al"
pf-al-ain-889,propertyfinder,https://www.propertyfinder.ae/en/plp/rent/apartment-for-rent-al-ain-asharej-bida-bin-ammar-113241974.html,Central AC| Ground Floor|Tawtheeq|Near To Hospital,30000,AED,rent,apartment,1,1,900,Asharej,al-ain,Al Ain,"Al Ain, Asharej",24.200307846069336,55.6607666015625,2026-07-08T05:06:00Z,"Property Features
1 Bedroom
1 Bathroom
Living Hall
Ground Floor
Kitchen
Shaded Parking
3 Payments
Commission 1500
Deposit 2000
Located In Asharej

Asharej provides a beautiful self-contained and family friendly community that boasts a calm ambience, healthy lifestyle and evokes a much needed sense of serenity amidst the buzz and busy-ness of the city. Easy access to Al Ain Dubai & Al Ain Abu Dhabi"
pf-al-ain-890,propertyfinder,https://www.propertyfinder.ae/en/plp/rent/apartment-for-rent-al-ain-asharej-shabhanat-asharij-117698757.html,Bright | perfectly priced | Near to Tawam,35000,AED,rent,apartment,2,3,960,Asharej,al-ain,Al Ain,"Al Ain, Asharej",24.1929988861084,55.66535568237305,2026-07-18T08:12:17Z,"Presenting two bedrooms hall with three bathroom Near to tawam hospital, easy access to Al Ain Abu Dhabi Road

Check below Video link:
 https://youtu.be/y48PoTRNqZU

Property Features: 

Hall (Size 5 X 4.5 Meter) 
2 Master Bedrooms 
Kitchen
 Wardrobes 
Ground floor
Shaded Car Parking 
Elevator 24/7 

Rent: AED 35000 (4 payment)
commission fee: AED 2100 inclusive 5% VAT (one time charge)
Security D"
pf-al-ain-891,propertyfinder,https://www.propertyfinder.ae/en/plp/rent/apartment-for-rent-al-ain-al-muwaiji-shareat-al-muwaji-117695143.html,Free utilities | Terrace | Built in Wardrobes,65000,AED,rent,apartment,2,2,1500,Al Muwaiji,al-ain,Al Ain,"Al Ain, Al Muwaiji",24.21957778930664,55.728721618652344,2026-07-18T04:56:49Z,"Discover refined living in this well-maintained 2-bed apartment located in the desirable Al Muwaiji . Offering a balanced mix of comfort, functionality, and modern convenience, it’s ideal for families, couples, or professionals seeking a peaceful, practical, and well-connected lifestyle with easy access to essential amenities for everyday living needs today.
Check out the Video link below:
https:/"
pf-al-ain-892,propertyfinder,https://www.propertyfinder.ae/en/plp/rent/apartment-for-rent-al-ain-al-muwaiji-al-ruwaikah-105547834.html,Swimming pool|| 2 Master BR Flat  || Al Muwaij|| ‪,44999,AED,rent,apartment,2,3,1550,Al Muwaiji,al-ain,Al Ain,"Al Ain, Al Muwaiji",24.199817657470703,55.70344924926758,2026-06-21T14:09:20Z,"A1 Real Estate is pleased to present this very beautiful 2  Master bedrooms other features mentioned below,

Property Features:

•	2 Master  Bedrooms
•	1 Living Rooms
•	Kitchen 
•	3  Bathrooms
•	Built-In Wardrobes
•	Split AC
•	Shaded Parking

 

- Security deposit refundable ( AED 2000)
- 5% agency fees ( 2250 AED )
- Yearly Rent : 45000 AED ( 4 cheques)
- Location: Al Muwaiji 



We speak your la"
pf-al-ain-893,propertyfinder,https://www.propertyfinder.ae/en/plp/rent/apartment-for-rent-al-ain-al-jimi-al-mraijeb-102015789.html,Near Jimi Mall | Ground Floor| Private Entrance,75000,AED,rent,apartment,3,4,3000,Al Jimi,al-ain,Al Ain,"Al Ain, Al Jimi",24.26286506652832,55.731842041015625,2026-06-13T20:24:16Z,"Property Features
3 Bedroom
4 Bathroom
Maid Room
Majlis With Dining
Living Hal
4 Payment
Yard
Tawtheeq Contract
Commission 5%
Deposit 5%
Located In Jimi

Al Jimi is located in the Centre of Al Ain, and is a very popular one. One of the most preferred place to call a home, reason being easy access to Al Jimi Mall (the largest mall in Al Ain), Hazza Bin Zayed Stadium, Al Ain Dubai highway, governmen"
pf-al-ain-894,propertyfinder,https://www.propertyfinder.ae/en/plp/rent/apartment-for-rent-al-ain-al-jimi-al-mraijeb-99951503.html,Neat N Clean| Ready To Move | Modern Design,45000,AED,rent,apartment,1,2,1000,Al Jimi,al-ain,Al Ain,"Al Ain, Al Jimi",24.26286506652832,55.731842041015625,2026-06-08T03:08:26Z,"Property Features
1 Master Bedroom
2 Bathroom
Living Hall
kitchen
Basement Parking
4 Payments
Commission 5%
Deposit 5%
Located In jimi

Al Jimi is located in the Centre of Al Ain, and is a very popular one. One of the most preferred place to call a home, reason being easy access to Al Jimi Mall (the largest mall in Al Ain), Hazza Bin Zayed Stadium, Al Ain Dubai highway, government departments, sup"
pf-al-ain-895,propertyfinder,https://www.propertyfinder.ae/en/plp/rent/apartment-for-rent-al-ain-asharej-bida-bin-ammar-108186447.html,Ground Floor| Tawtheeq contract|Near to University,40000,AED,rent,apartment,2,2,1000,Asharej,al-ain,Al Ain,"Al Ain, Asharej",24.200307846069336,55.6607666015625,2026-06-27T16:07:31Z,"Property Features
2 Bedroom
2 Bathroom
Majlis
Kitchen
Basement Parking
Commission 5%
Deposit 5%
Located In Asharej

Asharej provides a beautiful self-contained and family friendly community that boasts a calm ambience, healthy lifestyle and evokes a much needed sense of serenity amidst the buzz and busy-ness of the city. Easy access to Al Ain Dubai & Al Ain Abu Dhabi highway, hospitals, supermarke"
pf-al-ain-896,propertyfinder,https://www.propertyfinder.ae/en/plp/rent/apartment-for-rent-al-ain-al-maqam-111404745.html,Private Entrance 5BR Apartment | 3 Master Bedrooms,70000,AED,rent,apartment,5,5,3000,Al Ain,al-ain,Al Ain,Al Ain,24.187013626098633,55.62733459472656,2026-07-04T07:30:28Z,"Spacious and well-maintained 5-bedroom apartment with a private entrance available for rent in Al Salamat, conveniently located near ADCOOP.

Property Features:

5 Bedrooms
3 Master Bedrooms
Spacious Living Hall
Kitchen
Balcony
Private Entrance
Free Water & Electricity
Prime Family Location
Easy Access to Schools, Shops & Main Roads

Location: Al Salamat, near ADCOOP
Annual Rent: AED 70,000

A per"
pf-al-ain-897,propertyfinder,https://www.propertyfinder.ae/en/plp/rent/apartment-for-rent-al-ain-al-muwaiji-al-ruwaikah-70690745.html,Well-Planned 3Br | Central Duct | Balcony Elevator,60000,AED,rent,apartment,3,4,1440,Al Muwaiji,al-ain,Al Ain,"Al Ain, Al Muwaiji",24.199817657470703,55.70344924926758,2026-03-31T11:26:09Z,"HUMMINGBIRD ALAIN brings to you this home, located in the Al Muwaiji area, an extremely popular area of the city. Qasr Al Muwaiji is the most fascinating place which attracts people to opt for this area for living. Most of the schools, Al Wadi Park and Al Ain Ladies Park are situated in the same area. Moreover, it is the perfect location to commute to Al Ain Abu Dhabi Road.


PROPERTY SPECIFICATIO"
pf-al-ain-898,propertyfinder,https://www.propertyfinder.ae/en/plp/rent/apartment-for-rent-al-ain-asharej-bida-bin-ammar-105123578.html,Central AC |Near American School| Basement Parking,48000,AED,rent,apartment,2,2,1200,Asharej,al-ain,Al Ain,"Al Ain, Asharej",24.200307846069336,55.6607666015625,2026-06-20T12:18:24Z,"Property Features
2 Bedroom
2 Bathroom
Living Hall
Built In Wardrobe
Commission 5%
Deposit 5%
Located In Asharej

Asharej provides a beautiful self-contained and family friendly community that boasts a calm ambience, healthy lifestyle and evokes a much needed sense of serenity amidst the buzz and busy-ness of the city. Easy access to Al Ain Dubai & Al Ain Abu Dhabi highway, hospitals, supermarkets"
pf-al-ain-899,propertyfinder,https://www.propertyfinder.ae/en/plp/rent/apartment-for-rent-al-ain-al-jimi-al-khrais-108617023.html,Spacious Apartment | Elevator | Basement Parking,50000,AED,rent,apartment,3,2,1800,Al Jimi,al-ain,Al Ain,"Al Ain, Al Jimi",24.24465560913086,55.75209426879883,2026-06-28T19:35:48Z,"Property Features:

- 3 Bedrooms 
- 2 Bathroom's
- ⁠Living Hall - Kitchen
 - First Floor
 - Elevator
 - Split AC
- 3 Payments
- ⁠Basement Parking
- 2000 AED Security Deposit
 - 2500 AED Agency Fee
 - Located In Jimi

Al Jimi is located in the centre of Al Ain, and is a very popular one. One of the most preferred place to call a home, reason being easy access to Al Jimi Mall (the largest mall in Al"
pf-al-ain-900,propertyfinder,https://www.propertyfinder.ae/en/plp/rent/villa-for-rent-al-ain-zakher-gafat-al-nayyar-115908204.html,Brand New | Driver Room|Private Big Yard |Balcony,175000,AED,rent,apartment,6,10,10000,Zakher,al-ain,Al Ain,"Al Ain, Zakher",24.097291946411133,55.64033508300781,2026-07-14T05:01:06Z,"Property Features
Brand New

6 Master Bedrooms
10 Bathrooms
Spacious Majlis
2 Living Halls
Outside Kitchen
Central Duct AC 
Maid's Room
Driver Room 
Laundry Room
Shaded Parking
Automatic Gate
Security Deposit 5% 
Commission 5%

Zakher is located at the outer skirts of Al Ain and is a perfect place to escape the hustle and bustle of the big city. A place recommended for calming minds. Moreover you "
pf-al-ain-901,propertyfinder,https://www.propertyfinder.ae/en/plp/rent/villa-for-rent-al-ain-shi-bat-al-wutah-113740484.html,Including Water Electricity |Ground Floor |Must See,80000,AED,rent,apartment,3,4,3500,Al Ain,al-ain,Al Ain,Al Ain,24.1209774017334,55.723487854003906,2026-07-09T20:23:42Z,"Property Features
Including Water Electricity

3 Bedrooms 
Majlis
Living 
Kitchen 
4 Bathrooms
Maids Room 
Split AC 
Small Yard 
Covered Parking 
Commission 5%
Security Deposit 5%

Call Safdar Jamal on 0582917604 / +97137532998 or visit www.topclosers.ae for further details

Company Profile:
At Top Closers Real Estate, we believe in combining personalized service with cutting edge technology to pr"
pf-al-ain-902,propertyfinder,https://www.propertyfinder.ae/en/plp/rent/villa-for-rent-al-ain-shi-bat-al-wutah-114619004.html,6Br Independent Brand New Classy Finishing Villa,160000,AED,rent,apartment,6,8,5000,Al Ain,al-ain,Al Ain,Al Ain,24.1209774017334,55.723487854003906,2026-07-11T15:50:06Z,"HUMMINGBIRD ALAIN brings to you this 6br, located in the Brand New Area of Al Ain Shieb Al Watha, which is very close to the Ain Al Faida Area and has easy access to the Jabal Hafeet, which is the finest attraction of Al Ain. Near this area, you will find 24 Hours Earth Supermarket, which fulfils your daily grocery needs. From this location, the School area is just 12 minutes away


DETAILS OF THE"
pf-al-ain-903,propertyfinder,https://www.propertyfinder.ae/en/plp/rent/villa-for-rent-al-ain-zakher-ramlat-zakher-115033376.html,OUTSTANDING BRAND NEW 4BHK VILLA WITH DRIVER ROOM,140000,AED,rent,apartment,4,9,10000,Zakher,al-ain,Al Ain,"Al Ain, Zakher",24.165260314941406,55.70014572143555,2026-07-12T06:31:27Z,"HUMMINGBIRD AL AIN offers a prime Al Zakher location. This freshly maintained home is ideal for families, situated just 7 minutes from schools and 15 minutes from Brighton College. Enjoy proximity to Al Ain Zoo, Zakher Park, Lulu, cafeterias, and Al Ain Co-Operative for complete convenience.

PROPERTY SPECIFICATION: 
4 Master Bedrooms
9 Bathrooms 
Majlis
Halls 
Kitchen
 Maids Room
Storeroom
Driver"
pf-al-ain-904,propertyfinder,https://www.propertyfinder.ae/en/plp/rent/villa-for-rent-al-ain-al-towayya-maadhi-93578702.html,GORGEOUS 4BHK VILLA PRIVATE YARD UTILITIES INCLUDE,110000,AED,rent,apartment,4,3,2500,Al Towayya,al-ain,Al Ain,"Al Ain, Al Towayya",24.240886688232422,55.68259811401367,2026-05-24T12:39:54Z,"HUMMINGBIRD ALAIN brings to you this 4BHK Villa, located in Al Towayya, one of the most famous and peaceful districts in Al Ain. The Towayya Park and Hazza Bin Zayed Stadium are very close to the spot, making the place more unique and remarkable. Moreover, there is Al Ain Co-operative Supermarket, Emirates National School, and easy access to Dubai-Al Ain and Abu Dhabi Al Ain Road. This area is ext"
pf-al-ain-905,propertyfinder,https://www.propertyfinder.ae/en/plp/rent/villa-for-rent-al-ain-al-sarooj-115049418.html,5Br Duplex Villa | Private Yard | Prime Location,150000,AED,rent,apartment,5,8,7000,Al Ain,al-ain,Al Ain,Al Ain,24.198583602905273,55.80173873901367,2026-07-12T17:17:42Z,"Proporty Features

Duplex Villa 
5 Bedrooms 
Living Hall 
Majlis With Bathroom 
Maids Room 
Split AC 
Private Yard
Wardrobes 
Laundry Room 
Covered Parking 
RENT: 150000/-
Security Deposit 5%
AGENCY FEE: 5%
Location Sarooj

Sarooj is one of the very most popular community in Al Ain, reason being easy access to Malls, Schools, Al Ain Club, Etisalat, Sanayiah, etc. Very affordable community with mix"
pf-al-ain-906,propertyfinder,https://www.propertyfinder.ae/en/plp/rent/villa-for-rent-al-ain-al-rawdah-al-sharqiyah-117279542.html,Clean Villa | Near to Mosque | Private Big Yard,150000,AED,rent,apartment,6,8,5000,Al Ain,al-ain,Al Ain,Al Ain,24.14512825012207,55.65242385864258,2026-07-17T16:37:46Z,"Property Features
6 Master Bedrooms
Spacious Majlis
2 Living Halls
Beautiful Kitchen
Split AC
Maid's Room
Laundry Room
Shaded Parking
Neat and Clean
Automatic Gate
5% Security Deposit
Commission 5%

Call Safdar Jamal on 0582917604 / +97137532998 or visit www.topclosers.ae for further details

Company Profile:
At Top Closers Real Estate, we believe in combining personalized service with cutting edg"
pf-al-ain-907,propertyfinder,https://www.propertyfinder.ae/en/plp/rent/villa-for-rent-al-ain-falaj-hazzaa-al-mnaizlah-111850810.html,Brand New Triplex Villa In Compound | Including Water n Electricity,115000,AED,rent,apartment,5,8,3500,Falaj Hazzaa,al-ain,Al Ain,"Al Ain, Falaj Hazzaa",24.199405670166016,55.7347526550293,2026-07-05T10:34:28Z,"Property Features:
Brand New Triplex Villa
5 Master Bedrooms 
8 Bathrooms
2 Living Hall
Wardrobes
Includes Water and Electricity 
Split AC
5% Agency Fees
Rent 115k
Covered Parking
Built-in Wardrobes
2 Payments 
Located in Falaj Hazza

Falaj Hazza is located in between Zakher and Industrial area and is a perfect location who wishes to commute to schools, or for business owners based in Sanayiah. Al"
pf-al-ain-908,propertyfinder,https://www.propertyfinder.ae/en/plp/rent/villa-for-rent-al-ain-shi-bat-al-wutah-111850909.html,Brand New | Huge Yard | Prime Location | Must See,180000,AED,rent,apartment,6,10,8000,Al Ain,al-ain,Al Ain,Al Ain,24.1209774017334,55.723487854003906,2026-07-05T10:35:30Z,"Proporty Features

6 Master Bedrooms
Living Hall 
Majlis With Dining 
Laundry Room
Maids Room 
Central Duct AC 
Balcony 
Private Yard
Covered Parking 
RENT: 180000/-
Security Deposit 5%
AGENCY FEE: 5%

Call Safdar Jamal on 0582917604 / +97137532998 or visit www.topclosers.ae for further details

Company Profile:
At Top Closers Real Estate, we believe in combining personalized service with cutting "
pf-al-ain-909,propertyfinder,https://www.propertyfinder.ae/en/plp/rent/villa-for-rent-al-ain-al-towayya-eidan-al-ridda-111850822.html,Compound Villa | Private Yard | Ground Floor,90000,AED,rent,apartment,4,3,3000,Al Towayya,al-ain,Al Ain,"Al Ain, Al Towayya",24.264371871948242,55.698360443115234,2026-07-05T10:34:50Z,"PROPERTY FEATURES

- 4 Bedrooms (2 Br Masters)
- Living Hall 
- Kitchen
- 3 Bathrooms
- Split AC
- Private Yard
- Shaded Parking
- Commission 5%

Al Towayya is a great location for families, also home to Towayya park surrounded by luscious landscape and childrens play area. Avery family friendly community which depicts the principle of traditional neighbourhood living.

Call Safdar Jamal on 058291"
pf-al-ain-910,propertyfinder,https://www.propertyfinder.ae/en/plp/rent/villa-for-rent-al-ain-zakher-ramlat-zakher-107317222.html,Spacious || 4 Master BR Villa || Al Zakhir,89999,AED,rent,apartment,4,5,3000,Zakher,al-ain,Al Ain,"Al Ain, Zakher",24.165260314941406,55.70014572143555,2026-06-25T16:11:36Z,"A1 Real Estate is pleased to present this very beautiful 4 Master bedrooms other features mentioned below,

Property Features:

•	4 Masters Bedrooms
•	Majlis With Dining
•	2 Living Rooms
•	Kitchen 
•	5 Bathrooms
•	Maid's Room
•	Built-In Wardrobes
•	Split AC
•	Balcony
•	Private Yard
•	Shaded Parking

 

- Security deposit refundable ( AED 2000)
- 5% agency fees ( 4500 AED )
- Yearly Rent : 89999 AE"
pf-al-ain-911,propertyfinder,https://www.propertyfinder.ae/en/plp/rent/villa-for-rent-al-ain-al-maqam-97845687.html,Spacious || 4 BR Villa || W/E Including,70000,AED,rent,apartment,4,5,3000,Al Ain,al-ain,Al Ain,Al Ain,24.187013626098633,55.62733459472656,2026-06-03T20:30:26Z,"A1 Real Estate is pleased to present this very beautiful 4 Master bedrooms other features mentioned below,

Property Features:

•	4 Masters Bedrooms
•	Majlis With Dining
•	1 Living Rooms
•	Kitchen 
•	5 Bathrooms
•	Maid's Room
•	Built-In Wardrobes
•	Split AC
•	Balcony
•	Private Yard
•	Shaded Parking

 


- 5% agency fees ( 3500 AED )
- Yearly Rent : 70000 AED ( 1 cheques)
- Location: Al Muqam



We"
pf-al-ain-912,propertyfinder,https://www.propertyfinder.ae/en/plp/rent/villa-for-rent-al-ain-zakher-107321770.html,Brand-new Luxury 5BR Villa | Lift | Driver Room,179999,AED,rent,apartment,5,9,5000,Al Ain,al-ain,Al Ain,Al Ain,24.125274658203125,55.65725326538086,2026-06-25T22:51:21Z,"A1 Real Estate is pleased to present this very beautiful 5 Master bedrooms other features mentioned below,

Property Features:

•	5 Masters Bedrooms
•	Majlis With Dining
•	2 Living Rooms
•	Kitchen 
•	9 Bathrooms
•	Maid's Room
•	Built-In Wardrobes
•	Elevator
•	Brand-new
•	Private Yard
•	2 Shaded Parking
        Driver Room

 

- 5% agency fees ( 9000 AED )
- Yearly Rent : 179999 AED ( 1 cheques)
- "
pf-al-ain-913,propertyfinder,https://www.propertyfinder.ae/en/plp/rent/villa-for-rent-al-ain-al-towayya-jafeer-obaid-117248110.html,Private Villa | Big Yard | Three Floors | Elevator,170200,AED,rent,apartment,6,7,6000,Al Towayya,al-ain,Al Ain,"Al Ain, Al Towayya",24.245738983154297,55.70849609375,2026-07-17T05:35:27Z,"An effortless life that is all about convenience awaits you in this Three Floor All Master Bedrooms Villa that comes along with 7 upscale Bathrooms. The Villa is regarded by an extraordinary floor plan subsuming up to the scale closed kitchens with fitted cabinets, leading to an enormous living area space.

Check out the Video Link below:
https://youtu.be/D2O6s8RCXbA

Property Features:
03 Floor P"
pf-al-ain-914,propertyfinder,https://www.propertyfinder.ae/en/plp/rent/villa-for-rent-al-ain-al-rawdah-al-sharqiyah-al-shuaibah-105980088.html,"Villa for rent, first occupancy alrawda alsharqia",160000,AED,rent,apartment,6,8,12593,Al Rawdah Al Sharqiyah,al-ain,Al Ain,"Al Ain, Al Rawdah Al Sharqiyah",24.15188217163086,55.65162658691406,2026-06-22T12:52:57Z,"For Rent: Brand New Detached Villa  Al Ain, Al Rawda Al Sharqiya
Consisting of:
Ground Floor:
2 Master Bedrooms - Living Room
Majlis with Dining Room - Kitchen - Maid's Room
Upper Floor:
4 Master Bedrooms - Living Room
Notarized Contract
Annual Rent: 160,000
Welcome to BenaaAlmostaqbal property Company.

We are a specialized real estate consultancy company in the UAE, headquartered in Abu Dhabi an"
pf-al-ain-915,propertyfinder,https://www.propertyfinder.ae/en/plp/rent/villa-for-rent-al-ain-al-manaseer-118601334.html,Spacious 3BHK Closets Balconies Nearby Amenities,70000,AED,rent,apartment,3,3,1580,Al Ain,al-ain,Al Ain,Al Ain,24.209903717041016,55.71945571899414,2026-07-20T14:42:22Z,"Hummingbird Real Estate represents this 3BHK First Floor Apartment in Manaseer, Al Co-op is on the walking distance so does other amenities. The Mosque is on the walking distance. 

Property Description:
3 Bedrooms (1 Master)
3 Bathrooms 
Small Hall
Majlis
Dining 
Kitchen 
Store Room 
3 Balconies 
Split AC 
Covered Parking

Rent: 75,000
Deposit: 5%
Agency Fee: 3500

Call Sameer Asif on +971 545860"
pf-al-ain-916,propertyfinder,https://www.propertyfinder.ae/en/plp/rent/villa-for-rent-al-ain-al-bateen-118604914.html,LAVISH 5BHK VILLA PRIVATE GARDEN UTILITIES INCLUDE,130000,AED,rent,apartment,5,5,10000,Al Ain,al-ain,Al Ain,Al Ain,24.208396911621094,55.64183807373047,2026-07-20T17:17:46Z,"HUMMINGBIRD ALAIN brings to you this 5BHK Villa Utilities Included, located in the Bateen Area where you can find many different kinds of activities such as Al Ain Cycling Track and Souq Extra Mall. Moreover, the location is also very close to Liwa International School for Girls, Al Saad Indian School and Al Bateen KG School. In addition, you are very close to finding an ADNOC Petrol Pump with a L"
pf-al-ain-917,propertyfinder,https://www.propertyfinder.ae/en/plp/rent/villa-for-rent-al-ain-al-towayya-al-ragayeb-110987576.html,Ground Floor | 2 Payments | 2 Car Parking,90000,AED,rent,apartment,4,4,3000,Al Towayya,al-ain,Al Ain,"Al Ain, Al Towayya",24.245988845825195,55.69257736206055,2026-07-03T16:01:58Z,"PROPERTY FEATURES:

- 4 Bedrooms (2 Br Masters)
- Living Hall 
- Majlis 
- Kitchen
- 5 Bathrooms
- Split AC
- Wardrobes 
- Shared Yard
- Shaded Parking
- Commission 5%
- Deposit 5% 

Al Towayya is a great location for families, also home to Towayya park surrounded by luscious landscape and childrens play area. Avery family friendly community which depicts the principle of traditional neighbourhood"
pf-al-ain-918,propertyfinder,https://www.propertyfinder.ae/en/plp/rent/villa-for-rent-al-ain-al-sarooj-110088672.html,Luxurious Villa | Private Yard | Driver Room,160000,AED,rent,apartment,5,9,7500,Al Ain,al-ain,Al Ain,Al Ain,24.198583602905273,55.80173873901367,2026-07-01T21:42:28Z,"5 Master Bedrooms
9 Bathrooms
1 Majlis
Dining Room
2 Living Rooms
1 Kitchen Outside
2 Pantry’s
Maid's Room
Driver Room
Central AC
Store
Laundry Room
Front Yard
Covered Parking
5% Agency Fee

Sarooj is one of the very most popular community in Al Ain, reason being easy access to Malls, Schools, Al Ain Club, Etisalat, Sanayiah, etc. Very affordable community with mixed use properties such as standal"
pf-al-ain-919,propertyfinder,https://www.propertyfinder.ae/en/plp/rent/villa-for-rent-al-ain-zakher-al-suwaifi-105123557.html,Private Huge Yard |Outside Kitchen|Near University,120000,AED,rent,apartment,7,10,7000,Zakher,al-ain,Al Ain,"Al Ain, Zakher",24.156978607177734,55.70409393310547,2026-06-20T12:17:57Z,"Property Features
7 Master Br
10 Bathroom
Majlis
Maid room
Outside Kitchen
Laundry Room
Huge Yard
Commission 5%
Located In Zakher

Zakher is located at the outer skirts of Al Ain and is a perfect place to escape the hustle and bustle of the big city. A place recommended for calming minds. Moreover you can take advantage of the various retail restaurants, cafes, fast food outlets, supermarkets, foo"
pf-al-ain-920,propertyfinder,https://www.propertyfinder.ae/en/plp/rent/villa-for-rent-al-ain-ni-mah-neima-2-111842825.html,Brand New 5BHK Independent Villa Massive Frontyard,185000,AED,rent,apartment,5,8,9340,Ni'mah,al-ain,Al Ain,"Al Ain, Ni'mah",24.10811424255371,55.70594024658203,2026-07-05T06:39:34Z,"HUMMINGBIRD ALAIN presents this exceptional property in the coveted Neima Area. Ideally positioned, it offers close proximity to Makani Mall, Brighton College, and major attractions like Jabal Hafeet. Enjoy a convenient lifestyle with Al Ain's finest sights and schools just minutes from your door. Discover your perfect home today.

PROPERTY SPECIFICATION: 
5 Master Bedrooms 
8 Bathrooms 
2 Halls 
"
pf-al-ain-921,propertyfinder,https://www.propertyfinder.ae/en/plp/rent/villa-for-rent-al-ain-al-towayya-wadi-al-shami-117248277.html,Gated Community |Specious |Common SwimmingPool Gym,115000,AED,rent,apartment,4,5,50000,Al Towayya,al-ain,Al Ain,"Al Ain, Al Towayya",24.266271591186523,55.712928771972656,2026-07-17T05:45:48Z,"We present you the state of the art villa located in the compound in Towaya with beautiful greenery around compound with the shared swimming pool and gymnasium, there's a furnished kitchen for every villa and also there's a private backyard for each and every villa, 24 hours watchman available in the compound. 
CHECKOUT THE VIDEO LINK BELOW:
https://youtu.be/ckC7a4WUVZc


Property Details:
Living "
pf-al-ain-922,propertyfinder,https://www.propertyfinder.ae/en/plp/rent/villa-for-rent-al-ain-falaj-hazzaa-116384823.html,Spacious 5Br l Private Yard l Neat and Clean,130000,AED,rent,apartment,5,6,5000,Al Ain,al-ain,Al Ain,Al Ain,24.18983268737793,55.73005676269531,2026-07-15T15:16:52Z,"Property Features:

- 5 Bedrooms Inc 3 Master
- Living Room
- Majlis With Washroom 
- Clean 2 Kitchens 
- Wardrobes
- 6 Bathrooms
- Covered Parking
- Private Back and Front Yard
- Split AC
- 5% Agency Fee

Call Or WhatsApp Ziad Zayed View Contact Detail

Al Ranain is a promising real estate company that providesreal estate consultation services with the single-minded determination toserve and stan"
pf-al-ain-923,propertyfinder,https://www.propertyfinder.ae/en/plp/rent/villa-for-rent-al-ain-falaj-hazzaa-jefeer-jedeed-84903591.html,Near To School| Prime Location | Ready To Move,140000,AED,rent,apartment,5,6,3500,Falaj Hazzaa,al-ain,Al Ain,"Al Ain, Falaj Hazzaa",24.180280685424805,55.71889877319336,2026-05-04T12:51:18Z,"*Property Features:*

5 Bedrooms ( 1 on Ground Floor )
Living Hall
Majlis
Kitchens 
Maids Room
6 Bathrooms
Split AC
Covered Parking
Private Back Yard
5% Agency Fee
Free Water Electricity 
Located in Falaj Hazza

Falaj Hazza is located in between Zakher and Industrial area and is a perfect location who wishes to commute to schools, or for business owners based in Sanayiah. All the amenities you wil"
pf-al-ain-924,propertyfinder,https://www.propertyfinder.ae/en/plp/rent/villa-for-rent-al-ain-asharej-bida-bin-ammar-100866293.html,4 Payments | Pool and Gym | Kids playing Area,120000,AED,rent,apartment,4,6,4000,Asharej,al-ain,Al Ain,"Al Ain, Asharej",24.200307846069336,55.6607666015625,2026-06-10T17:50:08Z,"Property Features

4 Master Bedrooms 
6 Bathroom
Living Hall
Maid Room
kitchen
4 Payment
Pool and Gym 
Balconies 
Kids Playground area 
Commission 5%
Deposit 5%
Located Asharej

Asharej provides a beautiful self-contained and family friendly community that boasts a calm ambience, healthy lifestyle and evokes a much needed sense of serenity amidst the buzz and busy-ness of the city. Easy access to "
pf-al-ain-925,propertyfinder,https://www.propertyfinder.ae/en/plp/rent/villa-for-rent-al-ain-asharej-bida-bin-ammar-100866293.html,4 Payments | Pool and Gym | Kids playing Area,120000,AED,rent,apartment,4,6,4000,Asharej,al-ain,Al Ain,"Al Ain, Asharej",24.200307846069336,55.6607666015625,2026-06-10T17:50:08Z,"Property Features

4 Master Bedrooms 
6 Bathroom
Living Hall
Maid Room
kitchen
4 Payment
Pool and Gym 
Balconies 
Kids Playground area 
Commission 5%
Deposit 5%
Located Asharej

Asharej provides a beautiful self-contained and family friendly community that boasts a calm ambience, healthy lifestyle and evokes a much needed sense of serenity amidst the buzz and busy-ness of the city. Easy access to "
pf-al-ain-926,propertyfinder,https://www.propertyfinder.ae/en/plp/rent/villa-for-rent-al-ain-al-towayya-jafeer-obaid-107306699.html,4BHK Brand New Stand Alone Villa for Rent Towayya,140000,AED,rent,apartment,4,5,0,Al Towayya,al-ain,Al Ain,"Al Ain, Al Towayya",24.245738983154297,55.70849609375,2026-06-25T13:29:54Z,"HUMMINGBIRD ALAIN brings to you this 4 Beds Brand New Villa, located in Al Towayya, one of the most famous and peaceful districts in Al Ain. The Towayya Park and Hazza Bin Zayed Stadium are very close to the spot, making the place more unique and remarkable. Moreover, there is Al Ain Co-operative Supermarket, Emirates National School, and easy access to Dubai-Al Ain and Abu Dhabi Al Ain Road. This"
pf-al-ain-927,propertyfinder,https://www.propertyfinder.ae/en/plp/rent/villa-for-rent-al-ain-falaj-hazzaa-jefeer-jedeed-107317467.html,Spacious || 5 Master BR Villa || Compound|| ‪,139999,AED,rent,apartment,5,7,4500,Falaj Hazzaa,al-ain,Al Ain,"Al Ain, Falaj Hazzaa",24.180280685424805,55.71889877319336,2026-06-25T16:33:31Z,"A1 Real Estate is pleased to present this very beautiful 5 Master bedrooms other features mentioned below,

Property Features:

•	5 Masters Bedrooms
•	Majlis With Dining
•	2 Living Rooms
•	Kitchen 
•	7 Bathrooms
•	Maid's Room
•	Built-In Wardrobes
•	Split AC
•	Balcony
•	Private Yard
•	Shaded Parking

 

- Security deposit refundable ( AED 2000)
- 5% agency fees ( 7000 AED )
- Yearly Rent : 139999 A"
pf-al-ain-928,propertyfinder,https://www.propertyfinder.ae/en/plp/rent/villa-for-rent-al-ain-al-niyadat-105535681.html,Spacious 3BR Duplex Villa | Private Yard |,85000,AED,rent,apartment,3,3,4500,Al Ain,al-ain,Al Ain,Al Ain,24.215423583984375,55.78632736206055,2026-06-21T06:16:29Z,"Experience comfortable family living in this spacious and well-maintained 3-bedroom duplex villa located in the prime Central District, just minutes away from Al Ain Mall.

Property Features:
3 Spacious Bedrooms
Central Air Conditioning
Duplex Villa
Large Living Room (Ground Floor)
Family Living Room (First Floor)
Maid's Room
3 Bathrooms
3 Balconies
Private Outdoor Yard
4 Covered Parking Spaces
Fa"
pf-al-ain-929,propertyfinder,https://www.propertyfinder.ae/en/plp/rent/villa-for-rent-al-ain-al-rawdah-al-sharqiyah-al-shuaibah-104264489.html,Brand New 6 Bedrooms Independent Villa in Shuaiba,160000,AED,rent,apartment,6,8,4500,Al Rawdah Al Sharqiyah,al-ain,Al Ain,"Al Ain, Al Rawdah Al Sharqiyah",24.15188217163086,55.65162658691406,2026-06-18T14:45:22Z,"HUMMINGBIRD ALAIN brings to you this Brand New 6 Bedrooms Villa, located in the Rawdha Al Sharqiyah area, which is purely the residential area where also exists Al Ain Cooperative and Grand Mart for your daily basic necessities. This area is also close to the Tawam Hospital and the Al Ain Shooting Club is right in front of this area. The School area is about to drive 10 to 12 minutes away. Moreove"
pf-al-ain-930,propertyfinder,https://www.propertyfinder.ae/en/plp/rent/villa-for-rent-al-ain-al-towayya-jafeer-obaid-95697556.html,Gigantic 6BHK Duplex Balcony Wardrobes Huge Yard,200000,AED,rent,apartment,6,9,10960,Al Towayya,al-ain,Al Ain,"Al Ain, Al Towayya",24.245738983154297,55.70849609375,2026-05-29T06:36:18Z,"Hummingbird Real Estate Management presents this 6-bedroom (Separate Entrance Ground Floor Apartment with a Private Yard) Located in Al Towayya, one of the most famous and peaceful districts in Al Ain. Towayya Park and Hazza Bin Zayed Stadium are very close to the spot.

PROPERTY SPECIFICATION:

6 Master Bedrooms 
9 Bathrooms
Majlis
2 Halls
Kitchen
Maid's Room
Laundry Room
Iron Room
Wardrobes
Spli"
pf-al-ain-931,propertyfinder,https://www.propertyfinder.ae/en/plp/rent/villa-for-rent-al-ain-ni-mah-110541137.html,Brand-New Modern 8-Bedroom Master Villa for Rent,155000,AED,rent,apartment,8,8,4500,Al Ain,al-ain,Al Ain,Al Ain,24.112180709838867,55.70719528198242,2026-07-02T20:33:34Z,"Experience luxury living in this brand-new, spacious modern villa, ideally located near major landmarks and offering premium family living at an exceptional value.

Property Features:

8 Spacious Master Bedrooms
11 Modern Bathrooms
2 Large Living Halls
2 Majlis
2 Kitchens (Indoor & Outdoor)
Maid's Room
Laundry Room
Store Room
Balconies
Covered/Shaded Parking
Central Air Conditioning
High-Quality M"
pf-al-ain-932,propertyfinder,https://www.propertyfinder.ae/en/plp/rent/villa-for-rent-al-ain-ni-mah-110540055.html,Luxury 5 Master BR Villa | Private Elevator,190000,AED,rent,apartment,5,6,6000,Al Ain,al-ain,Al Ain,Al Ain,24.112180709838867,55.70719528198242,2026-07-02T19:39:50Z,"Experience comfortable family living in this spacious independent villa, ideally located in a prime residential area, offering privacy, generous indoor and outdoor spaces, and easy access to key destinations.

This well-designed villa features:

5 Spacious Master Bedrooms
Large Family Hall
Separate Majlis
Inside Kitchen
Pantry Kitchen
Study Room
Laundry Room
Maid’s Room
Big Private Yard
Garden Are"
pf-al-ain-933,propertyfinder,https://www.propertyfinder.ae/en/plp/rent/villa-for-rent-al-ain-ni-mah-106403380.html,Brand New Ground Floor Villa for Rent in Al Ain,70000,AED,rent,apartment,3,2,4500,Al Ain,al-ain,Al Ain,Al Ain,24.112180709838867,55.70719528198242,2026-06-23T09:19:34Z,"Experience comfortable and convenient living in this brand-new ground floor villa, ideally located near Bright College in Al Ain. Perfect for families seeking a peaceful and accessible neighborhood.

Property Features:
2 Spacious Bedrooms
Bright & Comfortable Living Hall
2 Modern Bathrooms
Closed Kitchen
Ground Floor Villa
2 Covered/Shaded Parking Spaces
Free Water & Electricity
Well-Maintained an"
pf-al-ain-934,propertyfinder,https://www.propertyfinder.ae/en/plp/rent/villa-for-rent-al-ain-shi-bat-al-wutah-99958018.html,Brand New | Huge Private Yard | 6 Master Bedrooms,160000,AED,rent,apartment,6,8,8000,Al Ain,al-ain,Al Ain,Al Ain,24.1209774017334,55.723487854003906,2026-06-08T08:04:19Z,"Property Features

6 Master Bedrooms (2 on Ground Floor + 4 Upstairs)
Huge Living Hall
Spacious Majlis
Separate Dining Room
Maid’s Room
Laundry Area
Large Outdoor Kitchen
Store Room
Additional Upstairs Family Hall
Upstairs Terrace
Built-in Wardrobes
8 Bathrooms
Private Entrance
Huge Yard
5% Commission
5% Security Deposit
Located In Shi’bat Al Wutah"
pf-al-ain-935,propertyfinder,https://www.propertyfinder.ae/en/plp/rent/villa-for-rent-al-ain-asharej-100827931.html,"A Home w/ Private Garden & Gate | Asharij, Al Ain",90000,AED,rent,apartment,3,3,2690,Al Ain,al-ain,Al Ain,Al Ain,24.20091438293457,55.669952392578125,2026-06-10T08:03:04Z,"Colliers International, a global leader in diversified professional services and investment management, is pleased to present this spacious 3-bedroom villa in Asharij, Bida Bin Ammar, Al Ain. Designed to accommodate modern family living, this two floors residence offers generous interiors, practical living spaces, and a private outdoor setting. Located within a well-established residential communi"
pf-al-ain-936,propertyfinder,https://www.propertyfinder.ae/en/plp/buy/villa-for-sale-al-ain-al-faqa-a-arabian-hills-estate-108168370.html,Freehold | Ready Villa | Huge Plot,1761189,AED,sale,apartment,3,4,13046,Al Faqa'a,al-ain,Al Ain,"Al Ain, Al Faqa'a",24.67041778564453,55.66171646118164,2026-06-27T07:24:50Z,"Discover the perfect blend of space, comfort, and luxury in this stunning ready-to-move-in 4-bedroom villa located in the highly sought-after Arabian Hills community.

Set on a generously sized plot, this villa offers exceptional indoor and outdoor living spaces, making it ideal for families seeking privacy and a premium lifestyle. The property features a spacious Majlis, elegant living and dining"
pf-al-ain-937,propertyfinder,https://www.propertyfinder.ae/en/plp/buy/villa-for-sale-al-ain-al-faqa-a-arabian-hills-estate-107732040.html,Freehold | Ready | Huge Plot | Prime Investment,1755000,AED,sale,apartment,3,4,14510,Al Faqa'a,al-ain,Al Ain,"Al Ain, Al Faqa'a",24.67041778564453,55.66171646118164,2026-06-26T08:28:40Z,"Discover the perfect blend of space, comfort, and luxury in this stunning ready-to-move-in 3 bedroom villa located in the highly sought-after Arabian Hills community.

Set on a generously sized plot, this villa offers exceptional indoor and outdoor living spaces, making it ideal for families seeking privacy and a premium lifestyle. The property features a spacious Majlis, elegant living and dining"
pf-al-ain-938,propertyfinder,https://www.propertyfinder.ae/en/plp/buy/villa-for-sale-al-ain-al-markhaniya-118145707.html,√Stand Alone Villa | 952 Sqm Plot | 5BR+Driver Rm√,3799990,AED,sale,apartment,5,6,10245,Al Ain,al-ain,Al Ain,Al Ain,24.212997436523438,55.660438537597656,2026-07-19T12:12:05Z,"√Stand Alone Villa | 952 Sqm Plot | 5BR+Driver Rm√

Al Ain, often referred to as ""the spring"" in Arabic, is a verdant oasis city situated approximately 160 kilometers to the east of the capital, Abu Dhabi. Its name stems from its historically abundant fresh water sources, which flow underground across much of the expansive plain that stretches towards the Omani mountains (refer to the Al Ain map)."
pf-al-ain-939,propertyfinder,https://www.propertyfinder.ae/en/plp/buy/villa-for-sale-al-ain-al-tawiya-115482857.html,villa for sale in Al Ain - Al Tawiya,4000000,AED,sale,apartment,8,11,106800,Al Ain,al-ain,Al Ain,Al Ain,24.25412368774414,55.69672775268555,2026-07-13T11:40:12Z,"Two-story residential villa for sale in Al Ain - Al Tawiya. Area: 100 x 120 meters. The villa consists of: Ground floor: Men's majlis, women's majlis, 2 master bedrooms, and a living room. Upper floor: 6 master bedrooms, a living room, and a kitchenette. Additional features include an outdoor kitchen, a storage room, and a maid's room. Asking price: AED 4,000,000
Welcome to Benaa almostaqbal prope"
pf-al-ain-940,propertyfinder,https://www.propertyfinder.ae/en/plp/buy/villa-for-sale-al-ain-al-rawdah-al-sharqiyah-al-shuaibah-85741592.html,Villa for sale in Al Ain Al Shaiba,5500000,AED,sale,apartment,5,11,40000,Al Rawdah Al Sharqiyah,al-ain,Al Ain,"Al Ain, Al Rawdah Al Sharqiyah",24.15188217163086,55.65162658691406,2026-05-06T09:03:00Z,"Two-story villa for sale
Location: Al Ain, Al Shaiba, Al Rawda Al Sharqiya
The ground floor consists of 1 master bedroom, 3 living rooms, a kitchenette, and a maid's room.

The first floor comprises 4 bedrooms and a living room. It also includes an external kitchen, a laundry room, a storage room, and a guard's room. There is an external majlis (men's sitting room) with a dining area and a spaciou"
pf-al-ain-941,propertyfinder,https://www.propertyfinder.ae/en/plp/buy/villa-for-sale-al-ain-al-masoodi-113269827.html,Elegant 6BR Villa | Spacious Layout | Al Masoudi,6500000,AED,sale,apartment,6,6,21764,Al Ain,al-ain,Al Ain,Al Ain,24.28285789489746,55.74074172973633,2026-07-08T12:16:34Z,"Spacious Government Villa | 6+1+1 | Large Plot | Al Masoudi – Al Gaseemah, Al Ain

Discover this spacious 6+1+1 government villa located in the peaceful and well-established community of Al Masoudi – Al Gaseemah, Al Ain. Set on a generous 2,022 sqm (21,764 sq.ft.) plot, this property offers exceptional space, privacy, and comfort, making it an ideal home for large families.

The villa features 6 s"
pf-al-ain-942,propertyfinder,https://www.propertyfinder.ae/en/plp/buy/villa-for-sale-al-ain-al-faqa-a-arabian-hills-estate-108171013.html,Freehold Villa | Huge Plot | Prime Investment,3085956,AED,sale,apartment,4,5,28835,Al Faqa'a,al-ain,Al Ain,"Al Ain, Al Faqa'a",24.67041778564453,55.66171646118164,2026-06-27T08:40:38Z,"Discover the perfect blend of space, comfort, and luxury in this stunning 4-bedroom villa in the highly sought-after Arabian Hills community.

Situated on a spacious plot, this villa offers elegant living spaces, a traditional Majlis, modern kitchen, private garden, and covered parking—ideal for family living, a holiday home, or a smart investment.

Property Features:
4 Spacious Bedrooms
Tradition"
pf-al-ain-943,propertyfinder,https://www.propertyfinder.ae/en/plp/buy/villa-for-sale-al-ain-al-faqa-a-arabian-hills-estate-108169633.html,Freehold | Ready | Huge Plot | Prime Investment,3983988,AED,sale,apartment,4,5,37943,Al Faqa'a,al-ain,Al Ain,"Al Ain, Al Faqa'a",24.67041778564453,55.66171646118164,2026-06-27T08:05:08Z,"Discover the perfect blend of space, comfort, and luxury in this stunning 4-bedroom villa in the highly sought-after Arabian Hills community.

Situated on a spacious plot, this villa offers elegant living spaces, a traditional Majlis, modern kitchen, private garden, and covered parking—ideal for family living, a holiday home, or a smart investment.

Property Features:
4 Spacious Bedrooms
Tradition"
pf-al-ain-944,propertyfinder,https://www.propertyfinder.ae/en/plp/buy/villa-for-sale-al-ain-zakher-100823870.html,Divided villa| Good income| Good location| 100*200,3600000,AED,sale,apartment,6,8,19364,Al Ain,al-ain,Al Ain,Al Ain,24.125274658203125,55.65725326538086,2026-06-10T06:13:52Z,"Villa for Sale in Zakher Area – Quraih
– Two floors
– 5 Master Bedrooms
– Majlis (Guest Hall)
– Dining Room
– Living Room
– Main Kitchen

**External extention:**
– Master Bedroom
– Kitchen
– Maid’s Room
– Storage Room
– Driver’s Room

-Property Age: 15 years
-Price: AED 3,600,000

ABOUT ZAKHER, AL AIN
Zakhir, also known as Zakher is a villa community in Al Ain. The area is categorised into two sub"
